symbol,event_time_ms,producer_recv_ms,kafka_ts_ms,consumer_recv_ms,ch_inserted_ms,scylla_wt_ms,ws_to_producer_ms,producer_to_kafka_ms,kafka_to_consumer_ms,kafka_to_ch_inserted_ms,kafka_to_scylla_write_ms,e2e_ch_from_event_ms,e2e_ch_from_producer_ms,e2e_scylla_from_event_ms,e2e_scylla_from_producer_ms
ABT,1778525017000,1778525018679,1778525018680,1779437330196,1778525026801,1778525020337.066,1679,1,912311516,8121,1657.066,9801,8122,3337.066,1658.066
ABT,1778525019000,1778525021375,1778525021375,1779437330196,1778525026801,1778525024543.908,2375,0,912308821,5426,3168.908,7801,5426,5543.908,3168.908
ABT,1778525023000,1778525025211,1778525025211,1779437330197,1778525026801,1778525025345.031,2211,0,912304986,1590,134.031,3801,1590,2345.031,134.031
ABT,1778525025000,1778525026278,1778525026278,1779437330197,1778525039270,1778525028447.703,1278,0,912303919,12992,2169.703,14270,12992,3447.703,2169.703
ABT,1778525028000,1778525029142,1778525029142,1779437330198,1778525039270,1778525031251.064,1142,0,912301056,10128,2109.064,11270,10128,3251.064,2109.064
ABT,1778525030000,1778525032156,1778525032156,1779437330199,1778525039270,1778525035255.159,2156,0,912298043,7114,3099.159,9270,7114,5255.159,3099.159
ABT,1778525034000,1778525036195,1778525036195,1779437330200,1778525039270,1778525036256.08,2195,0,912294005,3075,61.08,5270,3075,2256.08,61.08
ABT,1778525036000,1778525038150,1778525038150,1779437330200,1778525039270,1778525038257.605,2150,0,912292050,1120,107.605,3270,1120,2257.605,107.605
ABT,1778525038000,1778525039184,1778525039184,1779437330201,1778525051282,1778525044364.903,1184,0,912291017,12098,5180.903,13282,12098,6364.903,5180.903
ABT,1778525043000,1778525045184,1778525045184,1779437330202,1778525051282,1778525045265.768,2184,0,912285018,6098,81.768,8282,6098,2265.768,81.768
ABT,1778525044000,1778525046461,1778525046461,1779437330202,1778525064296,1778525053373.111,2461,0,912283741,17835,6912.111,20296,17835,9373.111,6912.111
ABT,1778525053000,1778525054190,1778525054190,1779437330203,1778525064296,1778525054274.538,1190,0,912276013,10106,84.538,11296,10106,1274.538,84.538
ABT,1778525055000,1778525056237,1778525056238,1779437330203,1778525064296,1778525060280.402,1237,1,912273965,8058,4042.402,9296,8059,5280.402,4043.402
ABT,1778525060000,1778525061268,1778525061268,1779437330205,1778525064296,1778525061381.537,1268,0,912268937,3028,113.537,4296,3028,1381.537,113.537
ABT,1778525061000,1778525062204,1778525062204,1779437330205,1778525064296,1778525062282.713,1204,0,912268001,2092,78.713,3296,2092,1282.713,78.713
ABT,1778525062000,1778525063256,1778525063257,1779437330205,1778525077609,1778525065385.837,1256,1,912266948,14352,2128.837,15609,14353,3385.837,2129.837
ABT,1778525064000,1778525066154,1778525066154,1779437330206,1778525077808,1778525071391.883,2154,0,912264052,11654,5237.883,13808,11654,7391.883,5237.883
ABT,1778525071000,1778525073249,1778525073250,1779437330209,1778525077808,1778525074294.149,2249,1,912256959,4558,1044.149,6808,4559,3294.149,1045.149
ABT,1778525074000,1778525075456,1778525075456,1779437330209,1778525077609,1778525075595.4,1456,0,912254753,2153,139.4,3609,2153,1595.4,139.4
ABT,1778525075000,1778525077244,1778525077244,1779437330209,1778525090322,1778525078499.235,2244,0,912252965,13078,1255.235,15322,13078,3499.235,1255.235
ABT,1778525078000,1778525079238,1778525079238,1779437330210,1778525090322,1778525080501.174,1238,0,912250972,11084,1263.174,12322,11084,2501.174,1263.174
ABT,1778525080000,1778525081236,1778525081236,1779437330210,1778525090322,1778525083305.122,1236,0,912248974,9086,2069.122,10322,9086,3305.122,2069.122
ABT,1778525082000,1778525084438,1778525084439,1779437330210,1778525090322,1778525085505.856,2438,1,912245771,5883,1066.856,8322,5884,3505.856,1067.856
ABT,1778525085000,1778525086305,1778525086305,1779437330210,1778525090322,1778525090310.823,1305,0,912243905,4017,4005.823,5322,4017,5310.823,4005.823
ABT,1778525090000,1778525091390,1778525091390,1779437330211,1778525103034,1778525092412.604,1390,0,912238821,11644,1022.604,13034,11644,2412.604,1022.604
ABT,1778525093000,1778525094175,1778525094175,1779437330212,1778525103034,1778525099319.444,1175,0,912236037,8859,5144.444,10034,8859,6319.444,5144.444
ABT,1778525098000,1778525100397,1778525100397,1779437330213,1778525103034,1778525100521.043,2397,0,912229816,2637,124.043,5034,2637,2521.043,124.043
ABT,1778525100000,1778525101245,1778525101246,1779437330213,1778525103034,1778525101308.431,1245,1,912228967,1788,62.431,3034,1789,1308.431,63.431
ABT,1778525101000,1778525102448,1778525102448,1779437330213,1778525115856,1778525105526.326,1448,0,912227765,13408,3078.326,14856,13408,4526.326,3078.326
ABT,1778525105000,1778525106269,1778525106269,1779437330214,1778525115856,1778525115300.454,1269,0,912223945,9587,9031.454,10856,9587,10300.454,9031.454
ABT,1778525115000,1778525116299,1778525116299,1779437330216,1778525127893,1778525123544.261,1299,0,912213917,11594,7245.261,12893,11594,8544.261,7245.261
ABT,1778525123000,1778525124230,1778525124230,1779437330218,1778525127893,1778525126346.918,1230,0,912205988,3663,2116.918,4893,3663,3346.918,2116.918
ABT,1778525126000,1778525127227,1778525127228,1779437330218,1778525140875,1778525129350.175,1227,1,912202990,13647,2122.175,14875,13648,3350.175,2123.175
ABT,1778525129000,1778525130181,1778525130181,1779437330219,1778525140875,1778525130251.128,1181,0,912200038,10694,70.128,11875,10694,1251.128,70.128
ABT,1778525130000,1778525131361,1778525131361,1779437330219,1778525140875,1778525133398.64,1361,0,912198858,9514,2037.64,10875,9514,3398.64,2037.64
ABT,1778525132000,1778525134437,1778525134437,1779437330219,1778525140875,1778525135356.781,2437,0,912195782,6438,919.781,8875,6438,3356.781,919.781
ABT,1778525136000,1778525137239,1778525137239,1779437330220,1778525153889,1778525142363.863,1239,0,912192981,16650,5124.863,17889,16650,6363.863,5124.863
ABT,1778525142000,1778525143257,1778525143257,1779437330221,1778525153887,1778525143464.306,1257,0,912186964,10630,207.306,11887,10630,1464.306,207.306
ABT,1778525143000,1778525144241,1778525144241,1779437330221,1778525153889,1778525148469.854,1241,0,912185980,9648,4228.854,10889,9648,5469.854,4228.854
ABT,1778525147000,1778525149235,1778525149235,1779437330223,1778525153889,1778525151472.51,2235,0,912180988,4654,2237.51,6889,4654,4472.51,2237.51
ABT,1778525150000,1778525152450,1778525152450,1779437330224,1778525153889,1778525152573.867,2450,0,912177774,1439,123.867,3889,1439,2573.867,123.867
ABT,1778525151000,1778525153464,1778525153464,1779437330224,1778525153889,1778525153574.803,2464,0,912176760,425,110.803,2889,425,2574.803,110.803
ABT,1778525153000,1778525154288,1778525154288,1779437330225,1778525166400,1778525155476.887,1288,0,912175937,12112,1188.887,13400,12112,2476.887,1188.887
ABT,1778525154000,1778525156383,1778525156383,1779437330226,1778525166399,1778525156481.757,2383,0,912173843,10016,98.757,12399,10016,2481.757,98.757
ABT,1778525155000,1778525157261,1778525157261,1779437330226,1778525166400,1778525157582.16,2261,0,912172965,9139,321.16,11400,9139,2582.16,321.16
ABT,1778525156000,1778525158303,1778525158304,1779437330226,1778525166399,1778525158583.204,2303,1,912171922,8095,279.204,10399,8096,2583.204,280.204
ABT,1778525159000,1778525160252,1778525160252,1779437330226,1778525166400,1778525161786.372,1252,0,912169974,6148,1534.372,7400,6148,2786.372,1534.372
ABT,1778525161000,1778525162280,1778525162280,1779437330226,1778525166400,1778525164351.128,1280,0,912167946,4120,2071.128,5400,4120,3351.128,2071.128
ABT,1778525163000,1778525165283,1778525165283,1779437330226,1778525166400,1778525166391.967,2283,0,912164943,1117,1108.967,3400,1117,3391.967,1108.967
ABT,1778525166000,1778525167300,1778525167300,1779437330227,1778525179370,1778525167392.959,1300,0,912162927,12070,92.959,13370,12070,1392.959,92.959
ABT,1778525167000,1778525169269,1778525169269,1779437330227,1778525179370,1778525176501.778,2269,0,912160958,10101,7232.778,12370,10101,9501.778,7232.778
ABT,1778525176000,1778525177200,1778525177200,1779437330228,1778525192224,1778525185411.194,1200,0,912153028,15024,8211.194,16224,15024,9411.194,8211.194
ABT,1778525185000,1778525187359,1778525187359,1779437330229,1778525192224,1778525188314.192,2359,0,912142870,4865,955.192,7224,4865,3314.192,955.192
ABT,1778525188000,1778525189492,1778525189492,1779437330230,1778525206037,1778525193319.215,1492,0,912140738,16545,3827.215,18037,16545,5319.215,3827.215
ABT,1778525193000,1778525194316,1778525194316,1779437330230,1778525206037,1778525195421.915,1316,0,912135914,11721,1105.915,13037,11721,2421.915,1105.915
ABT,1778525194000,1778525196285,1778525196285,1779437330231,1778525206037,1778525196422.455,2285,0,912133946,9752,137.455,12037,9752,2422.455,137.455
ABT,1778525196000,1778525197222,1778525197222,1779437330231,1778525206037,1778525197323.485,1222,0,912133009,8815,101.485,10037,8815,1323.485,101.485
ABT,1778525197000,1778525198247,1778525198248,1779437330231,1778525206037,1778525198323.98,1247,1,912131983,7789,75.98,9037,7790,1323.98,76.98
ABT,1778525198000,1778525199241,1778525199241,1779437330231,1778525206037,1778525200525.968,1241,0,912130990,6796,1284.968,8037,6796,2525.968,1284.968
ABT,1778525199000,1778525201268,1778525201268,1779437330231,1778525206037,1778525201426.773,2268,0,912128963,4769,158.773,7037,4769,2426.773,158.773
ABT,1778525200000,1778525202317,1778525202317,1779437330231,1778525206037,1778525202427.903,2317,0,912127914,3720,110.903,6037,3720,2427.903,110.903
ABT,1778525201000,1778525203262,1778525203262,1779437330231,1778525206037,1778525203329.482,2262,0,912126969,2775,67.482,5037,2775,2329.482,67.482
ABT,1778525203000,1778525204353,1778525204353,1779437330231,1778525206037,1778525204630.022,1353,0,912125878,1684,277.022,3037,1684,1630.022,277.022
ABT,1778525204000,1778525206286,1778525206286,1779437330232,1778525219351,1778525208634.202,2286,0,912123946,13065,2348.202,15351,13065,4634.202,2348.202
ABT,1778525207000,1778525209252,1778525209253,1779437330232,1778525219351,1778525213339.238,2252,1,912120979,10098,4086.238,12351,10099,6339.238,4087.238
ABT,1778525213000,1778525214413,1778525214413,1779437330232,1778525219351,1778525215341.196,1413,0,912115819,4938,928.196,6351,4938,2341.196,928.196
ABT,1778525215000,1778525216255,1778525216255,1779437330232,1778525232416,1778525219445.03,1255,0,912113977,16161,3190.03,17416,16161,4445.03,3190.03
ABT,1778525220000,1778525221312,1778525221312,1779437330233,1778525232416,1778525226552.679,1312,0,912108921,11104,5240.679,12416,11104,6552.679,5240.679
ABT,1778525225000,1778525227334,1778525227334,1779437330233,1778525245077,1778525233359.912,2334,0,912102899,17743,6025.912,20077,17743,8359.912,6025.912
ABT,1778525235000,1778525236389,1778525236389,1779437330234,1778525245078,1778525239365.988,1389,0,912093845,8689,2976.988,10078,8689,4365.988,2976.988
ABT,1778525238000,1778525240268,1778525240268,1779437330234,1778525257437,1778525245471.038,2268,0,912089966,17169,5203.038,19437,17169,7471.038,5203.038
ABT,1778525245000,1778525246590,1778525246590,1779437330235,1778525257437,1778525249475.472,1590,0,912083645,10847,2885.472,12437,10847,4475.472,2885.472
ABT,1778525248000,1778525250255,1778525250255,1779437330235,1778525257437,1778525251677.669,2255,0,912079980,7182,1422.669,9437,7182,3677.669,1422.669
ABT,1778525251000,1778525252233,1778525252233,1779437330236,1778525257437,1778525255581.735,1233,0,912078003,5204,3348.735,6437,5204,4581.735,3348.735
ABT,1778525255000,1778525256291,1778525256291,1779437330236,1778525257437,1778525257383.709,1291,0,912073945,1146,1092.709,2437,1146,2383.709,1092.709
ABT,1778525256000,1778525258224,1778525258224,1779437330236,1778525270000,1778525259486.299,2224,0,912072012,11776,1262.299,14000,11776,3486.299,1262.299
ABT,1778525259000,1778525260254,1778525260254,1779437330237,1778525270000,1778525261588.115,1254,0,912069983,9746,1334.115,11000,9746,2588.115,1334.115
ABT,1778525261000,1778525262315,1778525262315,1779437330237,1778525270000,1778525264391.417,1315,0,912067922,7685,2076.417,9000,7685,3391.417,2076.417
ABT,1778525264000,1778525265248,1778525265248,1779437330237,1778525270000,1778525266492.973,1248,0,912064989,4752,1244.973,6000,4752,2492.973,1244.973
ABT,1778525267000,1778525268314,1778525268314,1779437330237,1778525283113,1778525270396.783,1314,0,912061923,14799,2082.783,16113,14799,3396.783,2082.783
ABT,1778525270000,1778525271308,1778525271309,1779437330238,1778525283113,1778525271498.225,1308,1,912058929,11804,189.225,13113,11805,1498.225,190.225
ABT,1778525271000,1778525272276,1778525272277,1779437330238,1778525283113,1778525273299.415,1276,1,912057961,10836,1022.415,12113,10837,2299.415,1023.415
ABT,1778525273000,1778525274359,1778525274359,1779437330238,1778525283113,1778525274501.028,1359,0,912055879,8754,142.028,10113,8754,1501.028,142.028
ABT,1778525274000,1778525275294,1778525275294,1779437330238,1778525283113,1778525278404.578,1294,0,912054944,7819,3110.578,9113,7819,4404.578,3110.578
ABT,1778525278000,1778525279235,1778525279235,1779437330238,1778525283113,1778525280706.855,1235,0,912051003,3878,1471.855,5113,3878,2706.855,1471.855
ABT,1778525279000,1778525281379,1778525281379,1779437330239,1778525283113,1778525281507.878,2379,0,912048860,1734,128.878,4113,1734,2507.878,128.878
ABT,1778525281000,1778525282588,1778525282588,1779437330239,1778525295625,1778525284410.794,1588,0,912047651,13037,1822.794,14625,13037,3410.794,1822.794
ABT,1778525283000,1778525285287,1778525285287,1779437330239,1778525295625,1778525285411.81,2287,0,912044952,10338,124.81,12625,10338,2411.81,124.81
ABT,1778525285000,1778525286295,1778525286295,1779437330239,1778525295625,1778525294421.22,1295,0,912043944,9330,8126.22,10625,9330,9421.22,8126.22
ABT,1778525293000,1778525295460,1778525295461,1779437330240,1778525295625,1778525295521.985,2460,1,912034779,164,60.985,2625,165,2521.985,61.985
ABT,1778525294000,1778525296507,1778525296507,1779437330240,1778525308442,1778525296623.069,2507,0,912033733,11935,116.069,14442,11935,2623.069,116.069
ABT,1778525296000,1778525297431,1778525297432,1779437330240,1778525308442,1778525297523.847,1431,1,912032808,11010,91.847,12442,11011,1523.847,92.847
ABT,1778525297000,1778525298318,1778525298318,1779437330240,1778525308442,1778525298524.91,1318,0,912031922,10124,206.91,11442,10124,1524.91,206.91
ABT,1778525298000,1778525299319,1778525299319,1779437330241,1778525308442,1778525300427.199,1319,0,912030922,9123,1108.199,10442,9123,2427.199,1108.199
ABT,1778525300000,1778525301317,1778525301317,1779437330241,1778525308442,1778525302428.812,1317,0,912028924,7125,1111.812,8442,7125,2428.812,1111.812
ABT,1778525302000,1778525304392,1778525304392,1779437330241,1778525308442,1778525304531.141,2392,0,912025849,4050,139.141,6442,4050,2531.141,139.141
ABT,1778525303000,1778525305295,1778525305295,1779437330241,1778525308442,1778525307533.429,2295,0,912024946,3147,2238.429,5442,3147,4533.429,2238.429
ABT,1778525307000,1778525308304,1778525308304,1779437330241,1778525321152,1778525308434.39,1304,0,912021937,12848,130.39,14152,12848,1434.39,130.39
ABT,1778525308000,1778525309329,1778525309330,1779437330242,1778525321152,1778525311437.284,1329,1,912020912,11822,2107.284,13152,11823,3437.284,2108.284
ABT,1778525312000,1778525313304,1778525313305,1779437330242,1778525321152,1778525314340.483,1304,1,912016937,7847,1035.483,9152,7848,2340.483,1036.483
ABT,1778525314000,1778525315311,1778525315311,1779437330242,1778525321152,1778525315542.281,1311,0,912014931,5841,231.281,7152,5841,1542.281,231.281
ABT,1778525316000,1778525317342,1778525317342,1779437330242,1778525321152,1778525319546.442,1342,0,912012900,3810,2204.442,5152,3810,3546.442,2204.442
ABT,1778525319000,1778525320288,1778525320288,1779437330243,1778525333969,1778525322549.376,1288,0,912009955,13681,2261.376,14969,13681,3549.376,2261.376
ABT,1778525321000,1778525323274,1778525323274,1779437330243,1778525333969,1778525324351.795,2274,0,912006969,10695,1077.795,12969,10695,3351.795,1077.795
ABT,1778525323000,1778525325317,1778525325317,1779437330243,1778525333969,1778525328455.539,2317,0,912004926,8652,3138.539,10969,8652,5455.539,3138.539
ABT,1778525328000,1778525329310,1778525329311,1779437330244,1778525333969,1778525329656.62,1310,1,912000933,4658,345.62,5969,4659,1656.62,346.62
ABT,1778525329000,1778525330542,1778525330542,1779437330244,1778525346080,1778525338565.411,1542,0,911999702,15538,8023.411,17080,15538,9565.411,8023.411
ABT,1778525338000,1778525339312,1778525339312,1779437330244,1778525346080,1778525340367.467,1312,0,911990932,6768,1055.467,8080,6768,2367.467,1055.467
ABT,1778525340000,1778525341372,1778525341373,1779437330244,1778525346080,1778525342669.671,1372,1,911988871,4707,1296.671,6080,4708,2669.671,1297.671
ABT,1778525341000,1778525343341,1778525343341,1779437330245,1778525346080,1778525343470.308,2341,0,911986904,2739,129.308,5080,2739,2470.308,129.308
ABT,1778525342000,1778525344363,1778525344364,1779437330245,1778525346080,1778525344571.185,2363,1,911985881,1716,207.185,4080,1717,2571.185,208.185
ABT,1778525343000,1778525345327,1778525345327,1779437330245,1778525346077,1778525345472.374,2327,0,911984918,750,145.374,3077,750,2472.374,145.374
ABT,1778525345000,1778525346342,1778525346342,1779437330245,1778525359160,1778525346473.502,1342,0,911983903,12818,131.502,14160,12818,1473.502,131.502
ABT,1778525346000,1778525347305,1778525347306,1779437330245,1778525359161,1778525352579.604,1305,1,911982939,11855,5273.604,13161,11856,6579.604,5274.604
ABT,1778525351000,1778525353269,1778525353269,1779437330246,1778525359160,1778525353380.21,2269,0,911976977,5891,111.21,8160,5891,2380.21,111.21
ABT,1778525353000,1778525354397,1778525354397,1779437330246,1778525359161,1778525355382.946,1397,0,911975849,4764,985.946,6161,4764,2382.946,985.946
ABT,1778525354000,1778525356431,1778525356432,1779437330246,1778525359161,1778525357357.367,2431,1,911973814,2729,925.367,5161,2730,3357.367,926.367
ABT,1778525356000,1778525358371,1778525358371,1779437330246,1778525359161,1778525358585.345,2371,0,911971875,790,214.345,3161,790,2585.345,214.345
ABT,1778525357000,1778525359323,1778525359323,1779437330246,1778525372003,1778525359386.657,2323,0,911970923,12680,63.657,15003,12680,2386.657,63.657
ABT,1778525359000,1778525360373,1778525360373,1779437330247,1778525372005,1778525363389.911,1373,0,911969874,11632,3016.911,13005,11632,4389.911,3016.911
ABT,1778525362000,1778525364314,1778525364314,1779437330247,1778525372005,1778525364591.371,2314,0,911965933,7691,277.371,10005,7691,2591.371,277.371
ABT,1778525363000,1778525365478,1778525365478,1779437330247,1778525385018,1778525372499.275,2478,0,911964769,19540,7021.275,22018,19540,9499.275,7021.275
ABT,1778525373000,1778525375350,1778525375350,1779437330248,1778525385018,1778525378405.395,2350,0,911954898,9668,3055.395,12018,9668,5405.395,3055.395
ABT,1778525378000,1778525379314,1778525379314,1779437330248,1778525385018,1778525379405.778,1314,0,911950934,5704,91.778,7018,5704,1405.778,91.778
ABT,1778525379000,1778525380299,1778525380299,1779437330248,1778525385016,1778525381608.114,1299,0,911949949,4717,1309.114,6016,4717,2608.114,1309.114
ABT,1778525381000,1778525382349,1778525382350,1779437330249,1778525398029,1778525388414.508,1349,1,911947899,15679,6064.508,17029,15680,7414.508,6065.508
ABT,1778525388000,1778525389372,1778525389372,1779437330249,1778525398029,1778525389715.339,1372,0,911940877,8657,343.339,10029,8657,1715.339,343.339
ABT,1778525389000,1778525390394,1778525390394,1779437330250,1778525398029,1778525390616.678,1394,0,911939856,7635,222.678,9029,7635,1616.678,222.678
ABT,1778525391000,1778525392298,1778525392298,1779437330250,1778525398029,1778525394420.881,1298,0,911937952,5731,2122.881,7029,5731,3420.881,2122.881
ABT,1778525394000,1778525395334,1778525395334,1779437330250,1778525398029,1778525396522.065,1334,0,911934916,2695,1188.065,4029,2695,2522.065,1188.065
ABT,1778525397000,1778525398328,1778525398328,1779437330250,1778525410443,1778525398424.403,1328,0,911931922,12115,96.403,13443,12115,1424.403,96.403
ABT,1778525398000,1778525399367,1778525399367,1779437330250,1778525410443,1778525399424.314,1367,0,911930883,11076,57.314,12443,11076,1424.314,57.314
ABT,1778525400000,1778525401535,1778525401535,1779437330250,1778525410443,1778525401627.052,1535,0,911928715,8908,92.052,10443,8908,1627.052,92.052
ABT,1778525401000,1778525402447,1778525402448,1779437330250,1778525410443,1778525404521.025,1447,1,911927802,7995,2073.025,9443,7996,3521.025,2074.025
ABT,1778525404000,1778525405339,1778525405339,1779437330251,1778525410443,1778525406531.802,1339,0,911924912,5104,1192.802,6443,5104,2531.802,1192.802
ABT,1778525406000,1778525407294,1778525407294,1779437330251,1778525410443,1778525407432.426,1294,0,911922957,3149,138.426,4443,3149,1432.426,138.426
ABT,1778525407000,1778525408406,1778525408406,1779437330251,1778525410443,1778525409389.963,1406,0,911921845,2037,983.963,3443,2037,2389.963,983.963
ABT,1778525409000,1778525410358,1778525410358,1779437330251,1778525410443,1778525410435.583,1358,0,911919893,85,77.583,1443,85,1435.583,77.583
ABT,1778525410000,1778525411363,1778525411363,1779437330251,1778525423154,1778525411437.106,1363,0,911918888,11791,74.106,13154,11791,1437.106,74.106
ABT,1778525411000,1778525412312,1778525412312,1779437330252,1778525423154,1778525415539.979,1312,0,911917940,10842,3227.979,12154,10842,4539.979,3227.979
ABT,1778525415000,1778525416384,1778525416384,1779437330252,1778525423154,1778525417442.16,1384,0,911913868,6770,1058.16,8154,6770,2442.16,1058.16
ABT,1778525417000,1778525418350,1778525418350,1779437330252,1778525423154,1778525420545.332,1350,0,911911902,4804,2195.332,6154,4804,3545.332,2195.332
ABT,1778525420000,1778525421375,1778525421375,1779437330253,1778525423154,1778525422547.03,1375,0,911908878,1779,1172.03,3154,1779,2547.03,1172.03
ABT,1778525422000,1778525423412,1778525423412,1779437330253,1778525436197,1778525424449.111,1412,0,911906841,12785,1037.111,14197,12785,2449.111,1037.111
ABT,1778525424000,1778525425364,1778525425364,1779437330253,1778525436197,1778525426451.038,1364,0,911904889,10833,1087.038,12197,10833,2451.038,1087.038
ABT,1778525426000,1778525427472,1778525427472,1779437330253,1778525436197,1778525428453.142,1472,0,911902781,8725,981.142,10197,8725,2453.142,981.142
ABT,1778525428000,1778525429342,1778525429342,1779437330254,1778525436197,1778525430554.786,1342,0,911900912,6855,1212.786,8197,6855,2554.786,1212.786
ABT,1778525429000,1778525431451,1778525431452,1779437330254,1778525449183,1778525438463.326,2451,1,911898802,17731,7011.326,20183,17732,9463.326,7012.326
ABT,1778525438000,1778525439348,1778525439348,1779437330254,1778525449183,1778525441665.993,1348,0,911890906,9835,2317.993,11183,9835,3665.993,2317.993
ABT,1778525441000,1778525442312,1778525442312,1779437330255,1778525449183,1778525443467.535,1312,0,911887943,6871,1155.535,8183,6871,2467.535,1155.535
ABT,1778525443000,1778525444454,1778525444454,1779437330255,1778525449183,1778525447472.627,1454,0,911885801,4729,3018.627,6183,4729,4472.627,3018.627
ABT,1778525447000,1778525449349,1778525449349,1779437330255,1778525462096,1778525449476.003,2349,0,911880906,12747,127.003,15096,12747,2476.003,127.003
ABT,1778525448000,1778525450445,1778525450445,1779437330255,1778525462096,1778525450577.145,2445,0,911879810,11651,132.145,14096,11651,2577.145,132.145
ABT,1778525451000,1778525452379,1778525452379,1779437330255,1778525462096,1778525459585.996,1379,0,911877876,9717,7206.996,11096,9717,8585.996,7206.996
ABT,1778525458000,1778525460390,1778525460391,1779437330256,1778525474607,1778525462789.319,2390,1,911869865,14216,2398.319,16607,14217,4789.319,2399.319
ABT,1778525462000,1778525463432,1778525463432,1779437330256,1778525474607,1778525464590.657,1432,0,911866824,11175,1158.657,12607,11175,2590.657,1158.657
ABT,1778525464000,1778525465396,1778525465396,1779437330257,1778525474607,1778525467494.388,1396,0,911864861,9211,2098.388,10607,9211,3494.388,2098.388
ABT,1778525467000,1778525468460,1778525468460,1779437330257,1778525474607,1778525469495.641,1460,0,911861797,6147,1035.641,7607,6147,2495.641,1035.641
ABT,1778525469000,1778525470482,1778525470482,1779437330257,1778525474607,1778525471697.732,1482,0,911859775,4125,1215.732,5607,4125,2697.732,1215.732
ABT,1778525471000,1778525472681,1778525472681,1779437330257,1778525474607,1778525472799.437,1681,0,911857576,1926,118.437,3607,1926,1799.437,118.437
ABT,1778525472000,1778525473391,1778525473391,1779437330258,1778525487123,1778525474700.891,1391,0,911856867,13732,1309.891,15123,13732,2700.891,1309.891
ABT,1778525475000,1778525476490,1778525476490,1779437330258,1778525487123,1778525476602.433,1490,0,911853768,10633,112.433,12123,10633,1602.433,112.433
ABT,1778525476000,1778525477418,1778525477418,1779437330258,1778525487123,1778525480806.305,1418,0,911852840,9705,3388.305,11123,9705,4806.305,3388.305
ABT,1778525480000,1778525481354,1778525481355,1779437330258,1778525487123,1778525483609.119,1354,1,911848903,5768,2254.119,7123,5769,3609.119,2255.119
ABT,1778525483000,1778525484608,1778525484608,1779437330259,1778525487122,1778525484710.216,1608,0,911845651,2514,102.216,4122,2514,1710.216,102.216
ABT,1778525484000,1778525485796,1778525485796,1779437330259,1778525487122,1778525485911.178,1796,0,911844463,1326,115.178,3122,1326,1911.178,115.178
ABT,1778525485000,1778525486411,1778525486411,1779437330259,1778525500126,1778525488470.974,1411,0,911843848,13715,2059.974,15126,13715,3470.974,2059.974
ABT,1778525487000,1778525489661,1778525489661,1779437330259,1778525500126,1778525491516.326,2661,0,911840598,10465,1855.326,13126,10465,4516.326,1855.326
ABT,1778525491000,1778525492383,1778525492384,1779437330260,1778525500126,1778525493618.386,1383,1,911837876,7742,1234.386,9126,7743,2618.386,1235.386
ABT,1778525493000,1778525494393,1778525494393,1779437330260,1778525500126,1778525496521.958,1393,0,911835867,5733,2128.958,7126,5733,3521.958,2128.958
ABT,1778525495000,1778525497462,1778525497462,1779437330260,1778525500126,1778525498523.169,2462,0,911832798,2664,1061.169,5126,2664,3523.169,1061.169
ABT,1778525498000,1778525499481,1778525499481,1779437330260,1778525512549,1778525500525.158,1481,0,911830779,13068,1044.158,14549,13068,2525.158,1044.158
ABT,1778525500000,1778525501570,1778525501570,1779437330260,1778525512549,1778525503628.454,1570,0,911828690,10979,2058.454,12549,10979,3628.454,2058.454
ABT,1778525503000,1778525504468,1778525504468,1779437330261,1778525512549,1778525509534.541,1468,0,911825793,8081,5066.541,9549,8081,6534.541,5066.541
ABT,1778525509000,1778525510453,1778525510453,1779437330261,1778525512549,1778525510535.86,1453,0,911819808,2096,82.86,3549,2096,1535.86,82.86
ABT,1778525510000,1778525511569,1778525511569,1779437330261,1778525512549,1778525511636.551,1569,0,911818692,980,67.551,2549,980,1636.551,67.551
ABT,1778525511000,1778525512467,1778525512467,1779437330261,1778525525160,1778525513694.031,1467,0,911817794,12693,1227.031,14160,12693,2694.031,1227.031
ABT,1778525513000,1778525514457,1778525514457,1779437330262,1778525525160,1778525515540.996,1457,0,911815805,10703,1083.996,12160,10703,2540.996,1083.996
ABT,1778525514000,1778525516495,1778525516495,1779437330262,1778525525160,1778525517441.974,2495,0,911813767,8665,946.974,11160,8665,3441.974,946.974
ABT,1778525517000,1778525518437,1778525518437,1779437330262,1778525525160,1778525519508.679,1437,0,911811825,6723,1071.679,8160,6723,2508.679,1071.679
ABT,1778525519000,1778525520581,1778525520581,1779437330262,1778525525160,1778525521746.482,1581,0,911809681,4579,1165.482,6160,4579,2746.482,1165.482
ABT,1778525522000,1778525523453,1778525523453,1779437330263,1778525525160,1778525523549.08,1453,0,911806810,1707,96.08,3160,1707,1549.08,96.08
ABT,1778525524000,1778525525631,1778525525631,1779437330263,1778525538173,1778525525750.444,1631,0,911804632,12542,119.444,14173,12542,1750.444,119.444
ABT,1778525526000,1778525527446,1778525527446,1779437330263,1778525538173,1778525527552.08,1446,0,911802817,10727,106.08,12173,10727,1552.08,106.08
ABT,1778525527000,1778525528492,1778525528492,1779437330263,1778525538173,1778525531510.127,1492,0,911801771,9681,3018.127,11173,9681,4510.127,3018.127
ABT,1778525530000,1778525532508,1778525532508,1779437330263,1778525538173,1778525533559.302,2508,0,911797755,5665,1051.302,8173,5665,3559.302,1051.302
ABT,1778525533000,1778525534489,1778525534489,1779437330264,1778525538172,1778525534560.266,1489,0,911795775,3683,71.266,5172,3683,1560.266,71.266
ABT,1778525534000,1778525535442,1778525535442,1779437330264,1778525538172,1778525535560.919,1442,0,911794822,2730,118.919,4172,2730,1560.919,118.919
ABT,1778525535000,1778525536712,1778525536712,1779437330264,1778525551286,1778525541466.207,1712,0,911793552,14574,4754.207,16286,14574,6466.207,4754.207
ABT,1778525540000,1778525542453,1778525542453,1779437330264,1778525551286,1778525545571.481,2453,0,911787811,8833,3118.481,11286,8833,5571.481,3118.481
ABT,1778525544000,1778525546449,1778525546449,1779437330265,1778525551286,1778525550476.409,2449,0,911783816,4837,4027.409,7286,4837,6476.409,4027.409
ABT,1778525550000,1778525551503,1778525551503,1779437330265,1778525564302,1778525552509.652,1503,0,911778762,12799,1006.652,14302,12799,2509.652,1006.652
ABT,1778525552000,1778525553478,1778525553478,1779437330265,1778525564300,1778525553679.886,1478,0,911776787,10822,201.886,12300,10822,1679.886,201.886
ABT,1778525553000,1778525554463,1778525554463,1779437330265,1778525564302,1778525556583.53,1463,0,911775802,9839,2120.53,11302,9839,3583.53,2120.53
ABT,1778525555000,1778525557498,1778525557498,1779437330266,1778525564302,1778525558785.217,2498,0,911772768,6804,1287.217,9302,6804,3785.217,1287.217
ABT,1778525557000,1778525559467,1778525559467,1779437330266,1778525564302,1778525559585.834,2467,0,911770799,4835,118.834,7302,4835,2585.834,118.834
ABT,1778525559000,1778525560554,1778525560554,1779437330266,1778525564302,1778525561588.467,1554,0,911769712,3748,1034.467,5302,3748,2588.467,1034.467
ABT,1778525561000,1778525562443,1778525562443,1779437330266,1778525564302,1778525562536.736,1443,0,911767823,1859,93.736,3302,1859,1536.736,93.736
ABT,1778525562000,1778525563418,1778525563418,1779437330266,1778525564302,1778525563489.651,1418,0,911766848,884,71.651,2302,884,1489.651,71.651
ABT,1778525563000,1778525564433,1778525564433,1779437330267,1778525577712,1778525569695.824,1433,0,911765834,13279,5262.824,14712,13279,6695.824,5262.824
ABT,1778525569000,1778525570439,1778525570439,1779437330267,1778525577712,1778525572799.193,1439,0,911759828,7273,2360.193,8712,7273,3799.193,2360.193
ABT,1778525571000,1778525573381,1778525573382,1779437330267,1778525577712,1778525573494.856,2381,1,911756885,4330,112.856,6712,4331,2494.856,113.856
ABT,1778525572000,1778525574490,1778525574490,1779437330268,1778525590626,1778525579605.606,2490,0,911755778,16136,5115.606,18626,16136,7605.606,5115.606
ABT,1778525579000,1778525580526,1778525580526,1779437330268,1778525590626,1778525581808.16,1526,0,911749742,10100,1282.16,11626,10100,2808.16,1282.16
ABT,1778525581000,1778525582498,1778525582498,1779437330268,1778525590626,1778525582608.985,1498,0,911747770,8128,110.985,9626,8128,1608.985,110.985
ABT,1778525582000,1778525583433,1778525583433,1779437330269,1778525590626,1778525586612.518,1433,0,911746836,7193,3179.518,8626,7193,4612.518,3179.518
ABT,1778525586000,1778525587442,1778525587442,1779437330269,1778525603639,1778525590617.245,1442,0,911742827,16197,3175.245,17639,16197,4617.245,3175.245
ABT,1778525590000,1778525591677,1778525591677,1779437330269,1778525603639,1778525593619.941,1677,0,911738592,11962,1942.941,13639,11962,3619.941,1942.941
ABT,1778525592000,1778525594497,1778525594497,1779437330270,1778525603639,1778525594620.492,2497,0,911735773,9142,123.492,11639,9142,2620.492,123.492
ABT,1778525594000,1778525595393,1778525595393,1779437330270,1778525603639,1778525597623.299,1393,0,911734877,8246,2230.299,9639,8246,3623.299,2230.299
ABT,1778525597000,1778525598506,1778525598507,1779437330270,1778525603639,1778525599504.032,1506,1,911731763,5132,997.032,6639,5133,2504.032,998.032
ABT,1778525599000,1778525600511,1778525600511,1779437330270,1778525616650,1778525604730.834,1511,0,911729759,16139,4219.834,17650,16139,5730.834,4219.834
ABT,1778525603000,1778525605529,1778525605529,1779437330271,1778525616650,1778525605632.66,2529,0,911724742,11121,103.66,13650,11121,2632.66,103.66
ABT,1778525605000,1778525606492,1778525606492,1779437330271,1778525616650,1778525606633.607,1492,0,911723779,10158,141.607,11650,10158,1633.607,141.607
ABT,1778525606000,1778525607510,1778525607510,1779437330271,1778525616650,1778525610510.527,1510,0,911722761,9140,3000.527,10650,9140,4510.527,3000.527
ABT,1778525611000,1778525612450,1778525612450,1779437330271,1778525616650,1778525612539.71,1450,0,911717821,4200,89.71,5650,4200,1539.71,89.71
ABT,1778525612000,1778525613490,1778525613490,1779437330271,1778525616650,1778525615542.753,1490,0,911716781,3160,2052.753,4650,3160,3542.753,2052.753
ABT,1778525614000,1778525616421,1778525616421,1779437330272,1778525616649,1778525616543.388,2421,0,911713851,228,122.388,2649,228,2543.388,122.388
ABT,1778525616000,1778525617507,1778525617507,1779437330272,1778525630163,1778525623551.276,1507,0,911712765,12656,6044.276,14163,12656,7551.276,6044.276
ABT,1778525622000,1778525624529,1778525624530,1779437330272,1778525630163,1778525625551.429,2529,1,911705742,5633,1021.429,8163,5634,3551.429,1022.429
ABT,1778525624000,1778525626553,1778525626553,1779437330272,1778525642976,1778525632559.482,2553,0,911703719,16423,6006.482,18976,16423,8559.482,6006.482
ABT,1778525633000,1778525634406,1778525634406,1779437330273,1778525642976,1778525634461.515,1406,0,911695867,8570,55.515,9976,8570,1461.515,55.515
ABT,1778525634000,1778525635480,1778525635480,1779437330273,1778525642976,1778525635563.078,1480,0,911694793,7496,83.078,8976,7496,1563.078,83.078
ABT,1778525635000,1778525636489,1778525636489,1779437330273,1778525642976,1778525639567.331,1489,0,911693784,6487,3078.331,7976,6487,4567.331,3078.331
ABT,1778525639000,1778525640656,1778525640657,1779437330273,1778525642976,1778525640768.54,1656,1,911689616,2319,111.54,3976,2320,1768.54,112.54
ABT,1778525640000,1778525641702,1778525641702,1779437330273,1778525642976,1778525642770.098,1702,0,911688571,1274,1068.098,2976,1274,2770.098,1068.098
ABT,1778525641000,1778525642739,1778525642739,1779437330273,1778525655492,1778525645572.576,1739,0,911687534,12753,2833.576,14492,12753,4572.576,2833.576
ABT,1778525644000,1778525646565,1778525646565,1779437330274,1778525655492,1778525648575.625,2565,0,911683709,8927,2010.625,11492,8927,4575.625,2010.625
ABT,1778525648000,1778525649462,1778525649463,1779437330274,1778525655492,1778525650777.852,1462,1,911680811,6029,1314.852,7492,6030,2777.852,1315.852
ABT,1778525650000,1778525651479,1778525651479,1779437330274,1778525655492,1778525652780.308,1479,0,911678795,4013,1301.308,5492,4013,2780.308,1301.308
ABT,1778525652000,1778525653472,1778525653472,1779437330275,1778525655492,1778525654782.17,1472,0,911676803,2020,1310.17,3492,2020,2782.17,1310.17
ABT,1778525655000,1778525656476,1778525656476,1779437330275,1778525667702,1778525657685.574,1476,0,911673799,11226,1209.574,12702,11226,2685.574,1209.574
ABT,1778525656000,1778525658547,1778525658547,1779437330275,1778525667702,1778525659787.212,2547,0,911671728,9155,1240.212,11702,9155,3787.212,1240.212
ABT,1778525659000,1778525660440,1778525660440,1779437330275,1778525667702,1778525660587.928,1440,0,911669835,7262,147.928,8702,7262,1587.928,147.928
ABT,1778525660000,1778525661530,1778525661530,1779437330275,1778525667700,1778525661689.18,1530,0,911668745,6170,159.18,7700,6170,1689.18,159.18
ABT,1778525662000,1778525663530,1778525663530,1779437330275,1778525667702,1778525665492.897,1530,0,911666745,4172,1962.897,5702,4172,3492.897,1962.897
ABT,1778525665000,1778525666493,1778525666493,1779437330276,1778525680513,1778525670598.725,1493,0,911663783,14020,4105.725,15513,14020,5598.725,4105.725
ABT,1778525670000,1778525671523,1778525671523,1779437330276,1778525680513,1778525671599.248,1523,0,911658753,8990,76.248,10513,8990,1599.248,76.248
ABT,1778525672000,1778525673512,1778525673512,1779437330276,1778525680513,1778525676600.256,1512,0,911656764,7001,3088.256,8513,7001,4600.256,3088.256
ABT,1778525675000,1778525677532,1778525677532,1779437330277,1778525693524,1778525681609.319,2532,0,911652745,15992,4077.319,18524,15992,6609.319,4077.319
ABT,1778525680000,1778525682536,1778525682536,1779437330277,1778525693524,1778525683610.722,2536,0,911647741,10988,1074.722,13524,10988,3610.722,1074.722
ABT,1778525682000,1778525684515,1778525684515,1779437330277,1778525693524,1778525684611.224,2515,0,911645762,9009,96.224,11524,9009,2611.224,96.224
ABT,1778525683000,1778525685465,1778525685465,1779437330278,1778525693524,1778525685612.708,2465,0,911644813,8059,147.708,10524,8059,2612.708,147.708
ABT,1778525685000,1778525686558,1778525686558,1779437330278,1778525706339,1778525696623.741,1558,0,911643720,19781,10065.741,21339,19781,11623.741,10065.741
ABT,1778525696000,1778525697552,1778525697552,1779437330278,1778525706339,1778525697625.024,1552,0,911632726,8787,73.024,10339,8787,1625.024,73.024
ABT,1778525697000,1778525698433,1778525698433,1779437330278,1778525706339,1778525702830.068,1433,0,911631845,7906,4397.068,9339,7906,5830.068,4397.068
ABT,1778525702000,1778525703438,1778525703438,1779437330279,1778525706339,1778525705032.356,1438,0,911626841,2901,1594.356,4339,2901,3032.356,1594.356
ABT,1778525703000,1778525705511,1778525705511,1779437330279,1778525718251,1778525706610.672,2511,0,911624768,12740,1099.672,15251,12740,3610.672,1099.672
ABT,1778525706000,1778525707510,1778525707510,1779437330279,1778525718251,1778525708636.397,1510,0,911622769,10741,1126.397,12251,10741,2636.397,1126.397
ABT,1778525708000,1778525709466,1778525709466,1779437330279,1778525718251,1778525715543.189,1466,0,911620813,8785,6077.189,10251,8785,7543.189,6077.189
ABT,1778525715000,1778525716560,1778525716560,1779437330280,1778525730561,1778525719647.625,1560,0,911613720,14001,3087.625,15561,14001,4647.625,3087.625
ABT,1778525719000,1778525720535,1778525720535,1779437330281,1778525730561,1778525720648.558,1535,0,911609746,10026,113.558,11561,10026,1648.558,113.558
ABT,1778525721000,1778525722466,1778525722466,1779437330281,1778525730561,1778525722549.721,1466,0,911607815,8095,83.721,9561,8095,1549.721,83.721
ABT,1778525722000,1778525723534,1778525723534,1779437330281,1778525742773,1778525731659.367,1534,0,911606747,19239,8125.367,20773,19239,9659.367,8125.367
ABT,1778525731000,1778525732519,1778525732519,1779437330282,1778525742773,1778525737665.721,1519,0,911597763,10254,5146.721,11773,10254,6665.721,5146.721
ABT,1778525738000,1778525739488,1778525739488,1779437330283,1778525742773,1778525739567.282,1488,0,911590795,3285,79.282,4773,3285,1567.282,79.282
ABT,1778525739000,1778525740546,1778525740546,1779437330283,1778525755312,1778525744872.329,1546,0,911589737,14766,4326.329,16312,14766,5872.329,4326.329
ABT,1778525743000,1778525745515,1778525745515,1779437330283,1778525755312,1778525747675.433,2515,0,911584768,9797,2160.433,12312,9797,4675.433,2160.433
ABT,1778525747000,1778525748496,1778525748496,1779437330283,1778525755312,1778525753682.336,1496,0,911581787,6816,5186.336,8312,6816,6682.336,5186.336
ABT,1778525752000,1778525754707,1778525754707,1779437330284,1778525767598,1778525755784.371,2707,0,911575577,12891,1077.371,15598,12891,3784.371,1077.371
ABT,1778525755000,1778525756555,1778525756555,1779437330284,1778525767598,1778525756685.523,1555,0,911573729,11043,130.523,12598,11043,1685.523,130.523
ABT,1778525756000,1778525757499,1778525757499,1779437330284,1778525767598,1778525763692.402,1499,0,911572785,10099,6193.402,11598,10099,7692.402,6193.402
ABT,1778525763000,1778525764521,1778525764522,1779437330285,1778525780713,1778525774703.266,1521,1,911565763,16191,10181.266,17713,16192,11703.266,10182.266
ABT,1778525774000,1778525775545,1778525775545,1779437330286,1778525780713,1778525775604.258,1545,0,911554741,5168,59.258,6713,5168,1604.258,59.258
ABT,1778525775000,1778525776610,1778525776610,1779437330286,1778525780713,1778525778707.404,1610,0,911553676,4103,2097.404,5713,4103,3707.404,2097.404
ABT,1778525778000,1778525779506,1778525779506,1779437330286,1778525780713,1778525779608.309,1506,0,911550780,1207,102.309,2713,1207,1608.309,102.309
ABT,1778525779000,1778525780581,1778525780581,1779437330286,1778525793426,1778525782810.87,1581,0,911549705,12845,2229.87,14426,12845,3810.87,2229.87
ABT,1778525782000,1778525783510,1778525783510,1779437330287,1778525793426,1778525784712.807,1510,0,911546777,9916,1202.807,11426,9916,2712.807,1202.807
ABT,1778525785000,1778525786503,1778525786504,1779437330287,1778525793426,1778525786615.395,1503,1,911543783,6922,111.395,8426,6923,1615.395,112.395
ABT,1778525786000,1778525788543,1778525788543,1779437330287,1778525793426,1778525791720.47,2543,0,911541744,4883,3177.47,7426,4883,5720.47,3177.47
ABT,1778525790000,1778525792527,1778525792527,1779437330287,1778525805700,1778525794624.221,2527,0,911537760,13173,2097.221,15700,13173,4624.221,2097.221
ABT,1778525793000,1778525795585,1778525795586,1779437330288,1778525805700,1778525798628.145,2585,1,911534702,10114,3042.145,12700,10115,5628.145,3043.145
ABT,1778525798000,1778525799781,1778525799781,1779437330288,1778525805700,1778525800729.481,1781,0,911530507,5919,948.481,7700,5919,2729.481,948.481
ABT,1778525799000,1778525801515,1778525801515,1779437330289,1778525805700,1778525802632.433,2515,0,911528774,4185,1117.433,6700,4185,3632.433,1117.433
ABT,1778525802000,1778525803792,1778525803792,1779437330289,1778525818448,1778525805735.333,1792,0,911526497,14656,1943.333,16448,14656,3735.333,1943.333
ABT,1778525805000,1778525806563,1778525806563,1779437330289,1778525818448,1778525807636.675,1563,0,911523726,11885,1073.675,13448,11885,2636.675,1073.675
ABT,1778525808000,1778525809582,1778525809582,1779437330289,1778525818448,1778525809639.548,1582,0,911520707,8866,57.548,10448,8866,1639.548,57.548
ABT,1778525811000,1778525812580,1778525812580,1779437330289,1778525818448,1778525814643.988,1580,0,911517709,5868,2063.988,7448,5868,3643.988,2063.988
ABT,1778525814000,1778525815540,1778525815540,1779437330290,1778525818448,1778525815644.718,1540,0,911514750,2908,104.718,4448,2908,1644.718,104.718
ABT,1778525815000,1778525816699,1778525816699,1779437330290,1778525818411,1778525816946.059,1699,0,911513591,1712,247.059,3411,1712,1946.059,247.059
ABT,1778525816000,1778525817707,1778525817707,1779437330290,1778525818448,1778525817846.711,1707,0,911512583,741,139.711,2448,741,1846.711,139.711
ABT,1778525817000,1778525818752,1778525818752,1779437330290,1778525830383,1778525818847.737,1752,0,911511538,11631,95.737,13383,11631,1847.737,95.737
ABT,1778525818000,1778525819765,1778525819765,1779437330290,1778525830383,1778525820749.627,1765,0,911510525,10618,984.627,12383,10618,2749.627,984.627
ABT,1778525820000,1778525821745,1778525821745,1779437330290,1778525830383,1778525825754.815,1745,0,911508545,8638,4009.815,10383,8638,5754.815,4009.815
ABT,1778525824000,1778525826567,1778525826567,1779437330291,1778525830382,1778525827657.114,2567,0,911503724,3815,1090.114,6382,3815,3657.114,1090.114
ABT,1778525827000,1778525828618,1778525828618,1779437330291,1778525830383,1778525828757.586,1618,0,911501673,1765,139.586,3383,1765,1757.586,139.586
ABT,1778525829000,1778525830595,1778525830595,1779437330291,1778525843577,1778525830759.305,1595,0,911499696,12982,164.305,14577,12982,1759.305,164.305
ABT,1778525830000,1778525831595,1778525831595,1779437330291,1778525843577,1778525832861.211,1595,0,911498696,11982,1266.211,13577,11982,2861.211,1266.211
ABT,1778525832000,1778525833486,1778525833486,1779437330292,1778525843577,1778525833662.066,1486,0,911496806,10091,176.066,11577,10091,1662.066,176.066
ABT,1778525834000,1778525835594,1778525835594,1779437330292,1778525843577,1778525837566.243,1594,0,911494698,7983,1972.243,9577,7983,3566.243,1972.243
ABT,1778525837000,1778525838497,1778525838497,1779437330292,1778525843577,1778525838567.644,1497,0,911491795,5080,70.644,6577,5080,1567.644,70.644
ABT,1778525839000,1778525840609,1778525840609,1779437330292,1778525843577,1778525841770.042,1609,0,911489683,2968,1161.042,4577,2968,2770.042,1161.042
ABT,1778525841000,1778525842596,1778525842596,1779437330292,1778525854688,1778525843872.208,1596,0,911487696,12092,1276.208,13688,12092,2872.208,1276.208
ABT,1778525842000,1778525844528,1778525844528,1779437330292,1778525854688,1778525845672.467,2528,0,911485764,10160,1144.467,12688,10160,3672.467,1144.467
ABT,1778525844000,1778525846619,1778525846619,1779437330293,1778525854688,1778525847675.597,2619,0,911483674,8069,1056.597,10688,8069,3675.597,1056.597
ABT,1778525848000,1778525849560,1778525849560,1779437330293,1778525854688,1778525849677.677,1560,0,911480733,5128,117.677,6688,5128,1677.677,117.677
ABT,1778525850000,1778525850643,1778525850643,1779437330293,1778525854688,1778525851980.672,643,0,911479650,4045,1337.672,4688,4045,1980.672,1337.672
ABT,1778525851000,1778525852505,1778525852505,1779437330293,1778525854688,1778525852680.326,1505,0,911477788,2183,175.326,3688,2183,1680.326,175.326
ABT,1778525852000,1778525853622,1778525853622,1779437330293,1778525867701,1778525857586.373,1622,0,911476671,14079,3964.373,15701,14079,5586.373,3964.373
ABT,1778525858000,1778525859574,1778525859574,1779437330294,1778525867701,1778525863592.336,1574,0,911470720,8127,4018.336,9701,8127,5592.336,4018.336
ABT,1778525863000,1778525864608,1778525864608,1779437330294,1778525867701,1778525866895.513,1608,0,911465686,3093,2287.513,4701,3093,3895.513,2287.513
ABT,1778525866000,1778525867557,1778525867558,1779437330295,1778525880518,1778525867697.127,1557,1,911462737,12960,139.127,14518,12961,1697.127,140.127
ABT,1778525867000,1778525868614,1778525868614,1779437330295,1778525880518,1778525868698.371,1614,0,911461681,11904,84.371,13518,11904,1698.371,84.371
ABT,1778525868000,1778525869541,1778525869541,1779437330295,1778525880518,1778525871000.195,1541,0,911460754,10977,1459.195,12518,10977,3000.195,1459.195
ABT,1778525869000,1778525871562,1778525871562,1779437330295,1778525880518,1778525872702.441,2562,0,911458733,8956,1140.441,11518,8956,3702.441,1140.441
ABT,1778525871000,1778525873486,1778525873486,1779437330295,1778525880518,1778525875704.721,2486,0,911456809,7032,2218.721,9518,7032,4704.721,2218.721
ABT,1778525875000,1778525876604,1778525876604,1779437330296,1778525880518,1778525876706.342,1604,0,911453692,3914,102.342,5518,3914,1706.342,102.342
ABT,1778525876000,1778525877548,1778525877548,1779437330296,1778525880518,1778525877706.752,1548,0,911452748,2970,158.752,4518,2970,1706.752,158.752
ABT,1778525877000,1778525878800,1778525878800,1779437330296,1778525880518,1778525879608.857,1800,0,911451496,1718,808.857,3518,1718,2608.857,808.857
ABT,1778525879000,1778525880630,1778525880630,1779437330296,1778525892729,1778525882010.931,1630,0,911449666,12099,1380.931,13729,12099,3010.931,1380.931
ABT,1778525881000,1778525882639,1778525882639,1779437330296,1778525892729,1778525885714.996,1639,0,911447657,10090,3075.996,11729,10090,4714.996,3075.996
ABT,1778525886000,1778525887592,1778525887592,1779437330297,1778525904742,1778525897026.527,1592,0,911442705,17150,9434.527,18742,17150,11026.527,9434.527
ABT,1778525897000,1778525898519,1778525898519,1779437330298,1778525904742,1778525898628.621,1519,0,911431779,6223,109.621,7742,6223,1628.621,109.621
ABT,1778525898000,1778525899537,1778525899537,1779437330298,1778525904740,1778525899629.313,1537,0,911430761,5203,92.313,6740,5203,1629.313,92.313
ABT,1778525899000,1778525900535,1778525900535,1779437330298,1778525904740,1778525900629.992,1535,0,911429763,4205,94.992,5740,4205,1629.992,94.992
ABT,1778525900000,1778525901574,1778525901574,1779437330298,1778525904742,1778525901831.562,1574,0,911428724,3168,257.562,4742,3168,1831.562,257.562
ABT,1778525901000,1778525902602,1778525902602,1779437330298,1778525904742,1778525903634.362,1602,0,911427696,2140,1032.362,3742,2140,2634.362,1032.362
ABT,1778525903000,1778525904575,1778525904575,1779437330298,1778525904740,1778525904633.874,1575,0,911425723,165,58.874,1740,165,1633.874,58.874
ABT,1778525905000,1778525906536,1778525906536,1779437330299,1778525916452,1778525906836.601,1536,0,911423763,9916,300.601,11452,9916,1836.601,300.601
ABT,1778525906000,1778525907632,1778525907632,1779437330299,1778525916452,1778525909838.896,1632,0,911422667,8820,2206.896,10452,8820,3838.896,2206.896
ABT,1778525909000,1778525910562,1778525910562,1779437330299,1778525916452,1778525910639.771,1562,0,911419737,5890,77.771,7452,5890,1639.771,77.771
ABT,1778525910000,1778525911756,1778525911756,1779437330299,1778525916453,1778525911841.641,1756,0,911418543,4697,85.641,6453,4697,1841.641,85.641
ABT,1778525912000,1778525913553,1778525913553,1779437330299,1778525916452,1778525915644.201,1553,0,911416746,2899,2091.201,4452,2899,3644.201,2091.201
ABT,1778525917000,1778525918538,1778525918539,1779437330300,1778525928667,1778525921750.589,1538,1,911411761,10128,3211.589,11667,10129,4750.589,3212.589
ABT,1778525921000,1778525922630,1778525922630,1779437330300,1778525928667,1778525922689.29,1630,0,911407670,6037,59.29,7667,6037,1689.29,59.29
ABT,1778525922000,1778525923590,1778525923590,1779437330300,1778525928667,1778525924753.834,1590,0,911406710,5077,1163.834,6667,5077,2753.834,1163.834
ABT,1778525924000,1778525925514,1778525925514,1779437330300,1778525928667,1778525927756.395,1514,0,911404786,3153,2242.395,4667,3153,3756.395,2242.395
ABT,1778525927000,1778525928513,1778525928513,1779437330300,1778525928667,1778525928588.084,1513,0,911401787,154,75.084,1667,154,1588.084,75.084
ABT,1778525928000,1778525929629,1778525929629,1779437330301,1778525941682,1778525929858.683,1629,0,911400672,12053,229.683,13682,12053,1858.683,229.683
ABT,1778525929000,1778525930818,1778525930818,1779437330301,1778525941682,1778525932761.863,1818,0,911399483,10864,1943.863,12682,10864,3761.863,1943.863
ABT,1778525932000,1778525933566,1778525933566,1779437330301,1778525941682,1778525940669.381,1566,0,911396735,8116,7103.381,9682,8116,8669.381,7103.381
ABT,1778525940000,1778525941772,1778525941773,1779437330302,1778525953591,1778525942871.562,1772,1,911388529,11818,1098.562,13591,11819,2871.562,1099.562
ABT,1778525942000,1778525943602,1778525943603,1779437330302,1778525953590,1778525943772.497,1602,1,911386699,9987,169.497,11590,9988,1772.497,170.497
ABT,1778525943000,1778525944595,1778525944595,1779437330302,1778525953590,1778525944673.965,1595,0,911385707,8995,78.965,10590,8995,1673.965,78.965
ABT,1778525944000,1778525945581,1778525945581,1779437330302,1778525953591,1778525949778.525,1581,0,911384721,8010,4197.525,9591,8010,5778.525,4197.525
ABT,1778525949000,1778525950545,1778525950546,1779437330303,1778525953591,1778525950679.35,1545,1,911379757,3045,133.35,4591,3046,1679.35,134.35
ABT,1778525950000,1778525951537,1778525951537,1779437330303,1778525966704,1778525955784.39,1537,0,911378766,15167,4247.39,16704,15167,5784.39,4247.39
ABT,1778525956000,1778525957632,1778525957632,1779437330303,1778525966704,1778525958787.991,1632,0,911372671,9072,1155.991,10704,9072,2787.991,1155.991
ABT,1778525958000,1778525959663,1778525959663,1779437330303,1778525966704,1778525964893.087,1663,0,911370640,7041,5230.087,8704,7041,6893.087,5230.087
ABT,1778525964000,1778525965626,1778525965627,1779437330304,1778525977615,1778525966695.773,1626,1,911364677,11988,1068.773,13615,11989,2695.773,1069.773
ABT,1778525966000,1778525967658,1778525967658,1779437330304,1778525977616,1778525970699.192,1658,0,911362646,9958,3041.192,11616,9958,4699.192,3041.192
ABT,1778525970000,1778525971708,1778525971708,1779437330304,1778525977616,1778525972602.608,1708,0,911358596,5908,894.608,7616,5908,2602.608,894.608
ABT,1778525972000,1778525973720,1778525973720,1779437330304,1778525977616,1778525973803.052,1720,0,911356584,3896,83.052,5616,3896,1803.052,83.052
ABT,1778525973000,1778525974698,1778525974699,1779437330305,1778525977616,1778525974803.295,1698,1,911355606,2917,104.295,4616,2918,1803.295,105.295
ABT,1778525974000,1778525975635,1778525975635,1779437330305,1778525977616,1778525975704.844,1635,0,911354670,1981,69.844,3616,1981,1704.844,69.844
ABT,1778525975000,1778525976620,1778525976620,1779437330305,1778525988828,1778525977806.123,1620,0,911353685,12208,1186.123,13828,12208,2806.123,1186.123
ABT,1778525977000,1778525978611,1778525978612,1779437330305,1778525988828,1778525981632.534,1611,1,911351693,10216,3020.534,11828,10217,4632.534,3021.534
ABT,1778525981000,1778525982639,1778525982639,1779437330305,1778525988828,1778525985714.736,1639,0,911347666,6189,3075.736,7828,6189,4714.736,3075.736
ABT,1778525985000,1778525986676,1778525986676,1779437330306,1778525988828,1778525987716.869,1676,0,911343630,2152,1040.869,3828,2152,2716.869,1040.869
ABT,1778525988000,1778525989548,1778525989548,1779437330306,1778526000441,1778525989618.943,1548,0,911340758,10893,70.943,12441,10893,1618.943,70.943
ABT,1778525989000,1778525990770,1778525990770,1779437330306,1778526000442,1778525992721.947,1770,0,911339536,9672,1951.947,11442,9672,3721.947,1951.947
ABT,1778525992000,1778525993577,1778525993577,1779437330306,1778526000441,1778525993636.722,1577,0,911336729,6864,59.722,8441,6864,1636.722,59.722
ABT,1778525993000,1778525994682,1778525994682,1779437330306,1778526000442,1778525994825.106,1682,0,911335624,5760,143.106,7442,5760,1825.106,143.106
ABT,1778525994000,1778525995685,1778525995685,1779437330306,1778526000442,1778525995807.214,1685,0,911334621,4757,122.214,6442,4757,1807.214,122.214
ABT,1778525995000,1778525996650,1778525996650,1779437330306,1778526000442,1778525996826.974,1650,0,911333656,3792,176.974,5442,3792,1826.974,176.974
ABT,1778525996000,1778525997586,1778525997586,1779437330307,1778526000442,1778525997728.384,1586,0,911332721,2856,142.384,4442,2856,1728.384,142.384
ABT,1778525998000,1778525998583,1778525998583,1779437330307,1778526011450,1778526002433.078,583,0,911331724,12867,3850.078,13450,12867,4433.078,3850.078
ABT,1778526001000,1778526002698,1778526002698,1779437330307,1778526011450,1778526002933.302,1698,0,911327609,8752,235.302,10450,8752,1933.302,235.302
ABT,1778526002000,1778526003651,1778526003651,1779437330307,1778526011450,1778526007839.03,1651,0,911326656,7799,4188.03,9450,7799,5839.03,4188.03
ABT,1778526007000,1778526008695,1778526008696,1779437330308,1778526011450,1778526009940.948,1695,1,911321612,2754,1244.948,4450,2755,2940.948,1245.948
ABT,1778526008000,1778526010606,1778526010606,1779437330308,1778526023648,1778526012743.201,2606,0,911319702,13042,2137.201,15648,13042,4743.201,2137.201
ABT,1778526013000,1778526014649,1778526014649,1779437330309,1778526023648,1778526014746.135,1649,0,911315660,8999,97.135,10648,8999,1746.135,97.135
ABT,1778526014000,1778526015555,1778526015556,1779437330309,1778526023648,1778526015646.319,1555,1,911314753,8092,90.319,9648,8093,1646.319,91.319
ABT,1778526017000,1778526018643,1778526018643,1779437330309,1778526023648,1778526019853.278,1643,0,911311666,5005,1210.278,6648,5005,2853.278,1210.278
ABT,1778526018000,1778526020608,1778526020608,1779437330309,1778526035679,1778526024957.107,2608,0,911309701,15071,4349.107,17679,15071,6957.107,4349.107
ABT,1778526024000,1778526025602,1778526025602,1779437330310,1778526035679,1778526029770.828,1602,0,911304708,10077,4168.828,11679,10077,5770.828,4168.828
ABT,1778526029000,1778526030658,1778526030658,1779437330311,1778526035679,1778526030863.14,1658,0,911299653,5021,205.14,6679,5021,1863.14,205.14
ABT,1778526031000,1778526032595,1778526032595,1779437330311,1778526035678,1778526032667.531,1595,0,911297716,3083,72.531,4678,3083,1667.531,72.531
ABT,1778526032000,1778526033591,1778526033591,1779437330311,1778526035679,1778526033666.271,1591,0,911296720,2088,75.271,3679,2088,1666.271,75.271
ABT,1778526033000,1778526034775,1778526034775,1779437330311,1778526048798,1778526039775.718,1775,0,911295536,14023,5000.718,15798,14023,6775.718,5000.718
ABT,1778526039000,1778526040615,1778526040615,1779437330311,1778526048798,1778526044880.74,1615,0,911289696,8183,4265.74,9798,8183,5880.74,4265.74
ABT,1778526045000,1778526046847,1778526046847,1779437330312,1778526048798,1778526046959.607,1847,0,911283465,1951,112.607,3798,1951,1959.607,112.607
ABT,1778526046000,1778526047730,1778526047730,1779437330312,1778526061809,1778526049785.24,1730,0,911282582,14079,2055.24,15809,14079,3785.24,2055.24
ABT,1778526049000,1778526050675,1778526050675,1779437330312,1778526061809,1778526050787.135,1675,0,911279637,11134,112.135,12809,11134,1787.135,112.135
ABT,1778526050000,1778526051557,1778526051557,1779437330312,1778526061809,1778526051687.297,1557,0,911278755,10252,130.297,11809,10252,1687.297,130.297
ABT,1778526051000,1778526052620,1778526052620,1779437330312,1778526061809,1778526052684.736,1620,0,911277692,9189,64.736,10809,9189,1684.736,64.736
ABT,1778526052000,1778526053600,1778526053600,1779437330312,1778526061809,1778526055691.625,1600,0,911276712,8209,2091.625,9809,8209,3691.625,2091.625
ABT,1778526056000,1778526057611,1778526057611,1779437330313,1778526061809,1778526057695.58,1611,0,911272702,4198,84.58,5809,4198,1695.58,84.58
ABT,1778526057000,1778526058621,1778526058621,1779437330313,1778526073611,1778526062870.219,1621,0,911271692,14990,4249.219,16611,14990,5870.219,4249.219
ABT,1778526062000,1778526063658,1778526063658,1779437330313,1778526073611,1778526064802.98,1658,0,911266655,9953,1144.98,11611,9953,2802.98,1144.98
ABT,1778526064000,1778526065676,1778526065677,1779437330313,1778526073611,1778526065803.484,1676,1,911264636,7934,126.484,9611,7935,1803.484,127.484
ABT,1778526065000,1778526066648,1778526066648,1779437330313,1778526073611,1778526069909.776,1648,0,911263665,6963,3261.776,8611,6963,4909.776,3261.776
ABT,1778526069000,1778526070689,1778526070689,1779437330314,1778526073611,1778526070811.042,1689,0,911259625,2922,122.042,4611,2922,1811.042,122.042
ABT,1778526070000,1778526071695,1778526071695,1779437330314,1778526086516,1778526073813.86,1695,0,911258619,14821,2118.86,16516,14821,3813.86,2118.86
ABT,1778526073000,1778526074732,1778526074732,1779437330314,1778526086516,1778526079018.791,1732,0,911255582,11784,4286.791,13516,11784,6018.791,4286.791
ABT,1778526078000,1778526079628,1778526079628,1779437330315,1778526086516,1778526079720.553,1628,0,911250687,6888,92.553,8516,6888,1720.553,92.553
ABT,1778526079000,1778526080689,1778526080689,1779437330315,1778526086516,1778526081722.749,1689,0,911249626,5827,1033.749,7516,5827,2722.749,1033.749
ABT,1778526081000,1778526082680,1778526082680,1779437330315,1778526086516,1778526083723.861,1680,0,911247635,3836,1043.861,5516,3836,2723.861,1043.861
ABT,1778526083000,1778526084613,1778526084613,1779437330315,1778526099544,1778526088928.56,1613,0,911245702,14931,4315.56,16544,14931,5928.56,4315.56
ABT,1778526088000,1778526089740,1778526089740,1779437330316,1778526099544,1778526089929.465,1740,0,911240576,9804,189.465,11544,9804,1929.465,189.465
ABT,1778526089000,1778526090806,1778526090806,1779437330316,1778526099544,1778526090930.926,1806,0,911239510,8738,124.926,10544,8738,1930.926,124.926
ABT,1778526090000,1778526091898,1778526091898,1779437330316,1778526099544,1778526092031.741,1898,0,911238418,7646,133.741,9544,7646,2031.741,133.741
ABT,1778526091000,1778526092644,1778526092644,1779437330316,1778526099544,1778526098739.087,1644,0,911237672,6900,6095.087,8544,6900,7739.087,6095.087
ABT,1778526098000,1778526099792,1778526099792,1779437330316,1778526111857,1778526099939.333,1792,0,911230524,12065,147.333,13857,12065,1939.333,147.333
ABT,1778526099000,1778526100673,1778526100674,1779437330316,1778526111857,1778526101743.421,1673,1,911229642,11183,1069.421,12857,11184,2743.421,1070.421
ABT,1778526102000,1778526103743,1778526103743,1779437330317,1778526111857,1778526104745.487,1743,0,911226574,8114,1002.487,9857,8114,2745.487,1002.487
ABT,1778526104000,1778526105649,1778526105650,1779437330317,1778526111857,1778526106848.242,1649,1,911224667,6207,1198.242,7857,6208,2848.242,1199.242
ABT,1778526107000,1778526108705,1778526108705,1779437330317,1778526111857,1778526108850.134,1705,0,911221612,3152,145.134,4857,3152,1850.134,145.134
ABT,1778526108000,1778526109670,1778526109670,1779437330317,1778526124870,1778526111852.728,1670,0,911220647,15200,2182.728,16870,15200,3852.728,2182.728
ABT,1778526111000,1778526112771,1778526112771,1779437330317,1778526124870,1778526115757.905,1771,0,911217546,12099,2986.905,13870,12099,4757.905,2986.905
ABT,1778526115000,1778526116707,1778526116707,1779437330317,1778526124870,1778526120861.865,1707,0,911213610,8163,4154.865,9870,8163,5861.865,4154.865
ABT,1778526120000,1778526121759,1778526121759,1779437330318,1778526136881,1778526126867.602,1759,0,911208559,15122,5108.602,16881,15122,6867.602,5108.602
ABT,1778526126000,1778526127780,1778526127780,1779437330318,1778526136881,1778526130871.53,1780,0,911202538,9101,3091.53,10881,9101,4871.53,3091.53
ABT,1778526130000,1778526131688,1778526131688,1779437330318,1778526136881,1778526131872.666,1688,0,911198630,5193,184.666,6881,5193,1872.666,184.666
ABT,1778526132000,1778526133687,1778526133687,1779437330318,1778526136881,1778526134875.597,1687,0,911196631,3194,1188.597,4881,3194,2875.597,1188.597
ABT,1778526134000,1778526135684,1778526135685,1779437330319,1778526136881,1778526135777.316,1684,1,911194634,1196,92.316,2881,1197,1777.316,93.316
ABT,1778526135000,1778526136810,1778526136810,1779437330319,1778526149698,1778526137077.561,1810,0,911193509,12888,267.561,14698,12888,2077.561,267.561
ABT,1778526136000,1778526137691,1778526137691,1779437330319,1778526149698,1778526140881.442,1691,0,911192628,12007,3190.442,13698,12007,4881.442,3190.442
ABT,1778526140000,1778526141708,1778526141708,1779437330319,1778526149696,1778526141882.562,1708,0,911188611,7988,174.562,9696,7988,1882.562,174.562
ABT,1778526141000,1778526142755,1778526142755,1779437330319,1778526149698,1778526144985.239,1755,0,911187564,6943,2230.239,8698,6943,3985.239,2230.239
ABT,1778526145000,1778526146681,1778526146682,1779437330319,1778526149698,1778526146749.743,1681,1,911183637,3016,67.743,4698,3017,1749.743,68.743
ABT,1778526146000,1778526147697,1778526147697,1779437330319,1778526161714,1778526149891.047,1697,0,911182622,14017,2194.047,15714,14017,3891.047,2194.047
ABT,1778526149000,1778526150623,1778526150623,1779437330320,1778526161714,1778526152793.928,1623,0,911179697,11091,2170.928,12714,11091,3793.928,2170.928
ABT,1778526152000,1778526153697,1778526153697,1779437330320,1778526161714,1778526159900.593,1697,0,911176623,8017,6203.593,9714,8017,7900.593,6203.593
ABT,1778526159000,1778526161692,1778526161692,1779437330320,1778526173722,1778526161804.049,2692,0,911168628,12030,112.049,14722,12030,2804.049,112.049
ABT,1778526162000,1778526162715,1778526162715,1779437330320,1778526173722,1778526169811.643,715,0,911167605,11007,7096.643,11722,11007,7811.643,7096.643
ABT,1778526169000,1778526170746,1778526170746,1779437330321,1778526186834,1778526177820.096,1746,0,911159575,16088,7074.096,17834,16088,8820.096,7074.096
ABT,1778526177000,1778526178866,1778526178866,1779437330321,1778526186834,1778526180823.096,1866,0,911151455,7968,1957.096,9834,7968,3823.096,1957.096
ABT,1778526180000,1778526181810,1778526181810,1779437330321,1778526186834,1778526182223.241,1810,0,911148511,5024,413.241,6834,5024,2223.241,413.241
ABT,1778526181000,1778526182975,1778526182975,1779437330321,1778526199745,1778526186927.783,1975,0,911147346,16770,3952.783,18745,16770,5927.783,3952.783
ABT,1778526186000,1778526187727,1778526187727,1779437330321,1778526199745,1778526193734.355,1727,0,911142594,12018,6007.355,13745,12018,7734.355,6007.355
ABT,1778526193000,1778526194782,1778526194782,1779437330322,1778526199745,1778526194935.651,1782,0,911135540,4963,153.651,6745,4963,1935.651,153.651
ABT,1778526194000,1778526195674,1778526195674,1779437330322,1778526199745,1778526197037.768,1674,0,911134648,4071,1363.768,5745,4071,3037.768,1363.768
ABT,1778526197000,1778526198743,1778526198743,1779437330322,1778526211957,1778526199923.383,1743,0,911131579,13214,1180.383,14957,13214,2923.383,1180.383
ABT,1778526198000,1778526200767,1778526200767,1779437330322,1778526211957,1778526204811.574,2767,0,911129555,11190,4044.574,13957,11190,6811.574,4044.574
ABT,1778526204000,1778526205796,1778526205796,1779437330322,1778526211957,1778526206846.25,1796,0,911124526,6161,1050.25,7957,6161,2846.25,1050.25
ABT,1778526206000,1778526207792,1778526207792,1779437330323,1778526211957,1778526208849.057,1792,0,911122531,4165,1057.057,5957,4165,2849.057,1057.057
ABT,1778526208000,1778526209849,1778526209849,1779437330323,1778526211956,1778526209948.939,1849,0,911120474,2107,99.939,3956,2107,1948.939,99.939
ABT,1778526209000,1778526210712,1778526210712,1779437330323,1778526225672,1778526211951.93,1712,0,911119611,14960,1239.93,16672,14960,2951.93,1239.93
ABT,1778526211000,1778526212774,1778526212774,1779437330323,1778526225672,1778526220859.757,1774,0,911117549,12898,8085.757,14672,12898,9859.757,8085.757
ABT,1778526221000,1778526222742,1778526222743,1779437330323,1778526225672,1778526222861.421,1742,1,911107580,2929,118.421,4672,2930,1861.421,119.421
ABT,1778526222000,1778526223914,1778526223914,1779437330323,1778526225672,1778526224062.161,1914,0,911106409,1758,148.161,3672,1758,2062.161,148.161
ABT,1778526223000,1778526224682,1778526224683,1779437330323,1778526238783,1778526234872.622,1682,1,911105640,14100,10189.622,15783,14101,11872.622,10190.622
ABT,1778526234000,1778526235741,1778526235741,1779437330324,1778526238783,1778526236973.977,1741,0,911094583,3042,1232.977,4783,3042,2973.977,1232.977
ABT,1778526236000,1778526237642,1778526237642,1779437330324,1778526251893,1778526250886.901,1642,0,911092682,14251,13244.901,15893,14251,14886.901,13244.901
ABT,1778526250000,1778526251649,1778526251649,1779437330325,1778526264894,1778526251887.879,1649,0,911078676,13245,238.879,14894,13245,1887.879,238.879
ABT,1778526251000,1778526252761,1778526252761,1779437330325,1778526264894,1778526260831.984,1761,0,911077564,12133,8070.984,13894,12133,9831.984,8070.984
ABT,1778526260000,1778526261703,1778526261703,1779437330325,1778526264893,1778526261896.916,1703,0,911068622,3190,193.916,4893,3190,1896.916,193.916
ABT,1778526261000,1778526262762,1778526262763,1779437330326,1778526277716,1778526264883.125,1762,1,911067563,14953,2120.125,16716,14954,3883.125,2121.125
ABT,1778526264000,1778526265766,1778526265766,1779437330326,1778526277716,1778526265830.545,1766,0,911064560,11950,64.545,13716,11950,1830.545,64.545
ABT,1778526265000,1778526266823,1778526266824,1779437330326,1778526277716,1778526266900.993,1823,1,911063502,10892,76.993,12716,10893,1900.993,77.993
ABT,1778526266000,1778526267818,1778526267818,1779437330326,1778526277716,1778526267902.548,1818,0,911062508,9898,84.548,11716,9898,1902.548,84.548
ABT,1778526268000,1778526269798,1778526269798,1779437330326,1778526277716,1778526269904.087,1798,0,911060528,7918,106.087,9716,7918,1904.087,106.087
ABT,1778526269000,1778526270731,1778526270731,1779437330326,1778526277716,1778526270904.159,1731,0,911059595,6985,173.159,8716,6985,1904.159,173.159
ABT,1778526270000,1778526271861,1778526271861,1779437330326,1778526277716,1778526272021.365,1861,0,911058465,5855,160.365,7716,5855,2021.365,160.365
ABT,1778526272000,1778526273822,1778526273822,1779437330326,1778526277716,1778526275909.395,1822,0,911056504,3894,2087.395,5716,3894,3909.395,2087.395
ABT,1778526275000,1778526276767,1778526276768,1779437330326,1778526277716,1778526277009.667,1767,1,911053558,948,241.667,2716,949,2009.667,242.667
ABT,1778526276000,1778526277813,1778526277813,1779437330326,1778526289853,1778526277911.182,1813,0,911052513,12040,98.182,13853,12040,1911.182,98.182
ABT,1778526279000,1778526280772,1778526280772,1779437330326,1778526289853,1778526284016.651,1772,0,911049554,9081,3244.651,10853,9081,5016.651,3244.651
ABT,1778526283000,1778526284700,1778526284700,1779437330327,1778526289853,1778526287119.769,1700,0,911045627,5153,2419.769,6853,5153,4119.769,2419.769
ABT,1778526286000,1778526287698,1778526287698,1779437330327,1778526302138,1778526289922.721,1698,0,911042629,14440,2224.721,16138,14440,3922.721,2224.721
ABT,1778526290000,1778526291698,1778526291698,1779437330327,1778526302138,1778526291824.307,1698,0,911038629,10440,126.307,12138,10440,1824.307,126.307
ABT,1778526292000,1778526293718,1778526293718,1779437330327,1778526302138,1778526302032.798,1718,0,911036609,8420,8314.798,10138,8420,10032.798,8314.798
ABT,1778526302000,1778526303826,1778526303826,1779437330328,1778526313951,1778526304836.039,1826,0,911026502,10125,1010.039,11951,10125,2836.039,1010.039
ABT,1778526304000,1778526305690,1778526305691,1779437330328,1778526313951,1778526313845.058,1690,1,911024637,8260,8154.058,9951,8261,9845.058,8155.058
ABT,1778526313000,1778526314904,1778526314904,1779437330328,1778526326761,1778526316147.031,1904,0,911015424,11857,1243.031,13761,11857,3147.031,1243.031
ABT,1778526315000,1778526316916,1778526316916,1779437330328,1778526326761,1778526317949.706,1916,0,911013412,9845,1033.706,11761,9845,2949.706,1033.706
ABT,1778526317000,1778526318653,1778526318653,1779437330328,1778526326761,1778526324055.088,1653,0,911011675,8108,5402.088,9761,8108,7055.088,5402.088
ABT,1778526324000,1778526324774,1778526324774,1779437330329,1778526326761,1778526326157.484,774,0,911005555,1987,1383.484,2761,1987,2157.484,1383.484
ABT,1778526325000,1778526326854,1778526326854,1779437330329,1778526338970,1778526326958.121,1854,0,911003475,12116,104.121,13970,12116,1958.121,104.121
ABT,1778526326000,1778526327740,1778526327740,1779437330329,1778526338970,1778526330961.131,1740,0,911002589,11230,3221.131,12970,11230,4961.131,3221.131
ABT,1778526330000,1778526331750,1778526331750,1779437330329,1778526338970,1778526334965.073,1750,0,910998579,7220,3215.073,8970,7220,4965.073,3215.073
ABT,1778526334000,1778526335870,1778526335870,1779437330329,1778526338970,1778526337967.548,1870,0,910994459,3100,2097.548,4970,3100,3967.548,2097.548
ABT,1778526337000,1778526339826,1778526339826,1779437330330,1778526350982,1778526344963.947,2826,0,910990504,11156,5137.947,13982,11156,7963.947,5137.947
ABT,1778526345000,1778526345846,1778526345846,1779437330330,1778526350982,1778526346976.515,846,0,910984484,5136,1130.515,5982,5136,1976.515,1130.515
ABT,1778526346000,1778526347879,1778526347880,1779437330330,1778526350982,1778526347977.629,1879,1,910982450,3102,97.629,4982,3103,1977.629,98.629
ABT,1778526347000,1778526348876,1778526348876,1779437330330,1778526364092,1778526351981.265,1876,0,910981454,15216,3105.265,17092,15216,4981.265,3105.265
ABT,1778526351000,1778526352665,1778526352665,1779437330330,1778526364092,1778526352780.856,1665,0,910977665,11427,115.856,13092,11427,1780.856,115.856
ABT,1778526352000,1778526353834,1778526353834,1779437330330,1778526364092,1778526353983.549,1834,0,910976496,10258,149.549,12092,10258,1983.549,149.549
ABT,1778526353000,1778526354704,1778526354704,1779437330331,1778526364092,1778526354783.065,1704,0,910975627,9388,79.065,11092,9388,1783.065,79.065
ABT,1778526354000,1778526355796,1778526355796,1779437330331,1778526364092,1778526356985.551,1796,0,910974535,8296,1189.551,10092,8296,2985.551,1189.551
ABT,1778526356000,1778526357715,1778526357715,1779437330331,1778526364092,1778526357985.545,1715,0,910972616,6377,270.545,8092,6377,1985.545,270.545
ABT,1778526357000,1778526358894,1778526358894,1779437330331,1778526364092,1778526358986.483,1894,0,910971437,5198,92.483,7092,5198,1986.483,92.483
ABT,1778526359000,1778526360879,1778526360879,1779437330331,1778526364092,1778526363290.092,1879,0,910969452,3213,2411.092,5092,3213,4290.092,2411.092
ABT,1778526362000,1778526363948,1778526363948,1779437330331,1778526376006,1778526366994.636,1948,0,910966383,12058,3046.636,14006,12058,4994.636,3046.636
ABT,1778526366000,1778526367791,1778526367791,1779437330331,1778526376006,1778526368997.187,1791,0,910962540,8215,1206.187,10006,8215,2997.187,1206.187
ABT,1778526368000,1778526369864,1778526369864,1779437330331,1778526376006,1778526371998.96,1864,0,910960467,6142,2134.96,8006,6142,3998.96,2134.96
ABT,1778526371000,1778526372927,1778526372927,1779437330332,1778526387944,1778526376002.811,1927,0,910957405,15017,3075.811,16944,15017,5002.811,3075.811
ABT,1778526374000,1778526376935,1778526376936,1779437330332,1778526387944,1778526377003.259,2935,1,910953396,11008,67.259,13944,11009,3003.259,68.259
ABT,1778526376000,1778526378027,1778526378027,1779437330332,1778526387944,1778526379805.694,2027,0,910952305,9917,1778.694,11944,9917,3805.694,1778.694
ABT,1778526378000,1778526380910,1778526380910,1779437330332,1778526387944,1778526380976.067,2910,0,910949422,7034,66.067,9944,7034,2976.067,66.067
ABT,1778526380000,1778526381866,1778526381866,1779437330332,1778526387944,1778526382954.133,1866,0,910948466,6078,1088.133,7944,6078,2954.133,1088.133
ABT,1778526382000,1778526383775,1778526383775,1779437330333,1778526387944,1778526384010.139,1775,0,910946558,4169,235.139,5944,4169,2010.139,235.139
ABT,1778526383000,1778526384803,1778526384803,1779437330333,1778526387944,1778526385010.978,1803,0,910945530,3141,207.978,4944,3141,2010.978,207.978
ABT,1778526384000,1778526385858,1778526385858,1779437330333,1778526387944,1778526386012.371,1858,0,910944475,2086,154.371,3944,2086,2012.371,154.371
ABT,1778526385000,1778526386806,1778526386806,1779437330333,1778526399901,1778526389114.632,1806,0,910943527,13095,2308.632,14901,13095,4114.632,2308.632
ABT,1778526389000,1778526389907,1778526389907,1779437330333,1778526399904,1778526393019.528,907,0,910940426,9997,3112.528,10904,9997,4019.528,3112.528
ABT,1778526392000,1778526393940,1778526393940,1779437330333,1778526399904,1778526394819.717,1940,0,910936393,5964,879.717,7904,5964,2819.717,879.717
ABT,1778526394000,1778526395848,1778526395849,1779437330333,1778526399904,1778526396221.283,1848,1,910934484,4055,372.283,5904,4056,2221.283,373.283
ABT,1778526395000,1778526396701,1778526396701,1779437330333,1778526412010,1778526400967.571,1701,0,910933632,15309,4266.571,17010,15309,5967.571,4266.571
ABT,1778526400000,1778526401928,1778526401928,1779437330334,1778526412010,1778526402954.893,1928,0,910928406,10082,1026.893,12010,10082,2954.893,1026.893
ABT,1778526402000,1778526403797,1778526403797,1779437330334,1778526412010,1778526411034.44,1797,0,910926537,8213,7237.44,10010,8213,9034.44,7237.44
ABT,1778526410000,1778526411940,1778526411940,1779437330334,1778526423851,1778526412035.088,1940,0,910918394,11911,95.088,13851,11911,2035.088,95.088
ABT,1778526411000,1778526412931,1778526412931,1779437330334,1778526423851,1778526414861.19,1931,0,910917403,10920,1930.19,12851,10920,3861.19,1930.19
ABT,1778526414000,1778526415775,1778526415775,1779437330335,1778526423851,1778526418840.959,1775,0,910914560,8076,3065.959,9851,8076,4840.959,3065.959
ABT,1778526419000,1778526420761,1778526420761,1779437330335,1778526423848,1778526420843.185,1761,0,910909574,3087,82.185,4848,3087,1843.185,82.185
ABT,1778526420000,1778526421985,1778526421985,1779437330335,1778526423848,1778526422244.536,1985,0,910908350,1863,259.536,3848,1863,2244.536,259.536
ABT,1778526423000,1778526424995,1778526424995,1779437330335,1778526435960,1778526425148.084,1995,0,910905340,10965,153.084,12960,10965,2148.084,153.084
ABT,1778526424000,1778526425757,1778526425757,1779437330335,1778526436058,1778526425848.55,1757,0,910904578,10301,91.55,12058,10301,1848.55,91.55
ABT,1778526425000,1778526426957,1778526426957,1779437330335,1778526436058,1778526434057.802,1957,0,910903378,9101,7100.802,11058,9101,9057.802,7100.802
ABT,1778526433000,1778526435005,1778526435005,1779437330335,1778526436058,1778526435157.598,2005,0,910895330,1053,152.598,3058,1053,2157.598,152.598
ABT,1778526435000,1778526436018,1778526436018,1779437330336,1778526449071,1778526436858.87,1018,0,910894318,13053,840.87,14071,13053,1858.87,840.87
ABT,1778526437000,1778526438724,1778526438724,1779437330336,1778526449071,1778526439978.216,1724,0,910891612,10347,1254.216,12071,10347,2978.216,1254.216
ABT,1778526439000,1778526441945,1778526441946,1779437330336,1778526449071,1778526444866.86,2945,1,910888390,7125,2920.86,10071,7126,5866.86,2921.86
ABT,1778526444000,1778526445839,1778526445839,1779437330336,1778526449071,1778526446068.146,1839,0,910884497,3232,229.146,5071,3232,2068.146,229.146
ABT,1778526447000,1778526447908,1778526447908,1779437330336,1778526449071,1778526448959.684,908,0,910882428,1163,1051.684,2071,1163,1959.684,1051.684
ABT,1778526448000,1778526449817,1778526449817,1779437330336,1778526461969,1778526452874.59,1817,0,910880519,12152,3057.59,13969,12152,4874.59,3057.59
ABT,1778526452000,1778526453875,1778526453875,1779437330337,1778526461969,1778526454276.507,1875,0,910876462,8094,401.507,9969,8094,2276.507,401.507
ABT,1778526453000,1778526454716,1778526454716,1779437330337,1778526461969,1778526456077.898,1716,0,910875621,7253,1361.898,8969,7253,3077.898,1361.898
ABT,1778526456000,1778526456735,1778526456735,1779437330337,1778526461969,1778526458081.54,735,0,910873602,5234,1346.54,5969,5234,2081.54,1346.54
ABT,1778526457000,1778526458726,1778526458727,1779437330337,1778526474038,1778526463985.435,1726,1,910871610,15311,5258.435,17038,15312,6985.435,5259.435
ABT,1778526463000,1778526464835,1778526464835,1779437330337,1778526474038,1778526466887.7,1835,0,910865502,9203,2052.7,11038,9203,3887.7,2052.7
ABT,1778526466000,1778526467744,1778526467744,1779437330337,1778526474038,1778526470892.524,1744,0,910862593,6294,3148.524,8038,6294,4892.524,3148.524
ABT,1778526470000,1778526471718,1778526471718,1779437330338,1778526474038,1778526473794.331,1718,0,910858620,2320,2076.331,4038,2320,3794.331,2076.331
ABT,1778526474000,1778526474954,1778526474954,1779437330338,1778526486906,1778526477898.173,954,0,910855384,11952,2944.173,12906,11952,3898.173,2944.173
ABT,1778526477000,1778526478772,1778526478773,1779437330338,1778526486906,1778526483004.669,1772,1,910851565,8133,4231.669,9906,8134,6004.669,4232.669
ABT,1778526482000,1778526483757,1778526483757,1779437330338,1778526486906,1778526484905.584,1757,0,910846581,3149,1148.584,4906,3149,2905.584,1148.584
ABT,1778526484000,1778526486002,1778526486003,1779437330338,1778526486906,1778526486107.166,2002,1,910844335,903,104.166,2906,904,2107.166,105.166
ABT,1778526485000,1778526486744,1778526486744,1779437330339,1778526486906,1778526486807.251,1744,0,910843595,162,63.251,1906,162,1807.251,63.251
ABT,1778526486000,1778526487928,1778526487928,1779437330339,1778526499119,1778526488009.527,1928,0,910842411,11191,81.527,13119,11191,2009.527,81.527
ABT,1778526487000,1778526488815,1778526488815,1779437330339,1778526499119,1778526489109.95,1815,0,910841524,10304,294.95,12119,10304,2109.95,294.95
ABT,1778526488000,1778526489780,1778526489780,1779437330339,1778526499119,1778526489909.963,1780,0,910840559,9339,129.963,11119,9339,1909.963,129.963
ABT,1778526489000,1778526490750,1778526490750,1779437330339,1778526499119,1778526490810.586,1750,0,910839589,8369,60.586,10119,8369,1810.586,60.586
ABT,1778526491000,1778526491767,1778526491767,1779437330339,1778526499119,1778526494014.308,767,0,910838572,7352,2247.308,8119,7352,3014.308,2247.308
ABT,1778526494000,1778526495764,1778526495764,1779437330339,1778526499119,1778526495915.435,1764,0,910834575,3355,151.435,5119,3355,1915.435,151.435
ABT,1778526496000,1778526496813,1778526496813,1779437330339,1778526511130,1778526499996.657,813,0,910833526,14317,3183.657,15130,14317,3996.657,3183.657
ABT,1778526499000,1778526500807,1778526500808,1779437330339,1778526511130,1778526501872.035,1807,1,910829531,10322,1064.035,12130,10323,2872.035,1065.035
ABT,1778526501000,1778526502906,1778526502906,1779437330340,1778526511130,1778526503924.047,1906,0,910827434,8224,1018.047,10130,8224,2924.047,1018.047
ABT,1778526504000,1778526504799,1778526504799,1779437330340,1778526511130,1778526507826.643,799,0,910825541,6331,3027.643,7130,6331,3826.643,3027.643
ABT,1778526507000,1778526508805,1778526508805,1779437330340,1778526524023,1778526512831.102,1805,0,910821535,15218,4026.102,17023,15218,5831.102,4026.102
ABT,1778526512000,1778526513782,1778526513782,1779437330340,1778526524023,1778526518836.831,1782,0,910816558,10241,5054.831,12023,10241,6836.831,5054.831
ABT,1778526518000,1778526519949,1778526519949,1779437330341,1778526524023,1778526523040.368,1949,0,910810392,4074,3091.368,6023,4074,5040.368,3091.368
ABT,1778526522000,1778526523754,1778526523754,1779437330341,1778526524023,1778526523841.295,1754,0,910806587,269,87.295,2023,269,1841.295,87.295
ABT,1778526523000,1778526524787,1778526524788,1779437330341,1778526536957,1778526524942.097,1787,1,910805553,12169,154.097,13957,12170,1942.097,155.097
ABT,1778526524000,1778526525852,1778526525852,1779437330341,1778526536957,1778526527146.102,1852,0,910804489,11105,1294.102,12957,11105,3146.102,1294.102
ABT,1778526526000,1778526527790,1778526527790,1779437330341,1778526536957,1778526527845.571,1790,0,910802551,9167,55.571,10957,9167,1845.571,55.571
ABT,1778526527000,1778526528756,1778526528756,1779437330341,1778526536957,1778526528846.215,1756,0,910801585,8201,90.215,9957,8201,1846.215,90.215
ABT,1778526528000,1778526529927,1778526529927,1779437330341,1778526536957,1778526530949.094,1927,0,910800414,7030,1022.094,8957,7030,2949.094,1022.094
ABT,1778526531000,1778526531990,1778526531990,1779437330341,1778526536957,1778526532950.472,990,0,910798351,4967,960.472,5957,4967,1950.472,960.472
ABT,1778526532000,1778526533815,1778526533815,1779437330342,1778526549067,1778526538054.61,1815,0,910796527,15252,4239.61,17067,15252,6054.61,4239.61
ABT,1778526537000,1778526538792,1778526538792,1779437330342,1778526549067,1778526538855.482,1792,0,910791550,10275,63.482,12067,10275,1855.482,63.482
ABT,1778526538000,1778526539748,1778526539748,1779437330342,1778526549067,1778526539856.11,1748,0,910790594,9319,108.11,11067,9319,1856.11,108.11
ABT,1778526540000,1778526540818,1778526540818,1779437330342,1778526549067,1778526543159.057,818,0,910789524,8249,2341.057,9067,8249,3159.057,2341.057
ABT,1778526542000,1778526543984,1778526543984,1779437330342,1778526549067,1778526548264.336,1984,0,910786358,5083,4280.336,7067,5083,6264.336,4280.336
ABT,1778526548000,1778526549730,1778526549730,1779437330343,1778526561880,1778526552467.057,1730,0,910780613,12150,2737.057,13880,12150,4467.057,2737.057
ABT,1778526551000,1778526552876,1778526552877,1779437330343,1778526561880,1778526555970.732,1876,1,910777466,9003,3093.732,10880,9004,4970.732,3094.732
ABT,1778526555000,1778526557028,1778526557028,1779437330343,1778526573991,1778526563978.264,2028,0,910773315,16963,6950.264,18991,16963,8978.264,6950.264
ABT,1778526563000,1778526564871,1778526564871,1779437330344,1778526573991,1778526569183.593,1871,0,910765473,9120,4312.593,10991,9120,6183.593,4312.593
ABT,1778526568000,1778526569834,1778526569834,1779437330344,1778526586065,1778526575288.835,1834,0,910760510,16231,5454.835,18065,16231,7288.835,5454.835
ABT,1778526574000,1778526575877,1778526575877,1779437330344,1778526586065,1778526575989.347,1877,0,910754467,10188,112.347,12065,10188,1989.347,112.347
ABT,1778526575000,1778526576793,1778526576793,1779437330344,1778526586065,1778526577891.061,1793,0,910753551,9272,1098.061,11065,9272,2891.061,1098.061
ABT,1778526577000,1778526578811,1778526578811,1779437330344,1778526586065,1778526580080.456,1811,0,910751533,7254,1269.456,9065,7254,3080.456,1269.456
ABT,1778526580000,1778526581990,1778526581991,1779437330344,1778526586065,1778526582194.816,1990,1,910748353,4074,203.816,6065,4075,2194.816,204.816
ABT,1778526582000,1778526583921,1778526583921,1779437330344,1778526586065,1778526584897.515,1921,0,910746423,2144,976.515,4065,2144,2897.515,976.515
ABT,1778526585000,1778526585857,1778526585857,1779437330345,1778526598119,1778526593906.942,857,0,910744488,12262,8049.942,13119,12262,8906.942,8049.942
ABT,1778526593000,1778526594834,1778526594834,1779437330345,1778526609129,1778526598911.077,1834,0,910735511,14295,4077.077,16129,14295,5911.077,4077.077
ABT,1778526598000,1778526599811,1778526599812,1779437330345,1778526609129,1778526600034.47,1811,1,910730533,9317,222.47,11129,9318,2034.47,223.47
ABT,1778526599000,1778526600914,1778526600914,1779437330345,1778526609129,1778526601013.505,1914,0,910729431,8215,99.505,10129,8215,2013.505,99.505
ABT,1778526600000,1778526602114,1778526602114,1779437330345,1778526609129,1778526602814.739,2114,0,910728231,7015,700.739,9129,7015,2814.739,700.739
ABT,1778526602000,1778526602984,1778526602984,1779437330345,1778526609129,1778526604017.329,984,0,910727361,6145,1033.329,7129,6145,2017.329,1033.329
ABT,1778526605000,1778526606002,1778526606002,1779437330346,1778526621043,1778526612125.26,1002,0,910724344,15041,6123.26,16043,15041,7125.26,6123.26
ABT,1778526612000,1778526612848,1778526612849,1779437330346,1778526632127,1778526621935.184,848,1,910717497,19278,9086.184,20127,19279,9935.184,9087.184
ABT,1778526621000,1778526622854,1778526622854,1779437330347,1778526632127,1778526624937.631,1854,0,910707493,9273,2083.631,11127,9273,3937.631,2083.631
ABT,1778526624000,1778526625777,1778526625777,1779437330347,1778526632127,1778526625838.121,1777,0,910704570,6350,61.121,8127,6350,1838.121,61.121
ABT,1778526626000,1778526627810,1778526627810,1779437330347,1778526632127,1778526630243.324,1810,0,910702537,4317,2433.324,6127,4317,4243.324,2433.324
ABT,1778526629000,1778526630989,1778526630989,1779437330347,1778526644219,1778526635948.424,1989,0,910699358,13230,4959.424,15219,13230,6948.424,4959.424
ABT,1778526635000,1778526636816,1778526636816,1779437330348,1778526644219,1778526637950.005,1816,0,910693532,7403,1134.005,9219,7403,2950.005,1134.005
ABT,1778526637000,1778526638788,1778526638788,1779437330348,1778526644219,1778526640953.22,1788,0,910691560,5431,2165.22,7219,5431,3953.22,2165.22
ABT,1778526640000,1778526641858,1778526641858,1779437330348,1778526657177,1778526645957.815,1858,0,910688490,15319,4099.815,17177,15319,5957.815,4099.815
ABT,1778526646000,1778526646986,1778526646986,1779437330348,1778526657177,1778526647058.449,986,0,910683362,10191,72.449,11177,10191,1058.449,72.449
ABT,1778526647000,1778526647837,1778526647837,1779437330348,1778526657177,1778526647959.637,837,0,910682511,9340,122.637,10177,9340,959.637,122.637
ABT,1778526648000,1778526648789,1778526648789,1779437330348,1778526657177,1778526650106.12,789,0,910681559,8388,1317.12,9177,8388,2106.12,1317.12
ABT,1778526649000,1778526650924,1778526650924,1779437330348,1778526657177,1778526651963.147,1924,0,910679424,6253,1039.147,8177,6253,2963.147,1039.147
ABT,1778526651000,1778526652832,1778526652832,1779437330349,1778526657177,1778526654965.615,1832,0,910677517,4345,2133.615,6177,4345,3965.615,2133.615
ABT,1778526654000,1778526655795,1778526655795,1779437330349,1778526657177,1778526655866.819,1795,0,910674554,1382,71.819,3177,1382,1866.819,71.819
ABT,1778526656000,1778526657822,1778526657823,1779437330349,1778526668391,1778526658068.739,1822,1,910672526,10568,245.739,12391,10569,2068.739,246.739
ABT,1778526658000,1778526658841,1778526658841,1779437330349,1778526668894,1778526658969.42,841,0,910671508,10053,128.42,10894,10053,969.42,128.42
ABT,1778526660000,1778526660936,1778526660936,1779437330349,1778526668894,1778526666979.513,936,0,910669413,7958,6043.513,8894,7958,6979.513,6043.513
ABT,1778526667000,1778526667890,1778526667890,1779437330349,1778526681008,1778526669181.451,890,0,910662459,13118,1291.451,14008,13118,2181.451,1291.451
ABT,1778526669000,1778526669797,1778526669797,1779437330350,1778526681008,1778526669882.056,797,0,910660553,11211,85.056,12008,11211,882.056,85.056
ABT,1778526670000,1778526670989,1778526670989,1779437330350,1778526681008,1778526671884.367,989,0,910659361,10019,895.367,11008,10019,1884.367,895.367
ABT,1778526671000,1778526672893,1778526672893,1779437330350,1778526681005,1778526673085.448,1893,0,910657457,8112,192.448,10005,8112,2085.448,192.448
ABT,1778526673000,1778526673817,1778526673817,1779437330350,1778526681008,1778526674987.308,817,0,910656533,7191,1170.308,8008,7191,1987.308,1170.308
ABT,1778526674000,1778526675789,1778526675790,1779437330350,1778526681008,1778526675888.176,1789,1,910654560,5218,98.176,7008,5219,1888.176,99.176
ABT,1778526677000,1778526678890,1778526678890,1779437330350,1778526681008,1778526679992.345,1890,0,910651460,2118,1102.345,4008,2118,2992.345,1102.345
ABT,1778526679000,1778526680890,1778526680890,1779437330350,1778526693321,1778526688000.94,1890,0,910649460,12431,7110.94,14321,12431,9000.94,7110.94
ABT,1778526687000,1778526689015,1778526689015,1779437330351,1778526693321,1778526690960.593,2015,0,910641336,4306,1945.593,6321,4306,3960.593,1945.593
ABT,1778526690000,1778526691911,1778526691911,1779437330351,1778526706233,1778526694006.683,1911,0,910638440,14322,2095.683,16233,14322,4006.683,2095.683
ABT,1778526692000,1778526694923,1778526694923,1779437330351,1778526706233,1778526695007.573,2923,0,910635428,11310,84.573,14233,11310,3007.573,84.573
ABT,1778526695000,1778526696050,1778526696050,1779437330351,1778526706233,1778526700012.66,1050,0,910634301,10183,3962.66,11233,10183,5012.66,3962.66
ABT,1778526699000,1778526700930,1778526700930,1779437330351,1778526706233,1778526703116.185,1930,0,910629421,5303,2186.185,7233,5303,4116.185,2186.185
ABT,1778526702000,1778526703900,1778526703900,1779437330352,1778526706233,1778526704117.118,1900,0,910626452,2333,217.118,4233,2333,2117.118,217.118
ABT,1778526704000,1778526704859,1778526704859,1779437330352,1778526706233,1778526706118.831,859,0,910625493,1374,1259.831,2233,1374,2118.831,1259.831
ABT,1778526705000,1778526706957,1778526706957,1779437330352,1778526718343,1778526707220.821,1957,0,910623395,11386,263.821,13343,11386,2220.821,263.821
ABT,1778526707000,1778526708038,1778526708038,1779437330352,1778526718343,1778526708922.259,1038,0,910622314,10305,884.259,11343,10305,1922.259,884.259
ABT,1778526709000,1778526709823,1778526709823,1779437330352,1778526718343,1778526715088.425,823,0,910620529,8520,5265.425,9343,8520,6088.425,5265.425
ABT,1778526714000,1778526715838,1778526715838,1779437330352,1778526718343,1778526716129.338,1838,0,910614514,2505,291.338,4343,2505,2129.338,291.338
ABT,1778526715000,1778526716909,1778526716909,1779437330352,1778526718343,1778526717931.106,1909,0,910613443,1434,1022.106,3343,1434,2931.106,1022.106
ABT,1778526717000,1778526718825,1778526718825,1779437330352,1778526730271,1778526724137.525,1825,0,910611527,11446,5312.525,13271,11446,7137.525,5312.525
ABT,1778526723000,1778526724890,1778526724890,1779437330353,1778526730271,1778526725038.417,1890,0,910605463,5381,148.417,7271,5381,2038.417,148.417
ABT,1778526724000,1778526725864,1778526725864,1779437330353,1778526730271,1778526727122.79,1864,0,910604489,4407,1258.79,6271,4407,3122.79,1258.79
ABT,1778526726000,1778526727900,1778526727900,1779437330353,1778526742269,1778526740954.08,1900,0,910602453,14369,13054.08,16269,14369,14954.08,13054.08
ABT,1778526740000,1778526742063,1778526742064,1779437330354,1778526754282,1778526744957.504,2063,1,910588290,12218,2893.504,14282,12219,4957.504,2894.504
ABT,1778526745000,1778526746887,1778526746887,1779437330354,1778526754282,1778526749162.035,1887,0,910583467,7395,2275.035,9282,7395,4162.035,2275.035
ABT,1778526748000,1778526749890,1778526749890,1779437330354,1778526754282,1778526750263.552,1890,0,910580464,4392,373.552,6282,4392,2263.552,373.552
ABT,1778526750000,1778526751168,1778526751169,1779437330354,1778526754282,1778526752164.956,1168,1,910579185,3113,995.956,4282,3114,2164.956,996.956
ABT,1778526752000,1778526752874,1778526752874,1779437330354,1778526767196,1778526757971.648,874,0,910577480,14322,5097.648,15196,14322,5971.648,5097.648
ABT,1778526758000,1778526759823,1778526759823,1779437330355,1778526767196,1778526760973.739,1823,0,910570532,7373,1150.739,9196,7373,2973.739,1150.739
ABT,1778526761000,1778526761917,1778526761917,1779437330355,1778526780010,1778526769986.83,917,0,910568438,18093,8069.83,19010,18093,8986.83,8069.83
ABT,1778526770000,1778526770813,1778526770814,1779437330355,1778526780009,1778526771989.635,813,1,910559541,9195,1175.635,10009,9196,1989.635,1176.635
ABT,1778526771000,1778526773025,1778526773026,1779437330356,1778526780010,1778526773991.268,2025,1,910557330,6984,965.268,9010,6985,2991.268,966.268
ABT,1778526772000,1778526774863,1778526774863,1779437330356,1778526792322,1778526781044.517,2863,0,910555493,17459,6181.517,20322,17459,9044.517,6181.517
ABT,1778526781000,1778526782144,1778526782145,1779437330356,1778526792322,1778526782400.099,1144,1,910548211,10177,255.099,11322,10178,1400.099,256.099
ABT,1778526782000,1778526783918,1778526783918,1779437330356,1778526792322,1778526787104.693,1918,0,910546438,8404,3186.693,10322,8404,5104.693,3186.693
ABT,1778526787000,1778526787960,1778526787960,1779437330356,1778526792322,1778526788205.837,960,0,910542396,4362,245.837,5322,4362,1205.837,245.837
ABT,1778526788000,1778526789902,1778526789902,1779437330357,1778526792322,1778526792110.033,1902,0,910540455,2420,2208.033,4322,2420,4110.033,2208.033
ABT,1778526793000,1778526794929,1778526794930,1779437330357,1778526805133,1778526795013.403,1929,1,910535427,10203,83.403,12133,10204,2013.403,84.403
ABT,1778526794000,1778526795863,1778526795863,1779437330357,1778526805136,1778526796014.122,1863,0,910534494,9273,151.122,11136,9273,2014.122,151.122
ABT,1778526795000,1778526797357,1778526797357,1779437330357,1778526805136,1778526800001.598,2357,0,910533000,7779,2644.598,10136,7779,5001.598,2644.598
ABT,1778526799000,1778526800958,1778526800958,1779437330357,1778526816066,1778526807226.57,1958,0,910529399,15108,6268.57,17066,15108,8226.57,6268.57
ABT,1778526806000,1778526807887,1778526807887,1779437330357,1778526816066,1778526808026.998,1887,0,910522470,8179,139.998,10066,8179,2026.998,139.998
ABT,1778526807000,1778526808918,1778526808918,1779437330358,1778526816066,1778526809191.312,1918,0,910521440,7148,273.312,9066,7148,2191.312,273.312
ABT,1778526808000,1778526810883,1778526810883,1779437330358,1778526816066,1778526812131.497,2883,0,910519475,5183,1248.497,8066,5183,4131.497,1248.497
ABT,1778526811000,1778526812880,1778526812880,1779437330358,1778526816066,1778526813031.958,1880,0,910517478,3186,151.958,5066,3186,2031.958,151.958
ABT,1778526812000,1778526813974,1778526813975,1779437330358,1778526816045,1778526814233.289,1974,1,910516383,2070,258.289,4045,2071,2233.289,259.289
ABT,1778526813000,1778526815092,1778526815092,1779437330358,1778526816066,1778526815234.455,2092,0,910515266,974,142.455,3066,974,2234.455,142.455
ABT,1778526814000,1778526815914,1778526815914,1779437330358,1778526816066,1778526816034.83,1914,0,910514444,152,120.83,2066,152,2034.83,120.83
ABT,1778526816000,1778526816878,1778526816878,1779437330358,1778526828158,1778526827946.578,878,0,910513480,11280,11068.578,12158,11280,11946.578,11068.578
ABT,1778526827000,1778526828894,1778526828894,1779437330359,1778526840569,1778526831250.242,1894,0,910501465,11675,2356.242,13569,11675,4250.242,2356.242
ABT,1778526830000,1778526831885,1778526831885,1779437330359,1778526840569,1778526833052.654,1885,0,910498474,8684,1167.654,10569,8684,3052.654,1167.654
ABT,1778526832000,1778526833888,1778526833888,1779437330359,1778526840569,1778526834153.317,1888,0,910496471,6681,265.317,8569,6681,2153.317,265.317
ABT,1778526833000,1778526834938,1778526834938,1779437330359,1778526840569,1778526835955.933,1938,0,910495421,5631,1017.933,7569,5631,2955.933,1017.933
ABT,1778526836000,1778526836880,1778526836880,1779437330359,1778526840569,1778526838457.792,880,0,910493479,3689,1577.792,4569,3689,2457.792,1577.792
ABT,1778526837000,1778526839001,1778526839001,1779437330359,1778526840569,1778526839059.129,2001,0,910491358,1568,58.129,3569,1568,2059.129,58.129
ABT,1778526840000,1778526840949,1778526840949,1779437330359,1778526853286,1778526842061.785,949,0,910489410,12337,1112.785,13286,12337,2061.785,1112.785
ABT,1778526841000,1778526843046,1778526843047,1779437330359,1778526853286,1778526844163.948,2046,1,910487312,10239,1116.948,12286,10240,3163.948,1117.948
ABT,1778526845000,1778526846880,1778526846881,1779437330360,1778526853286,1778526848067.788,1880,1,910483479,6405,1186.788,8286,6406,3067.788,1187.788
ABT,1778526848000,1778526848893,1778526848894,1779437330360,1778526853286,1778526853072.979,893,1,910481466,4392,4178.979,5286,4393,5072.979,4179.979
ABT,1778526852000,1778526853898,1778526853898,1779437330360,1778526865998,1778526857277.112,1898,0,910476462,12100,3379.112,13998,12100,5277.112,3379.112
ABT,1778526858000,1778526858908,1778526858908,1779437330360,1778526865998,1778526861180.606,908,0,910471452,7090,2272.606,7998,7090,3180.606,2272.606
ABT,1778526860000,1778526861870,1778526861870,1779437330360,1778526865998,1778526861981.704,1870,0,910468490,4128,111.704,5998,4128,1981.704,111.704
ABT,1778526861000,1778526862901,1778526862901,1779437330361,1778526865998,1778526864183.76,1901,0,910467460,3097,1282.76,4998,3097,3183.76,1282.76
ABT,1778526864000,1778526864957,1778526864958,1779437330361,1778526865998,1778526865084.933,957,1,910465403,1040,126.933,1998,1041,1084.933,127.933
ABT,1778526865000,1778526865867,1778526865868,1779437330361,1778526878406,1778526867187.509,867,1,910464493,12538,1319.509,13406,12539,2187.509,1320.509
ABT,1778526866000,1778526868070,1778526868070,1779437330361,1778526878406,1778526868188.13,2070,0,910462291,10336,118.13,12406,10336,2188.13,118.13
ABT,1778526868000,1778526869093,1778526869093,1779437330361,1778526878347,1778526870047.829,1093,0,910461268,9254,954.829,10347,9254,2047.829,954.829
ABT,1778526869000,1778526871099,1778526871099,1779437330361,1778526878347,1778526871191.808,2099,0,910459262,7248,92.808,9347,7248,2191.808,92.808
ABT,1778526870000,1778526871923,1778526871923,1779437330361,1778526878406,1778526874995.2,1923,0,910458438,6483,3072.2,8406,6483,4995.2,3072.2
ABT,1778526875000,1778526875950,1778526875950,1779437330361,1778526878406,1778526876997.792,950,0,910454411,2456,1047.792,3406,2456,1997.792,1047.792
ABT,1778526878000,1778526879982,1778526879982,1779437330362,1778526890360,1778526880963.221,1982,0,910450380,10378,981.221,12360,10378,2963.221,981.221
ABT,1778526880000,1778526881917,1778526881917,1779437330362,1778526890360,1778526882003.086,1917,0,910448445,8443,86.086,10360,8443,2003.086,86.086
ABT,1778526881000,1778526882896,1778526882896,1779437330362,1778526890360,1778526883004.405,1896,0,910447466,7464,108.405,9360,7464,2004.405,108.405
ABT,1778526882000,1778526884024,1778526884024,1779437330362,1778526890360,1778526885006.734,2024,0,910446338,6336,982.734,8360,6336,3006.734,982.734
ABT,1778526885000,1778526886151,1778526886151,1779437330362,1778526902434,1778526892955.459,1151,0,910444211,16283,6804.459,17434,16283,7955.459,6804.459
ABT,1778526893000,1778526893914,1778526893914,1779437330362,1778526902434,1778526897113.205,914,0,910436448,8520,3199.205,9434,8520,4113.205,3199.205
ABT,1778526897000,1778526897854,1778526897854,1779437330363,1778526902434,1778526899221.5,854,0,910432509,4580,1367.5,5434,4580,2221.5,1367.5
ABT,1778526899000,1778526899922,1778526899922,1779437330363,1778526914047,1778526902554.813,922,0,910430441,14125,2632.813,15047,14125,3554.813,2632.813
ABT,1778526901000,1778526902237,1778526902237,1779437330363,1778526914047,1778526907156.743,1237,0,910428126,11810,4919.743,13047,11810,6156.743,4919.743
ABT,1778526906000,1778526907903,1778526907903,1779437330363,1778526914047,1778526907993.662,1903,0,910422460,6144,90.662,8047,6144,1993.662,90.662
ABT,1778526907000,1778526909077,1778526909077,1779437330364,1778526914047,1778526912135.315,2077,0,910421287,4970,3058.315,7047,4970,5135.315,3058.315
ABT,1778526912000,1778526912984,1778526912984,1779437330364,1778526926263,1778526924147.642,984,0,910417380,13279,11163.642,14263,13279,12147.642,11163.642
ABT,1778526924000,1778526924997,1778526924997,1779437330365,1778526926263,1778526926149.837,997,0,910405368,1266,1152.837,2263,1266,2149.837,1152.837
ABT,1778526925000,1778526926928,1778526926928,1779437330365,1778526938176,1778526932255.874,1928,0,910403437,11248,5327.874,13176,11248,7255.874,5327.874
ABT,1778526931000,1778526932976,1778526932976,1779437330365,1778526938176,1778526936060.494,1976,0,910397389,5200,3084.494,7176,5200,5060.494,3084.494
ABT,1778526935000,1778526936922,1778526936922,1779437330365,1778526938176,1778526937148.13,1922,0,910393443,1254,226.13,3176,1254,2148.13,226.13
ABT,1778526937000,1778526938072,1778526938072,1779437330365,1778526949583,1778526938162.878,1072,0,910392293,11511,90.878,12583,11511,1162.878,90.878
ABT,1778526939000,1778526941100,1778526941100,1779437330366,1778526949584,1778526941265.78,2100,0,910389266,8484,165.78,10584,8484,2265.78,165.78
ABT,1778526940000,1778526941973,1778526941973,1779437330366,1778526949584,1778526946071.335,1973,0,910388393,7611,4098.335,9584,7611,6071.335,4098.335
ABT,1778526945000,1778526946013,1778526946013,1779437330366,1778526949583,1778526947072.179,1013,0,910384353,3570,1059.179,4583,3570,2072.179,1059.179
ABT,1778526946000,1778526947997,1778526947997,1779437330366,1778526961615,1778526957082.394,1997,0,910382369,13618,9085.394,15615,13618,11082.394,9085.394
ABT,1778526956000,1778526957984,1778526957984,1779437330367,1778526961615,1778526958083.368,1984,0,910372383,3631,99.368,5615,3631,2083.368,99.368
ABT,1778526957000,1778526959090,1778526959090,1779437330367,1778526961615,1778526959145.668,2090,0,910371277,2525,55.668,4615,2525,2145.668,55.668
ABT,1778526959000,1778526960981,1778526960981,1779437330367,1778526973425,1778526964294.632,1981,0,910369386,12444,3313.632,14425,12444,5294.632,3313.632
ABT,1778526963000,1778526964969,1778526964969,1779437330367,1778526973409,1778526965096.187,1969,0,910365398,8440,127.187,10409,8440,2096.187,127.187
ABT,1778526965000,1778526965983,1778526965984,1779437330367,1778526973425,1778526967015.142,983,1,910364383,7441,1031.142,8425,7442,2015.142,1032.142
ABT,1778526966000,1778526968168,1778526968168,1779437330367,1778526985625,1778526977207.703,2168,0,910362199,17457,9039.703,19625,17457,11207.703,9039.703
ABT,1778526977000,1778526977877,1778526977877,1779437330368,1778526985625,1778526979109.49,877,0,910352491,7748,1232.49,8625,7748,2109.49,1232.49
ABT,1778526978000,1778526979905,1778526979905,1779437330368,1778526985625,1778526983013.92,1905,0,910350463,5720,3108.92,7625,5720,5013.92,3108.92
ABT,1778526983000,1778526984952,1778526984952,1779437330368,1778526998232,1778526989020.909,1952,0,910345416,13280,4068.909,15232,13280,6020.909,4068.909
ABT,1778526988000,1778526990007,1778526990007,1779437330369,1778526998232,1778526993124.4,2007,0,910340362,8225,3117.4,10232,8225,5124.4,3117.4
ABT,1778526992000,1778526993907,1778526993907,1779437330369,1778526998232,1778526995126.506,1907,0,910336462,4325,1219.506,6232,4325,3126.506,1219.506
ABT,1778526995000,1778526995945,1778526995945,1779437330369,1778526998232,1778526996127.277,945,0,910334424,2287,182.277,3232,2287,1127.277,182.277
ABT,1778526996000,1778526996978,1778526996978,1779437330369,1778526998232,1778526997128.788,978,0,910333391,1254,150.788,2232,1254,1128.788,150.788
ABT,1778526997000,1778526998920,1778526998920,1779437330369,1778527010453,1778526999030.18,1920,0,910331449,11533,110.18,13453,11533,2030.18,110.18
ABT,1778526998000,1778527000221,1778527000221,1779437330369,1778527010454,1778527000331.45,2221,0,910330148,10233,110.45,12454,10233,2331.45,110.45
ABT,1778527000000,1778527002012,1778527002012,1779437330369,1778527010454,1778527005241.221,2012,0,910328357,8442,3229.221,10454,8442,5241.221,3229.221
ABT,1778527004000,1778527006006,1778527006006,1779437330369,1778527010453,1778527006142.735,2006,0,910324363,4447,136.735,6453,4447,2142.735,136.735
ABT,1778527005000,1778527007082,1778527007082,1779437330370,1778527010454,1778527008244.272,2082,0,910323288,3372,1162.272,5454,3372,3244.272,1162.272
ABT,1778527007000,1778527008171,1778527008171,1779437330370,1778527010454,1778527010046.976,1171,0,910322199,2283,1875.976,3454,2283,3046.976,1875.976
ABT,1778527009000,1778527011149,1778527011149,1779437330370,1778527022768,1778527019256.036,2149,0,910319221,11619,8107.036,13768,11619,10256.036,8107.036
ABT,1778527018000,1778527019995,1778527019995,1779437330370,1778527022768,1778527022158.425,1995,0,910310375,2773,2163.425,4768,2773,4158.425,2163.425
ABT,1778527022000,1778527023182,1778527023182,1779437330371,1778527034583,1778527025062.223,1182,0,910307189,11401,1880.223,12583,11401,3062.223,1880.223
ABT,1778527024000,1778527025942,1778527025942,1779437330371,1778527034583,1778527028164.422,1942,0,910304429,8641,2222.422,10583,8641,4164.422,2222.422
ABT,1778527029000,1778527030003,1778527030003,1779437330371,1778527034583,1778527031069.149,1003,0,910300368,4580,1066.149,5583,4580,2069.149,1066.149
ABT,1778527031000,1778527031961,1778527031961,1779437330371,1778527047298,1778527039076.743,961,0,910298410,15337,7115.743,16298,15337,8076.743,7115.743
ABT,1778527038000,1778527039934,1778527039934,1779437330372,1778527047298,1778527043084.449,1934,0,910290438,7364,3150.449,9298,7364,5084.449,3150.449
ABT,1778527043000,1778527043985,1778527043985,1779437330372,1778527047298,1778527047287.94,985,0,910286387,3313,3302.94,4298,3313,4287.94,3302.94
ABT,1778527047000,1778527047903,1778527047903,1779437330372,1778527059010,1778527052093.81,903,0,910282469,11107,4190.81,12010,11107,5093.81,4190.81
ABT,1778527051000,1778527052963,1778527052963,1779437330372,1778527059010,1778527056197.381,1963,0,910277409,6047,3234.381,8010,6047,5197.381,3234.381
ABT,1778527055000,1778527056947,1778527056947,1779437330373,1778527071119,1778527060201.263,1947,0,910273426,14172,3254.263,16119,14172,5201.263,3254.263
ABT,1778527060000,1778527061977,1778527061978,1779437330373,1778527071120,1778527065006.456,1977,1,910268395,9142,3028.456,11120,9143,5006.456,3029.456
ABT,1778527064000,1778527066061,1778527066061,1779437330373,1778527071120,1778527070112.106,2061,0,910264312,5059,4051.106,7120,5059,6112.106,4051.106
ABT,1778527069000,1778527071021,1778527071021,1779437330373,1778527083733,1778527075216.78,2021,0,910259352,12712,4195.78,14733,12712,6216.78,4195.78
ABT,1778527075000,1778527075911,1778527075911,1779437330374,1778527096143,1778527088129.539,911,0,910254463,20232,12218.539,21143,20232,13129.539,12218.539
ABT,1778527088000,1778527089986,1778527089986,1779437330374,1778527096143,1778527090132.278,1986,0,910240388,6157,146.278,8143,6157,2132.278,146.278
ABT,1778527090000,1778527091003,1778527091004,1779437330375,1778527108556,1778527096137.489,1003,1,910239371,17552,5133.489,18556,17553,6137.489,5134.489
ABT,1778527096000,1778527097003,1778527097003,1779437330375,1778527108556,1778527097137.878,1003,0,910233372,11553,134.878,12556,11553,1137.878,134.878
ABT,1778527097000,1778527098027,1778527098028,1779437330375,1778527108556,1778527098139.574,1027,1,910232347,10528,111.574,11556,10529,1139.574,112.574
ABT,1778527098000,1778527099053,1778527099053,1779437330375,1778527108556,1778527099140.554,1053,0,910231322,9503,87.554,10556,9503,1140.554,87.554
ABT,1778527099000,1778527099989,1778527099989,1779437330375,1778527108556,1778527108148.18,989,0,910230386,8567,8159.18,9556,8567,9148.18,8159.18
ABT,1778527109000,1778527111022,1778527111022,1779437330376,1778527120770,1778527111151.595,2022,0,910219354,9748,129.595,11770,9748,2151.595,129.595
ABT,1778527111000,1778527111994,1778527111994,1779437330376,1778527120770,1778527114053.976,994,0,910218382,8776,2059.976,9770,8776,3053.976,2059.976
ABT,1778527113000,1778527116047,1778527116048,1779437330376,1778527120768,1778527116255.837,3047,1,910214328,4720,207.837,7768,4721,3255.837,208.837
ABT,1778527115000,1778527117091,1778527117091,1779437330376,1778527133582,1778527122161.866,2091,0,910213285,16491,5070.866,18582,16491,7161.866,5070.866
ABT,1778527122000,1778527122925,1778527122926,1779437330376,1778527133582,1778527124063.54,925,1,910207450,10656,1137.54,11582,10657,2063.54,1138.54
ABT,1778527123000,1778527124969,1778527124969,1779437330377,1778527133582,1778527125064.944,1969,0,910205408,8613,95.944,10582,8613,2064.944,95.944
ABT,1778527124000,1778527126012,1778527126012,1779437330377,1778527133582,1778527130369.602,2012,0,910204365,7570,4357.602,9582,7570,6369.602,4357.602
ABT,1778527129000,1778527131035,1778527131036,1779437330377,1778527133582,1778527131170.374,2035,1,910199341,2546,134.374,4582,2547,2170.374,135.374
ABT,1778527130000,1778527131174,1778527131174,1779437330377,1778527133582,1778527132071.983,1174,0,910199203,2408,897.983,3582,2408,2071.983,897.983
ABT,1778527131000,1778527133027,1778527133028,1779437330377,1778527133582,1778527133172.566,2027,1,910197349,554,144.566,2582,555,2172.566,145.566
ABT,1778527132000,1778527133955,1778527133955,1779437330377,1778527146694,1778527140079.693,1955,0,910196422,12739,6124.693,14694,12739,8079.693,6124.693
ABT,1778527140000,1778527141172,1778527141172,1779437330378,1778527146634,1778527141380.737,1172,0,910189206,5462,208.737,6634,5462,1380.737,208.737
ABT,1778527141000,1778527142213,1778527142213,1779437330378,1778527146694,1778527143082.524,1213,0,910188165,4481,869.524,5694,4481,2082.524,869.524
ABT,1778527142000,1778527144028,1778527144028,1779437330378,1778527146634,1778527144183.649,2028,0,910186350,2606,155.649,4634,2606,2183.649,155.649
ABT,1778527143000,1778527144992,1778527144992,1779437330378,1778527158607,1778527148074.42,1992,0,910185386,13615,3082.42,15607,13615,5074.42,3082.42
ABT,1778527147000,1778527148994,1778527148994,1779437330378,1778527158607,1778527150289.807,1994,0,910181384,9613,1295.807,11607,9613,3289.807,1295.807
ABT,1778527149000,1778527150998,1778527150999,1779437330378,1778527158607,1778527152091.651,1998,1,910179379,7608,1092.651,9607,7609,3091.651,1093.651
ABT,1778527153000,1778527155004,1778527155005,1779437330378,1778527158607,1778527157197.565,2004,1,910175373,3602,2192.565,5607,3603,4197.565,2193.565
ABT,1778527157000,1778527157998,1778527157998,1779437330379,1778527170820,1778527160400.343,998,0,910172381,12822,2402.343,13820,12822,3400.343,2402.343
ABT,1778527160000,1778527161073,1778527161073,1779437330379,1778527170820,1778527161201.346,1073,0,910169306,9747,128.346,10820,9747,1201.346,128.346
ABT,1778527161000,1778527161956,1778527161956,1779437330379,1778527170820,1778527163103.424,956,0,910168423,8864,1147.424,9820,8864,2103.424,1147.424
ABT,1778527162000,1778527163948,1778527163948,1779437330379,1778527170820,1778527164104.188,1948,0,910166431,6872,156.188,8820,6872,2104.188,156.188
ABT,1778527164000,1778527165001,1778527165001,1779437330379,1778527170820,1778527166106.708,1001,0,910165378,5819,1105.708,6820,5819,2106.708,1105.708
ABT,1778527165000,1778527167048,1778527167048,1779437330379,1778527170820,1778527167207.477,2048,0,910163331,3772,159.477,5820,3772,2207.477,159.477
ABT,1778527166000,1778527167942,1778527167942,1779437330379,1778527183131,1778527171111.189,1942,0,910162437,15189,3169.189,17131,15189,5111.189,3169.189
ABT,1778527170000,1778527172016,1778527172016,1779437330380,1778527183131,1778527178117.734,2016,0,910158364,11115,6101.734,13131,11115,8117.734,6101.734
ABT,1778527177000,1778527179010,1778527179010,1779437330380,1778527183131,1778527183122.441,2010,0,910151370,4121,4112.441,6131,4121,6122.441,4112.441
ABT,1778527183000,1778527184174,1778527184174,1779437330380,1778527195644,1778527186325.672,1174,0,910146206,11470,2151.672,12644,11470,3325.672,2151.672
ABT,1778527185000,1778527187018,1778527187018,1779437330380,1778527195644,1778527187126.294,2018,0,910143362,8626,108.294,10644,8626,2126.294,108.294
ABT,1778527186000,1778527188037,1778527188037,1779437330381,1778527195644,1778527189086.912,2037,0,910142344,7607,1049.912,9644,7607,3086.912,1049.912
ABT,1778527188000,1778527190079,1778527190079,1779437330381,1778527195644,1778527190229.335,2079,0,910140302,5565,150.335,7644,5565,2229.335,150.335
ABT,1778527190000,1778527190986,1778527190986,1779437330381,1778527195644,1778527195065.313,986,0,910139395,4658,4079.313,5644,4658,5065.313,4079.313
ABT,1778527194000,1778527196028,1778527196028,1779437330381,1778527207055,1778527196135.166,2028,0,910134353,11027,107.166,13055,11027,2135.166,107.166
ABT,1778527196000,1778527197031,1778527197031,1779437330381,1778527207055,1778527202240.491,1031,0,910133350,10024,5209.491,11055,10024,6240.491,5209.491
ABT,1778527202000,1778527202974,1778527202974,1779437330381,1778527207055,1778527205244.117,974,0,910127407,4081,2270.117,5055,4081,3244.117,2270.117
ABT,1778527204000,1778527206099,1778527206099,1779437330382,1778527218866,1778527207146.313,2099,0,910124283,12767,1047.313,14866,12767,3146.313,1047.313
ABT,1778527207000,1778527208169,1778527208169,1779437330382,1778527218867,1778527209147.715,1169,0,910122213,10698,978.715,11867,10698,2147.715,978.715
ABT,1778527209000,1778527210053,1778527210053,1779437330382,1778527218867,1778527213051.305,1053,0,910120329,8814,2998.305,9867,8814,4051.305,2998.305
ABT,1778527212000,1778527213966,1778527213966,1779437330382,1778527218867,1778527218156.877,1966,0,910116416,4901,4190.877,6867,4901,6156.877,4190.877
ABT,1778527217000,1778527219095,1778527219095,1779437330383,1778527230877,1778527219158.504,2095,0,910111288,11782,63.504,13877,11782,2158.504,63.504
ABT,1778527218000,1778527220036,1778527220036,1779437330383,1778527230795,1778527222261.521,2036,0,910110347,10759,2225.521,12795,10759,4261.521,2225.521
ABT,1778527221000,1778527223071,1778527223071,1779437330383,1778527230877,1778527228167.216,2071,0,910107312,7806,5096.216,9877,7806,7167.216,5096.216
ABT,1778527227000,1778527229057,1778527229057,1779437330383,1778527242806,1778527231170.209,2057,0,910101326,13749,2113.209,15806,13749,4170.209,2113.209
ABT,1778527232000,1778527233033,1778527233033,1779437330383,1778527242808,1778527235174.087,1033,0,910097350,9775,2141.087,10808,9775,3174.087,2141.087
ABT,1778527234000,1778527236093,1778527236093,1779437330384,1778527242808,1778527240138.066,2093,0,910094291,6715,4045.066,8808,6715,6138.066,4045.066
ABT,1778527239000,1778527241029,1778527241029,1779437330384,1778527242808,1778527242180.67,2029,0,910089355,1779,1151.67,3808,1779,3180.67,1151.67
ABT,1778527242000,1778527243188,1778527243188,1779437330384,1778527255115,1778527248286.138,1188,0,910087196,11927,5098.138,13115,11927,6286.138,5098.138
ABT,1778527247000,1778527249008,1778527249008,1779437330384,1778527255115,1778527254292.186,2008,0,910081376,6107,5284.186,8115,6107,7292.186,5284.186
ABT,1778527255000,1778527256003,1778527256003,1779437330385,1778527266815,1778527259197.58,1003,0,910074382,10812,3194.58,11815,10812,4197.58,3194.58
ABT,1778527259000,1778527260078,1778527260078,1779437330385,1778527266815,1778527260398.878,1078,0,910070307,6737,320.878,7815,6737,1398.878,320.878
ABT,1778527260000,1778527261214,1778527261214,1779437330385,1778527266815,1778527263001.491,1214,0,910069171,5601,1787.491,6815,5601,3001.491,1787.491
ABT,1778527263000,1778527264114,1778527264114,1779437330385,1778527278927,1778527276214.634,1114,0,910066271,14813,12100.634,15927,14813,13214.634,12100.634
ABT,1778527277000,1778527279059,1778527279059,1779437330386,1778527291346,1778527279117.982,2059,0,910051327,12287,58.982,14346,12287,2117.982,58.982
ABT,1778527278000,1778527279984,1778527279985,1779437330386,1778527291344,1778527280219.253,1984,1,910050401,11359,234.253,13344,11360,2219.253,235.253
ABT,1778527280000,1778527281031,1778527281031,1779437330386,1778527291346,1778527282321.285,1031,0,910049355,10315,1290.285,11346,10315,2321.285,1290.285
ABT,1778527282000,1778527283068,1778527283068,1779437330386,1778527291344,1778527284223.751,1068,0,910047318,8276,1155.751,9344,8276,2223.751,1155.751
ABT,1778527284000,1778527285331,1778527285331,1779437330386,1778527291346,1778527288327.981,1331,0,910045055,6015,2996.981,7346,6015,4327.981,2996.981
ABT,1778527287000,1778527289055,1778527289055,1779437330386,1778527291344,1778527289129.293,2055,0,910041331,2289,74.293,4344,2289,2129.293,74.293
ABT,1778527288000,1778527289999,1778527289999,1779437330387,1778527304055,1778527294234.938,1999,0,910040388,14056,4235.938,16055,14056,6234.938,4235.938
ABT,1778527294000,1778527295041,1778527295041,1779437330387,1778527304055,1778527298207.118,1041,0,910035346,9014,3166.118,10055,9014,4207.118,3166.118
ABT,1778527297000,1778527299003,1778527299003,1779437330387,1778527304055,1778527302442.754,2003,0,910031384,5052,3439.754,7055,5052,5442.754,3439.754
ABT,1778527302000,1778527303036,1778527303036,1779437330387,1778527316866,1778527314154.297,1036,0,910027351,13830,11118.297,14866,13830,12154.297,11118.297
ABT,1778527314000,1778527315116,1778527315116,1779437330388,1778527316863,1778527315224.783,1116,0,910015272,1747,108.783,2863,1747,1224.783,108.783
ABT,1778527315000,1778527316084,1778527316084,1779437330388,1778527329277,1778527320161.134,1084,0,910014304,13193,4077.134,14277,13193,5161.134,4077.134
ABT,1778527320000,1778527322454,1778527322454,1779437330388,1778527329277,1778527323163.555,2454,0,910007934,6823,709.555,9277,6823,3163.555,709.555
ABT,1778527323000,1778527324112,1778527324112,1779437330388,1778527329277,1778527325165.708,1112,0,910006276,5165,1053.708,6277,5165,2165.708,1053.708
ABT,1778527324000,1778527326293,1778527326293,1779437330389,1778527329277,1778527326366.849,2293,0,910004096,2984,73.849,5277,2984,2366.849,73.849
ABT,1778527325000,1778527327067,1778527327067,1779437330389,1778527329277,1778527327267.912,2067,0,910003322,2210,200.912,4277,2210,2267.912,200.912
ABT,1778527326000,1778527328136,1778527328136,1779437330389,1778527341990,1778527333274.299,2136,0,910002253,13854,5138.299,15990,13854,7274.299,5138.299
ABT,1778527333000,1778527334111,1778527334111,1779437330389,1778527341990,1778527335175.862,1111,0,909996278,7879,1064.862,8990,7879,2175.862,1064.862
ABT,1778527335000,1778527336166,1778527336166,1779437330389,1778527341990,1778527340280.647,1166,0,909994223,5824,4114.647,6990,5824,5280.647,4114.647
ABT,1778527341000,1778527342010,1778527342010,1779437330390,1778527354207,1778527345285.795,1010,0,909988380,12197,3275.795,13207,12197,4285.795,3275.795
ABT,1778527344000,1778527346042,1778527346042,1779437330390,1778527354207,1778527348388.982,2042,0,909984348,8165,2346.982,10207,8165,4388.982,2346.982
ABT,1778527348000,1778527349077,1778527349077,1779437330390,1778527354207,1778527352193.423,1077,0,909981313,5130,3116.423,6207,5130,4193.423,3116.423
ABT,1778527351000,1778527353063,1778527353063,1779437330390,1778527354207,1778527353195.145,2063,0,909977327,1144,132.145,3207,1144,2195.145,132.145
ABT,1778527352000,1778527354090,1778527354090,1779437330390,1778527366250,1778527363403.848,2090,0,909976300,12160,9313.848,14250,12160,11403.848,9313.848
ABT,1778527362000,1778527364160,1778527364160,1779437330391,1778527366250,1778527365305.645,2160,0,909966231,2090,1145.645,4250,2090,3305.645,1145.645
ABT,1778527365000,1778527366159,1778527366159,1779437330391,1778527379033,1778527367407.739,1159,0,909964232,12874,1248.739,14033,12874,2407.739,1248.739
ABT,1778527367000,1778527368117,1778527368117,1779437330391,1778527379033,1778527368209.548,1117,0,909962274,10916,92.548,12033,10916,1209.548,92.548
ABT,1778527369000,1778527370090,1778527370090,1779437330391,1778527379033,1778527371411.19,1090,0,909960301,8943,1321.19,10033,8943,2411.19,1321.19
ABT,1778527371000,1778527372078,1778527372078,1779437330391,1778527379033,1778527373213.176,1078,0,909958313,6955,1135.176,8033,6955,2213.176,1135.176
ABT,1778527373000,1778527374071,1778527374071,1779437330392,1778527379033,1778527375215.203,1071,0,909956321,4962,1144.203,6033,4962,2215.203,1144.203
ABT,1778527375000,1778527376055,1778527376055,1779437330392,1778527379033,1778527376215.953,1055,0,909954337,2978,160.953,4033,2978,1215.953,160.953
ABT,1778527376000,1778527378057,1778527378057,1779437330392,1778527379033,1778527378218.326,2057,0,909952335,976,161.326,3033,976,2218.326,161.326
ABT,1778527379000,1778527380075,1778527380076,1779437330392,1778527391043,1778527381221.104,1075,1,909950316,10967,1145.104,12043,10968,2221.104,1146.104
ABT,1778527381000,1778527382150,1778527382150,1779437330392,1778527391043,1778527385188.562,1150,0,909948242,8893,3038.562,10043,8893,4188.562,3038.562
ABT,1778527384000,1778527386140,1778527386140,1779437330392,1778527391043,1778527387226.47,2140,0,909944252,4903,1086.47,7043,4903,3226.47,1086.47
ABT,1778527387000,1778527388088,1778527388088,1779437330392,1778527391043,1778527389229.787,1088,0,909942304,2955,1141.787,4043,2955,2229.787,1141.787
ABT,1778527388000,1778527390077,1778527390077,1779437330393,1778527391043,1778527390142.77,2077,0,909940316,966,65.77,3043,966,2142.77,65.77
ABT,1778527389000,1778527391130,1778527391130,1779437330393,1778527403457,1778527394234.826,2130,0,909939263,12327,3104.826,14457,12327,5234.826,3104.826
ABT,1778527394000,1778527395139,1778527395139,1779437330393,1778527403457,1778527397336.982,1139,0,909935254,8318,2197.982,9457,8318,3336.982,2197.982
ABT,1778527396000,1778527398086,1778527398086,1779437330393,1778527403457,1778527402242.249,2086,0,909932307,5371,4156.249,7457,5371,6242.249,4156.249
ABT,1778527401000,1778527403184,1778527403184,1779437330393,1778527415367,1778527408247.529,2184,0,909927209,12183,5063.529,14367,12183,7247.529,5063.529
ABT,1778527408000,1778527409162,1778527409163,1779437330394,1778527415367,1778527410349.582,1162,1,909921231,6204,1186.582,7367,6205,2349.582,1187.582
ABT,1778527410000,1778527411196,1778527411196,1779437330394,1778527415367,1778527411450.962,1196,0,909919198,4171,254.962,5367,4171,1450.962,254.962
ABT,1778527412000,1778527413381,1778527413381,1779437330394,1778527427381,1778527418457.697,1381,0,909917013,14000,5076.697,15381,14000,6457.697,5076.697
ABT,1778527418000,1778527419327,1778527419327,1779437330394,1778527427381,1778527420459.975,1327,0,909911067,8054,1132.975,9381,8054,2459.975,1132.975
ABT,1778527420000,1778527421316,1778527421316,1779437330394,1778527439079,1778527429369.56,1316,0,909909078,17763,8053.56,19079,17763,9369.56,8053.56
ABT,1778527429000,1778527430369,1778527430369,1779437330395,1778527439079,1778527430470.439,1369,0,909900026,8710,101.439,10079,8710,1470.439,101.439
ABT,1778527432000,1778527433352,1778527433352,1779437330395,1778527439078,1778527433572.941,1352,0,909897043,5726,220.941,7078,5726,1572.941,220.941
ABT,1778527433000,1778527434341,1778527434341,1779437330395,1778527451204,1778527444384.293,1341,0,909896054,16863,10043.293,18204,16863,11384.293,10043.293
ABT,1778527445000,1778527446329,1778527446329,1779437330396,1778527451204,1778527447387.35,1329,0,909884067,4875,1058.35,6204,4875,2387.35,1058.35
ABT,1778527447000,1778527448403,1778527448403,1779437330396,1778527463315,1778527451591.516,1403,0,909881993,14912,3188.516,16315,14912,4591.516,3188.516
ABT,1778527451000,1778527452342,1778527452342,1779437330396,1778527463315,1778527456796.839,1342,0,909878054,10973,4454.839,12315,10973,5796.839,4454.839
ABT,1778527456000,1778527457307,1778527457307,1779437330397,1778527463315,1778527459399.357,1307,0,909873090,6008,2092.357,7315,6008,3399.357,2092.357
ABT,1778527458000,1778527460332,1778527460332,1779437330397,1778527463315,1778527462502.433,2332,0,909870065,2983,2170.433,5315,2983,4502.433,2170.433
ABT,1778527462000,1778527463457,1778527463457,1779437330397,1778527475029,1778527466406.337,1457,0,909866940,11572,2949.337,13029,11572,4406.337,2949.337
ABT,1778527465000,1778527467367,1778527467367,1779437330397,1778527475029,1778527467607.917,2367,0,909863030,7662,240.917,10029,7662,2607.917,240.917
ABT,1778527466000,1778527468319,1778527468319,1779437330397,1778527486645,1778527477517.65,2319,0,909862078,18326,9198.65,20645,18326,11517.65,9198.65
ABT,1778527477000,1778527478384,1778527478384,1779437330398,1778527486645,1778527478519.058,1384,0,909852014,8261,135.058,9645,8261,1519.058,135.058
ABT,1778527479000,1778527480383,1778527480383,1779437330398,1778527486645,1778527481421.353,1383,0,909850015,6262,1038.353,7645,6262,2421.353,1038.353
ABT,1778527481000,1778527482366,1778527482366,1779437330398,1778527498253,1778527491632.231,1366,0,909848032,15887,9266.231,17253,15887,10632.231,9266.231
ABT,1778527490000,1778527492362,1778527492362,1779437330399,1778527498253,1778527493634.334,2362,0,909838037,5891,1272.334,8253,5891,3634.334,1272.334
ABT,1778527492000,1778527494366,1778527494366,1779437330399,1778527498253,1778527494535.205,2366,0,909836033,3887,169.205,6253,3887,2535.205,169.205
ABT,1778527493000,1778527495358,1778527495358,1779437330399,1778527509562,1778527502643.752,2358,0,909835041,14204,7285.752,16562,14204,9643.752,7285.752
ABT,1778527502000,1778527503302,1778527503302,1779437330399,1778527522080,1778527510452.114,1302,0,909827097,18778,7150.114,20080,18778,8452.114,7150.114
ABT,1778527510000,1778527511345,1778527511345,1779437330400,1778527522080,1778527515456.766,1345,0,909819055,10735,4111.766,12080,10735,5456.766,4111.766
ABT,1778527515000,1778527516412,1778527516412,1779437330400,1778527522080,1778527518759.669,1412,0,909813988,5668,2347.669,7080,5668,3759.669,2347.669
ABT,1778527518000,1778527519485,1778527519485,1779437330400,1778527534190,1778527531574.641,1485,0,909810915,14705,12089.641,16190,14705,13574.641,12089.641
ABT,1778527530000,1778527531526,1778527531526,1779437330401,1778527534190,1778527532474.937,1526,0,909798875,2664,948.937,4190,2664,2474.937,948.937
ABT,1778527532000,1778527533426,1778527533426,1779437330401,1778527545702,1778527540783.089,1426,0,909796975,12276,7357.089,13702,12276,8783.089,7357.089
ABT,1778527540000,1778527541405,1778527541405,1779437330402,1778527545702,1778527541583.845,1405,0,909788997,4297,178.845,5702,4297,1583.845,178.845
ABT,1778527541000,1778527542449,1778527542449,1779437330402,1778527545702,1778527545489.369,1449,0,909787953,3253,3040.369,4702,3253,4489.369,3040.369
ABT,1778527545000,1778527546442,1778527546442,1779437330402,1778527558105,1778527553696.512,1442,0,909783960,11663,7254.512,13105,11663,8696.512,7254.512
ABT,1778527553000,1778527554402,1778527554402,1779437330402,1778527558105,1778527556498.92,1402,0,909776000,3703,2096.92,5105,3703,3498.92,2096.92
ABT,1778527556000,1778527557412,1778527557412,1779437330402,1778527569325,1778527560503.754,1412,0,909772990,11913,3091.754,13325,11913,4503.754,3091.754
ABT,1778527559000,1778527561433,1778527561433,1779437330403,1778527569325,1778527567511.26,2433,0,909768970,7892,6078.26,10325,7892,8511.26,6078.26
ABT,1778527567000,1778527568528,1778527568528,1779437330403,1778527582139,1778527572615.266,1528,0,909761875,13611,4087.266,15139,13611,5615.266,4087.266
ABT,1778527572000,1778527573347,1778527573347,1779437330403,1778527594451,1778527582525.272,1347,0,909757056,21104,9178.272,22451,21104,10525.272,9178.272
ABT,1778527582000,1778527584351,1778527584351,1779437330404,1778527594451,1778527584527.233,2351,0,909746053,10100,176.233,12451,10100,2527.233,176.233
ABT,1778527584000,1778527585580,1778527585580,1779437330404,1778527594451,1778527587730.443,1580,0,909744824,8871,2150.443,10451,8871,3730.443,2150.443
ABT,1778527587000,1778527588381,1778527588381,1779437330404,1778527606565,1778527594536.743,1381,0,909742023,18184,6155.743,19565,18184,7536.743,6155.743
ABT,1778527594000,1778527595462,1778527595462,1779437330405,1778527606565,1778527599542.239,1462,0,909734943,11103,4080.239,12565,11103,5542.239,4080.239
ABT,1778527598000,1778527600442,1778527600442,1779437330405,1778527606565,1778527604548.385,2442,0,909729963,6123,4106.385,8565,6123,6548.385,4106.385
ABT,1778527603000,1778527605430,1778527605430,1779437330405,1778527606565,1778527605489.748,2430,0,909724975,1135,59.748,3565,1135,2489.748,59.748
ABT,1778527606000,1778527607404,1778527607404,1779437330405,1778527618477,1778527609552.894,1404,0,909723001,11073,2148.894,12477,11073,3552.894,2148.894
ABT,1778527609000,1778527610567,1778527610567,1779437330406,1778527618477,1778527611654.558,1567,0,909719839,7910,1087.558,9477,7910,2654.558,1087.558
ABT,1778527611000,1778527612585,1778527612585,1779437330406,1778527618477,1778527612656.425,1585,0,909717821,5892,71.425,7477,5892,1656.425,71.425
ABT,1778527612000,1778527613739,1778527613740,1779437330406,1778527618477,1778527614658.141,1739,1,909716666,4737,918.141,6477,4738,2658.141,919.141
ABT,1778527614000,1778527615437,1778527615437,1779437330406,1778527618477,1778527616461.097,1437,0,909714969,3040,1024.097,4477,3040,2461.097,1024.097
ABT,1778527616000,1778527617470,1778527617471,1779437330406,1778527629589,1778527621766.621,1470,1,909712935,12118,4295.621,13589,12119,5766.621,4296.621
ABT,1778527620000,1778527621689,1778527621689,1779437330406,1778527629589,1778527622767.597,1689,0,909708717,7900,1078.597,9589,7900,2767.597,1078.597
ABT,1778527623000,1778527624473,1778527624473,1779437330407,1778527629589,1778527628775.108,1473,0,909705934,5116,4302.108,6589,5116,5775.108,4302.108
ABT,1778527628000,1778527629387,1778527629387,1779437330407,1778527641401,1778527633480.195,1387,0,909701020,12014,4093.195,13401,12014,5480.195,4093.195
ABT,1778527632000,1778527634561,1778527634561,1779437330407,1778527653318,1778527641589.265,2561,0,909695846,18757,7028.265,21318,18757,9589.265,7028.265
ABT,1778527641000,1778527642512,1778527642512,1779437330408,1778527653318,1778527643589.99,1512,0,909687896,10806,1077.99,12318,10806,2589.99,1077.99
ABT,1778527643000,1778527644481,1778527644481,1779437330408,1778527653318,1778527646593.227,1481,0,909685927,8837,2112.227,10318,8837,3593.227,2112.227
ABT,1778527646000,1778527647569,1778527647569,1779437330408,1778527653318,1778527649596.045,1569,0,909682839,5749,2027.045,7318,5749,3596.045,2027.045
ABT,1778527648000,1778527650403,1778527650404,1779437330408,1778527664631,1778527655504.692,2403,1,909680004,14227,5100.692,16631,14228,7504.692,5101.692
ABT,1778527655000,1778527656444,1778527656444,1779437330409,1778527664631,1778527656506.022,1444,0,909673965,8187,62.022,9631,8187,1506.022,62.022
ABT,1778527656000,1778527657500,1778527657501,1779437330409,1778527664631,1778527659610.443,1500,1,909672908,7130,2109.443,8631,7131,3610.443,2110.443
ABT,1778527659000,1778527660473,1778527660473,1779437330409,1778527664631,1778527660611.424,1473,0,909669936,4158,138.424,5631,4158,1611.424,138.424
ABT,1778527660000,1778527661441,1778527661441,1779437330409,1778527664631,1778527661612.591,1441,0,909668968,3190,171.591,4631,3190,1612.591,171.591
ABT,1778527661000,1778527662586,1778527662586,1779437330409,1778527664631,1778527662712.836,1586,0,909667823,2045,126.836,3631,2045,1712.836,126.836
ABT,1778527662000,1778527663529,1778527663529,1779437330409,1778527664631,1778527664514.855,1529,0,909666880,1102,985.855,2631,1102,2514.855,985.855
ABT,1778527664000,1778527665485,1778527665485,1779437330409,1778527676657,1778527665616.34,1485,0,909664924,11172,131.34,12657,11172,1616.34,131.34
ABT,1778527665000,1778527666533,1778527666533,1779437330409,1778527676657,1778527668618.706,1533,0,909663876,10124,2085.706,11657,10124,3618.706,2085.706
ABT,1778527668000,1778527670478,1778527670479,1779437330410,1778527676657,1778527670595.952,2478,1,909659931,6178,116.952,8657,6179,2595.952,117.952
ABT,1778527669000,1778527671450,1778527671450,1779437330410,1778527676657,1778527672723.023,2450,0,909658960,5207,1273.023,7657,5207,3723.023,1273.023
ABT,1778527672000,1778527673431,1778527673431,1779437330410,1778527676653,1778527673523.507,1431,0,909656979,3222,92.507,4653,3222,1523.507,92.507
ABT,1778527673000,1778527674625,1778527674625,1779437330410,1778527676657,1778527675626.221,1625,0,909655785,2032,1001.221,3657,2032,2626.221,1001.221
ABT,1778527675000,1778527676591,1778527676591,1779437330410,1778527689309,1778527680029.559,1591,0,909653819,12718,3438.559,14309,12718,5029.559,3438.559
ABT,1778527678000,1778527680487,1778527680487,1779437330410,1778527689309,1778527683733.639,2487,0,909649923,8822,3246.639,11309,8822,5733.639,3246.639
ABT,1778527683000,1778527684483,1778527684483,1779437330411,1778527689309,1778527684634.425,1483,0,909645928,4826,151.425,6309,4826,1634.425,151.425
ABT,1778527684000,1778527685485,1778527685486,1779437330411,1778527689309,1778527688638.244,1485,1,909644925,3823,3152.244,5309,3824,4638.244,3153.244
ABT,1778527688000,1778527689466,1778527689466,1779437330411,1778527700367,1778527689539.892,1466,0,909640945,10901,73.892,12367,10901,1539.892,73.892
ABT,1778527690000,1778527691550,1778527691550,1779437330411,1778527700445,1778527693635.636,1550,0,909638861,8895,2085.636,10445,8895,3635.636,2085.636
ABT,1778527693000,1778527694543,1778527694543,1779437330411,1778527700445,1778527696846.21,1543,0,909635868,5902,2303.21,7445,5902,3846.21,2303.21
ABT,1778527696000,1778527697453,1778527697453,1779437330411,1778527700445,1778527697646.97,1453,0,909632958,2992,193.97,4445,2992,1646.97,193.97
ABT,1778527698000,1778527698448,1778527698448,1779437330411,1778527700445,1778527699849.698,448,0,909631963,1997,1401.698,2445,1997,1849.698,1401.698
ABT,1778527699000,1778527700527,1778527700528,1779437330412,1778527711578,1778527700650.929,1527,1,909629884,11050,122.929,12578,11051,1650.929,123.929
ABT,1778527700000,1778527701493,1778527701493,1779437330412,1778527711578,1778527702552.491,1493,0,909628919,10085,1059.491,11578,10085,2552.491,1059.491
ABT,1778527702000,1778527703600,1778527703600,1779437330412,1778527711577,1778527703753.309,1600,0,909626812,7977,153.309,9577,7977,1753.309,153.309
ABT,1778527703000,1778527704532,1778527704533,1779437330412,1778527711578,1778527704654.432,1532,1,909625879,7045,121.432,8578,7046,1654.432,122.432
ABT,1778527704000,1778527705502,1778527705502,1779437330412,1778527711577,1778527706557.109,1502,0,909624910,6075,1055.109,7577,6075,2557.109,1055.109
ABT,1778527706000,1778527707487,1778527707487,1779437330412,1778527723590,1778527711703.904,1487,0,909622925,16103,4216.904,17590,16103,5703.904,4216.904
ABT,1778527712000,1778527713490,1778527713490,1779437330412,1778527723589,1778527713564.127,1490,0,909616922,10099,74.127,11589,10099,1564.127,74.127
ABT,1778527714000,1778527716592,1778527716592,1779437330413,1778527723590,1778527718769.385,2592,0,909613821,6998,2177.385,9590,6998,4769.385,2177.385
ABT,1778527718000,1778527719473,1778527719473,1779437330413,1778527723590,1778527720671.084,1473,0,909610940,4117,1198.084,5590,4117,2671.084,1198.084
ABT,1778527720000,1778527721491,1778527721491,1779437330413,1778527723589,1778527721572.692,1491,0,909608922,2098,81.692,3589,2098,1572.692,81.692
ABT,1778527721000,1778527722501,1778527722501,1779437330413,1778527723589,1778527722573.728,1501,0,909607912,1088,72.728,2589,1088,1573.728,72.728
ABT,1778527722000,1778527723440,1778527723440,1779437330413,1778527735601,1778527724675.264,1440,0,909606973,12161,1235.264,13601,12161,2675.264,1235.264
ABT,1778527724000,1778527725585,1778527725585,1779437330413,1778527735601,1778527733784.1,1585,0,909604828,10016,8199.1,11601,10016,9784.1,8199.1
ABT,1778527734000,1778527734514,1778527734514,1779437330414,1778527735601,1778527734684.917,514,0,909595900,1087,170.917,1601,1087,684.917,170.917
ABT,1778527735000,1778527735631,1778527735631,1779437330414,1778527746415,1778527737887.953,631,0,909594783,10784,2256.953,11415,10784,2887.953,2256.953
ABT,1778527737000,1778527738481,1778527738482,1779437330414,1778527746415,1778527739789.886,1481,1,909591932,7933,1307.886,9415,7934,2789.886,1308.886
ABT,1778527739000,1778527740489,1778527740489,1779437330414,1778527746415,1778527740590.454,1489,0,909589925,5926,101.454,7415,5926,1590.454,101.454
ABT,1778527740000,1778527741556,1778527741557,1779437330414,1778527746415,1778527742792.889,1556,1,909588857,4858,1235.889,6415,4859,2792.889,1236.889
ABT,1778527743000,1778527743459,1778527743459,1779437330414,1778527758423,1778527747697.629,459,0,909586955,14964,4238.629,15423,14964,4697.629,4238.629
ABT,1778527747000,1778527748558,1778527748558,1779437330415,1778527758423,1778527752902.268,1558,0,909581857,9865,4344.268,11423,9865,5902.268,4344.268
ABT,1778527752000,1778527753453,1778527753454,1779437330415,1778527758423,1778527753603.251,1453,1,909576961,4969,149.251,6423,4970,1603.251,150.251
ABT,1778527755000,1778527756569,1778527756569,1779437330415,1778527770433,1778527763612.978,1569,0,909573846,13864,7043.978,15433,13864,8612.978,7043.978
ABT,1778527765000,1778527766584,1778527766584,1779437330415,1778527770433,1778527767017.809,1584,0,909563831,3849,433.809,5433,3849,2017.809,433.809
ABT,1778527766000,1778527767543,1778527767543,1779437330415,1778527770433,1778527767717.61,1543,0,909562872,2890,174.61,4433,2890,1717.61,174.61
ABT,1778527768000,1778527768427,1778527768427,1779437330415,1778527770433,1778527769720.225,427,0,909561988,2006,1293.225,2433,2006,1720.225,1293.225
ABT,1778527769000,1778527770517,1778527770517,1779437330415,1778527781430,1778527776826.828,1517,0,909559898,10913,6309.828,12430,10913,7826.828,6309.828
ABT,1778527777000,1778527778579,1778527778579,1779437330416,1778527781430,1778527778829.383,1579,0,909551837,2851,250.383,4430,2851,1829.383,250.383
ABT,1778527778000,1778527779614,1778527779614,1779437330416,1778527781430,1778527779730.722,1614,0,909550802,1816,116.722,3430,1816,1730.722,116.722
ABT,1778527779000,1778527780677,1778527780677,1779437330416,1778527781430,1778527780831.148,1677,0,909549739,753,154.148,2430,753,1831.148,154.148
ABT,1778527780000,1778527780682,1778527780682,1779437330416,1778527792351,1778527781633.139,682,0,909549734,11669,951.139,12351,11669,1633.139,951.139
ABT,1778527781000,1778527782550,1778527782550,1779437330416,1778527792350,1778527784835.788,1550,0,909547866,9800,2285.788,11350,9800,3835.788,2285.788
ABT,1778527784000,1778527785577,1778527785577,1779437330416,1778527792351,1778527785836.623,1577,0,909544839,6774,259.623,8351,6774,1836.623,259.623
ABT,1778527785000,1778527786741,1778527786742,1779437330417,1778527792350,1778527786838.162,1741,1,909543675,5608,96.162,7350,5609,1838.162,97.162
ABT,1778527786000,1778527787658,1778527787658,1779437330417,1778527792351,1778527787739.466,1658,0,909542759,4693,81.466,6351,4693,1739.466,81.466
ABT,1778527787000,1778527788484,1778527788484,1779437330417,1778527792351,1778527790742.318,1484,0,909541933,3867,2258.318,5351,3867,3742.318,2258.318
ABT,1778527790000,1778527791764,1778527791764,1779437330417,1778527803073,1778527794646.957,1764,0,909538653,11309,2882.957,13073,11309,4646.957,2882.957
ABT,1778527794000,1778527795555,1778527795555,1779437330417,1778527803073,1778527795847.87,1555,0,909534862,7518,292.87,9073,7518,1847.87,292.87
ABT,1778527795000,1778527796488,1778527796488,1779437330417,1778527803073,1778527798650.695,1488,0,909533929,6585,2162.695,8073,6585,3650.695,2162.695
ABT,1778527798000,1778527799560,1778527799561,1779437330417,1778527803073,1778527799851.507,1560,1,909530856,3512,290.507,5073,3513,1851.507,291.507
ABT,1778527799000,1778527800834,1778527800834,1779437330417,1778527803073,1778527801954.129,1834,0,909529583,2239,1120.129,4073,2239,2954.129,1120.129
ABT,1778527800000,1778527801872,1778527801873,1779437330418,1778527803073,1778527802855.257,1872,1,909528545,1200,982.257,3073,1201,2855.257,983.257
ABT,1778527801000,1778527803591,1778527803591,1779437330418,1778527814483,1778527803656.632,2591,0,909526827,10892,65.632,13483,10892,2656.632,65.632
ABT,1778527803000,1778527804684,1778527804684,1779437330418,1778527814483,1778527805858.586,1684,0,909525734,9799,1174.586,11483,9799,2858.586,1174.586
ABT,1778527805000,1778527806598,1778527806598,1779437330418,1778527814483,1778527809562.367,1598,0,909523820,7885,2964.367,9483,7885,4562.367,2964.367
ABT,1778527809000,1778527810578,1778527810578,1779437330418,1778527826382,1778527814666.914,1578,0,909519840,15804,4088.914,17382,15804,5666.914,4088.914
ABT,1778527813000,1778527815550,1778527815550,1779437330419,1778527826381,1778527815668.482,2550,0,909514869,10831,118.482,13381,10831,2668.482,118.482
ABT,1778527814000,1778527816592,1778527816593,1779437330419,1778527826382,1778527818670.239,2592,1,909513826,9789,2077.239,12382,9790,4670.239,2078.239
ABT,1778527818000,1778527819579,1778527819579,1779437330419,1778527826382,1778527823677.338,1579,0,909510840,6803,4098.338,8382,6803,5677.338,4098.338
ABT,1778527822000,1778527824594,1778527824594,1779437330419,1778527837707,1778527826579.772,2594,0,909505825,13113,1985.772,15707,13113,4579.772,1985.772
ABT,1778527826000,1778527827662,1778527827662,1779437330419,1778527837707,1778527828682.216,1662,0,909502757,10045,1020.216,11707,10045,2682.216,1020.216
ABT,1778527828000,1778527830572,1778527830572,1779437330419,1778527837707,1778527830783.921,2572,0,909499847,7135,211.921,9707,7135,2783.921,211.921
ABT,1778527830000,1778527831597,1778527831597,1779437330420,1778527837707,1778527831685.954,1597,0,909498823,6110,88.954,7707,6110,1685.954,88.954
ABT,1778527831000,1778527832490,1778527832490,1779437330420,1778527837707,1778527836689.569,1490,0,909497930,5217,4199.569,6707,5217,5689.569,4199.569
ABT,1778527838000,1778527839674,1778527839675,1779437330420,1778527849642,1778527839792.819,1674,1,909490745,9967,117.819,11642,9968,1792.819,118.819
ABT,1778527840000,1778527841638,1778527841638,1779437330420,1778527849642,1778527841794.48,1638,0,909488782,8004,156.48,9642,8004,1794.48,156.48
ABT,1778527841000,1778527842576,1778527842576,1779437330420,1778527849642,1778527848802.045,1576,0,909487844,7066,6226.045,8642,7066,7802.045,6226.045
ABT,1778527848000,1778527849580,1778527849580,1779437330421,1778527861529,1778527851605.369,1580,0,909480841,11949,2025.369,13529,11949,3605.369,2025.369
ABT,1778527851000,1778527852615,1778527852615,1779437330421,1778527861529,1778527854608.573,1615,0,909477806,8914,1993.573,10529,8914,3608.573,1993.573
ABT,1778527853000,1778527855535,1778527855535,1779437330421,1778527861529,1778527857611.456,2535,0,909474886,5994,2076.456,8529,5994,4611.456,2076.456
ABT,1778527857000,1778527858568,1778527858568,1779437330421,1778527861529,1778527859612.524,1568,0,909471853,2961,1044.524,4529,2961,2612.524,1044.524
ABT,1778527859000,1778527860625,1778527860625,1779437330421,1778527861529,1778527860714.311,1625,0,909469796,904,89.311,2529,904,1714.311,89.311
ABT,1778527860000,1778527861631,1778527861631,1779437330421,1778527872740,1778527861715.464,1631,0,909468790,11109,84.464,12740,11109,1715.464,84.464
ABT,1778527861000,1778527862615,1778527862615,1779437330421,1778527872740,1778527862716.76,1615,0,909467806,10125,101.76,11740,10125,1716.76,101.76
ABT,1778527862000,1778527863580,1778527863580,1779437330421,1778527872740,1778527864717.611,1580,0,909466841,9160,1137.611,10740,9160,2717.611,1137.611
ABT,1778527864000,1778527865593,1778527865593,1779437330422,1778527872740,1778527865718.493,1593,0,909464829,7147,125.493,8740,7147,1718.493,125.493
ABT,1778527865000,1778527866686,1778527866686,1779437330422,1778527872740,1778527868921.092,1686,0,909463736,6054,2235.092,7740,6054,3921.092,2235.092
ABT,1778527868000,1778527869613,1778527869613,1779437330422,1778527872740,1778527869722.999,1613,0,909460809,3127,109.999,4740,3127,1722.999,109.999
ABT,1778527869000,1778527870653,1778527870653,1779437330422,1778527884551,1778527874829.211,1653,0,909459769,13898,4176.211,15551,13898,5829.211,4176.211
ABT,1778527873000,1778527874726,1778527874726,1779437330422,1778527884551,1778527875674.783,1726,0,909455696,9825,948.783,11551,9825,2674.783,948.783
ABT,1778527876000,1778527877605,1778527877605,1779437330422,1778527884551,1778527881734.221,1605,0,909452817,6946,4129.221,8551,6946,5734.221,4129.221
ABT,1778527881000,1778527882635,1778527882635,1779437330423,1778527884551,1778527882735.29,1635,0,909447788,1916,100.29,3551,1916,1735.29,100.29
ABT,1778527882000,1778527883590,1778527883590,1779437330423,1778527884051,1778527883735.282,1590,0,909446833,461,145.282,2051,461,1735.282,145.282
ABT,1778527883000,1778527884631,1778527884631,1779437330423,1778527895664,1778527884736.617,1631,0,909445792,11033,105.617,12664,11033,1736.617,105.617
ABT,1778527884000,1778527885636,1778527885636,1779437330423,1778527895664,1778527890743.203,1636,0,909444787,10028,5107.203,11664,10028,6743.203,5107.203
ABT,1778527890000,1778527891682,1778527891682,1779437330423,1778527907575,1778527896748.187,1682,0,909438741,15893,5066.187,17575,15893,6748.187,5066.187
ABT,1778527896000,1778527897707,1778527897708,1779437330424,1778527907575,1778527898849.765,1707,1,909432716,9867,1141.765,11575,9868,2849.765,1142.765
ABT,1778527898000,1778527899613,1778527899613,1779437330424,1778527919577,1778527907762.92,1613,0,909430811,19964,8149.92,21577,19964,9762.92,8149.92
ABT,1778527907000,1778527908723,1778527908723,1779437330424,1778527919577,1778527908967.989,1723,0,909421701,10854,244.989,12577,10854,1967.989,244.989
ABT,1778527909000,1778527909689,1778527909689,1779437330424,1778527919577,1778527910772.717,689,0,909420735,9888,1083.717,10577,9888,1772.717,1083.717
ABT,1778527911000,1778527911614,1778527911614,1779437330424,1778527919577,1778527914876.883,614,0,909418810,7963,3262.883,8577,7963,3876.883,3262.883
ABT,1778527914000,1778527915573,1778527915573,1779437330425,1778527919577,1778527915677.715,1573,0,909414852,4004,104.715,5577,4004,1677.715,104.715
ABT,1778527918000,1778527919698,1778527919698,1779437330425,1778527930599,1778527920633.506,1698,0,909410727,10901,935.506,12599,10901,2633.506,935.506
ABT,1778527920000,1778527921767,1778527921767,1779437330425,1778527930599,1778527922182.618,1767,0,909408658,8832,415.618,10599,8832,2182.618,415.618
ABT,1778527922000,1778527923695,1778527923695,1779437330425,1778527930599,1778527923885.071,1695,0,909406730,6904,190.071,8599,6904,1885.071,190.071
ABT,1778527924000,1778527924659,1778527924659,1779437330425,1778527942776,1778527930791.472,659,0,909405766,18117,6132.472,18776,18117,6791.472,6132.472
ABT,1778527930000,1778527931677,1778527931677,1779437330425,1778527942776,1778527932905.564,1677,0,909398748,11099,1228.564,12776,11099,2905.564,1228.564
ABT,1778527932000,1778527933673,1778527933673,1779437330425,1778527942776,1778527933731.372,1673,0,909396752,9103,58.372,10776,9103,1731.372,58.372
ABT,1778527933000,1778527934783,1778527934783,1779437330426,1778527942776,1778527934994.207,1783,0,909395643,7993,211.207,9776,7993,1994.207,211.207
ABT,1778527934000,1778527935703,1778527935703,1779437330426,1778527942776,1778527938998.869,1703,0,909394723,7073,3295.869,8776,7073,4998.869,3295.869
ABT,1778527938000,1778527939666,1778527939666,1779437330426,1778527942776,1778527939753.504,1666,0,909390760,3110,87.504,4776,3110,1753.504,87.504
ABT,1778527939000,1778527940649,1778527940649,1779437330426,1778527953824,1778527951811.466,1649,0,909389777,13175,11162.466,14824,13175,12811.466,11162.466
ABT,1778527952000,1778527952673,1778527952674,1779437330426,1778527953824,1778527952813.192,673,1,909377752,1150,139.192,1824,1151,813.192,140.192
ABT,1778527954000,1778527954551,1778527954551,1779437330427,1778527965867,1778527958718.172,551,0,909375876,11316,4167.172,11867,11316,4718.172,4167.172
ABT,1778527958000,1778527959631,1778527959631,1779437330427,1778527965867,1778527960755.52,1631,0,909370796,6236,1124.52,7867,6236,2755.52,1124.52
ABT,1778527960000,1778527961727,1778527961727,1779437330427,1778527977834,1778527966927.781,1727,0,909368700,16107,5200.781,17834,16107,6927.781,5200.781
ABT,1778527966000,1778527967579,1778527967579,1779437330427,1778527977834,1778527971829.959,1579,0,909362848,10255,4250.959,11834,10255,5829.959,4250.959
ABT,1778527972000,1778527973697,1778527973697,1779437330428,1778527977834,1778527976814.832,1697,0,909356731,4137,3117.832,5834,4137,4814.832,3117.832
ABT,1778527976000,1778527977719,1778527977720,1779437330428,1778527989759,1778527977835.732,1719,1,909352708,12039,115.732,13759,12040,1835.732,116.732
ABT,1778527977000,1778527978724,1778527978724,1779437330428,1778527989759,1778527979838.105,1724,0,909351704,11035,1114.105,12759,11035,2838.105,1114.105
ABT,1778527979000,1778527980758,1778527980758,1779437330428,1778527989759,1778527980820.848,1758,0,909349670,9001,62.848,10759,9001,1820.848,62.848
ABT,1778527980000,1778527981765,1778527981765,1779437330428,1778527989759,1778527985025.963,1765,0,909348663,7994,3260.963,9759,7994,5025.963,3260.963
ABT,1778527985000,1778527985698,1778527985699,1779437330429,1778527989759,1778527986843.556,698,1,909344730,4060,1144.556,4759,4061,1843.556,1145.556
ABT,1778527986000,1778527987724,1778527987724,1779437330429,1778527989759,1778527987845.993,1724,0,909342705,2035,121.993,3759,2035,1845.993,121.993
ABT,1778527987000,1778527988701,1778527988701,1779437330429,1778528001872,1778527997753.338,1701,0,909341728,13171,9052.338,14872,13171,10753.338,9052.338
ABT,1778527997000,1778527998550,1778527998551,1779437330429,1778528001871,1778527998653.982,1550,1,909331878,3320,102.982,4871,3321,1653.982,103.982
ABT,1778527998000,1778527999605,1778527999605,1779437330429,1778528012885,1778528004759.928,1605,0,909330824,13280,5154.928,14885,13280,6759.928,5154.928
ABT,1778528004000,1778528005743,1778528005743,1779437330430,1778528012885,1778528010865.829,1743,0,909324687,7142,5122.829,8885,7142,6865.829,5122.829
ABT,1778528010000,1778528011815,1778528011815,1779437330430,1778528024895,1778528014869.993,1815,0,909318615,13080,3054.993,14895,13080,4869.993,3054.993
ABT,1778528014000,1778528015674,1778528015674,1779437330430,1778528024895,1778528020075.365,1674,0,909314756,9221,4401.365,10895,9221,6075.365,4401.365
ABT,1778528020000,1778528020634,1778528020634,1779437330431,1778528024895,1778528021877.442,634,0,909309797,4261,1243.442,4895,4261,1877.442,1243.442
ABT,1778528021000,1778528023743,1778528023743,1779437330431,1778528024895,1778528023880.06,2743,0,909306688,1152,137.06,3895,1152,2880.06,137.06
ABT,1778528024000,1778528025715,1778528025716,1779437330431,1778528036705,1778528027682.168,1715,1,909304715,10989,1966.168,12705,10990,3682.168,1967.168
ABT,1778528028000,1778528028645,1778528028645,1779437330431,1778528036805,1778528031086.588,645,0,909301786,8160,2441.588,8805,8160,3086.588,2441.588
ABT,1778528030000,1778528031749,1778528031749,1779437330431,1778528036705,1778528032988.628,1749,0,909298682,4956,1239.628,6705,4956,2988.628,1239.628
ABT,1778528032000,1778528033716,1778528033716,1779437330431,1778528036805,1778528035836.791,1716,0,909296715,3089,2120.791,4805,3089,3836.791,2120.791
ABT,1778528034000,1778528036736,1778528036736,1779437330432,1778528047815,1778528042398.11,2736,0,909293696,11079,5662.11,13815,11079,8398.11,5662.11
ABT,1778528041000,1778528042776,1778528042777,1779437330432,1778528047815,1778528044099.654,1776,1,909287655,5038,1322.654,6815,5039,3099.654,1323.654
ABT,1778528044000,1778528044692,1778528044692,1779437330432,1778528047815,1778528047803.033,692,0,909285740,3123,3111.033,3815,3123,3803.033,3111.033
ABT,1778528048000,1778528048762,1778528048762,1779437330432,1778528059828,1778528049806.143,762,0,909281670,11066,1044.143,11828,11066,1806.143,1044.143
ABT,1778528050000,1778528050646,1778528050646,1779437330432,1778528059828,1778528052909.285,646,0,909279786,9182,2263.285,9828,9182,2909.285,2263.285
ABT,1778528052000,1778528053721,1778528053721,1779437330433,1778528059828,1778528055811.282,1721,0,909276712,6107,2090.282,7828,6107,3811.282,2090.282
ABT,1778528055000,1778528056807,1778528056807,1779437330433,1778528059828,1778528059715.316,1807,0,909273626,3021,2908.316,4828,3021,4715.316,2908.316
ABT,1778528059000,1778528060746,1778528060746,1779437330433,1778528071763,1778528061816.895,1746,0,909269687,11017,1070.895,12763,11017,2816.895,1070.895
ABT,1778528061000,1778528062585,1778528062585,1779437330433,1778528071763,1778528063918.941,1585,0,909267848,9178,1333.941,10763,9178,2918.941,1333.941
ABT,1778528063000,1778528064760,1778528064760,1779437330433,1778528071763,1778528065920.359,1760,0,909265673,7003,1160.359,8763,7003,2920.359,1160.359
ABT,1778528066000,1778528066743,1778528066743,1779437330433,1778528071763,1778528068723.915,743,0,909263690,5020,1980.915,5763,5020,2723.915,1980.915
ABT,1778528068000,1778528069797,1778528069797,1779437330434,1778528071763,1778528070826.056,1797,0,909260637,1966,1029.056,3763,1966,2826.056,1029.056
ABT,1778528071000,1778528072600,1778528072601,1779437330434,1778528082751,1778528072727.517,1600,1,909257833,10150,126.517,11751,10151,1727.517,127.517
ABT,1778528072000,1778528073780,1778528073781,1779437330434,1778528082751,1778528073929.189,1780,1,909256653,8970,148.189,10751,8971,1929.189,149.189
ABT,1778528073000,1778528074746,1778528074746,1779437330434,1778528082751,1778528074928.956,1746,0,909255688,8005,182.956,9751,8005,1928.956,182.956
ABT,1778528074000,1778528075699,1778528075700,1779437330434,1778528082751,1778528076831.309,1699,1,909254734,7051,1131.309,8751,7052,2831.309,1132.309
ABT,1778528076000,1778528077695,1778528077695,1779437330434,1778528082751,1778528079833.071,1695,0,909252739,5056,2138.071,6751,5056,3833.071,2138.071
ABT,1778528079000,1778528080612,1778528080612,1779437330434,1778528093766,1778528084837.806,1612,0,909249822,13154,4225.806,14766,13154,5837.806,4225.806
ABT,1778528084000,1778528085613,1778528085613,1779437330435,1778528093766,1778528087140.236,1613,0,909244822,8153,1527.236,9766,8153,3140.236,1527.236
ABT,1778528086000,1778528087581,1778528087581,1779437330435,1778528093766,1778528087801.047,1581,0,909242854,6185,220.047,7766,6185,1801.047,220.047
ABT,1778528087000,1778528088828,1778528088828,1779437330435,1778528093766,1778528091845.408,1828,0,909241607,4938,3017.408,6766,4938,4845.408,3017.408
ABT,1778528091000,1778528092862,1778528092862,1779437330435,1778528093766,1778528093045.783,1862,0,909237573,904,183.783,2766,904,2045.783,183.783
ABT,1778528093000,1778528094774,1778528094774,1779437330435,1778528104774,1778528095949.587,1774,0,909235661,10000,1175.587,11774,10000,2949.587,1175.587
ABT,1778528095000,1778528096788,1778528096788,1779437330435,1778528115783,1778528105958.495,1788,0,909233647,18995,9170.495,20783,18995,10958.495,9170.495
ABT,1778528105000,1778528106655,1778528106656,1779437330436,1778528115783,1778528106759.994,1655,1,909223780,9127,103.994,10783,9128,1759.994,104.994
ABT,1778528106000,1778528107685,1778528107685,1779437330436,1778528115783,1778528108660.563,1685,0,909222751,8098,975.563,9783,8098,2660.563,975.563
ABT,1778528108000,1778528109785,1778528109785,1779437330436,1778528115783,1778528110762.902,1785,0,909220651,5998,977.902,7783,5998,2762.902,977.902
ABT,1778528110000,1778528111640,1778528111640,1779437330437,1778528126992,1778528115867.34,1640,0,909218797,15352,4227.34,16992,15352,5867.34,4227.34
ABT,1778528115000,1778528116863,1778528116863,1779437330437,1778528126993,1778528117837.877,1863,0,909213574,10130,974.877,11993,10130,2837.877,974.877
ABT,1778528118000,1778528119639,1778528119639,1779437330437,1778528126993,1778528120871.568,1639,0,909210798,7354,1232.568,8993,7354,2871.568,1232.568
ABT,1778528120000,1778528121772,1778528121772,1779437330437,1778528126992,1778528121873.711,1772,0,909208665,5220,101.711,6992,5220,1873.711,101.711
ABT,1778528121000,1778528122816,1778528122816,1779437330437,1778528126993,1778528122974.669,1816,0,909207621,4177,158.669,5993,4177,1974.669,158.669
ABT,1778528122000,1778528123627,1778528123627,1779437330437,1778528126993,1778528124876.478,1627,0,909206810,3366,1249.478,4993,3366,2876.478,1249.478
ABT,1778528124000,1778528125577,1778528125577,1779437330437,1778528138868,1778528130984.846,1577,0,909204860,13291,5407.846,14868,13291,6984.846,5407.846
ABT,1778528130000,1778528131863,1778528131863,1779437330438,1778528138868,1778528133787.569,1863,0,909198575,7005,1924.569,8868,7005,3787.569,1924.569
ABT,1778528133000,1778528134664,1778528134664,1779437330438,1778528149917,1778528139894.933,1664,0,909195774,15253,5230.933,16917,15253,6894.933,5230.933
ABT,1778528139000,1778528140768,1778528140768,1779437330438,1778528149917,1778528140834.664,1768,0,909189670,9149,66.664,10917,9149,1834.664,66.664
ABT,1778528140000,1778528141704,1778528141704,1779437330438,1778528149917,1778528143797.525,1704,0,909188734,8213,2093.525,9917,8213,3797.525,2093.525
ABT,1778528144000,1778528144697,1778528144697,1779437330439,1778528149917,1778528147864.36,697,0,909185742,5220,3167.36,5917,5220,3864.36,3167.36
ABT,1778528148000,1778528148737,1778528148737,1779437330439,1778528149917,1778528149902.989,737,0,909181702,1180,1165.989,1917,1180,1902.989,1165.989
ABT,1778528149000,1778528150723,1778528150723,1779437330439,1778528162228,1778528150904.031,1723,0,909179716,11505,181.031,13228,11505,1904.031,181.031
ABT,1778528150000,1778528151677,1778528151677,1779437330439,1778528162228,1778528152760.579,1677,0,909178762,10551,1083.579,12228,10551,2760.579,1083.579
ABT,1778528152000,1778528153679,1778528153679,1779437330439,1778528162228,1778528153906.662,1679,0,909176760,8549,227.662,10228,8549,1906.662,227.662
ABT,1778528153000,1778528154782,1778528154783,1779437330439,1778528162228,1778528157008.769,1782,1,909175656,7445,2225.769,9228,7446,4008.769,2226.769
ABT,1778528156000,1778528157794,1778528157795,1779437330440,1778528162228,1778528161112.553,1794,1,909172645,4433,3317.553,6228,4434,5112.553,3318.553
ABT,1778528160000,1778528162065,1778528162065,1779437330440,1778528173840,1778528162714.067,2065,0,909168375,11775,649.067,13840,11775,2714.067,649.067
ABT,1778528161000,1778528162803,1778528162803,1779437330440,1778528173840,1778528163014.324,1803,0,909167637,11037,211.324,12840,11037,2014.324,211.324
ABT,1778528162000,1778528163893,1778528163893,1779437330440,1778528173840,1778528164115.784,1893,0,909166547,9947,222.784,11840,9947,2115.784,222.784
ABT,1778528164000,1778528164917,1778528164917,1779437330440,1778528185749,1778528175828.032,917,0,909165523,20832,10911.032,21749,20832,11828.032,10911.032
ABT,1778528175000,1778528176876,1778528176876,1779437330441,1778528185749,1778528176951.514,1876,0,909153565,8873,75.514,10749,8873,1951.514,75.514
ABT,1778528176000,1778528177691,1778528177691,1779437330441,1778528185749,1778528179931.583,1691,0,909152750,8058,2240.583,9749,8058,3931.583,2240.583
ABT,1778528179000,1778528180697,1778528180698,1779437330441,1778528185749,1778528180900.97,1697,1,909149743,5051,202.97,6749,5052,1900.97,203.97
ABT,1778528180000,1778528181810,1778528181810,1779437330441,1778528197958,1778528186939.088,1810,0,909148631,16148,5129.088,17958,16148,6939.088,5129.088
ABT,1778528186000,1778528187792,1778528187792,1779437330442,1778528197958,1778528196848.555,1792,0,909142650,10166,9056.555,11958,10166,10848.555,9056.555
ABT,1778528198000,1778528198615,1778528198615,1779437330442,1778528209773,1778528200752.315,615,0,909131827,11158,2137.315,11773,11158,2752.315,2137.315
ABT,1778528200000,1778528201845,1778528201845,1779437330442,1778528209773,1778528203856.048,1845,0,909128597,7928,2011.048,9773,7928,3856.048,2011.048
ABT,1778528203000,1778528204660,1778528204660,1779437330443,1778528209773,1778528204757.494,1660,0,909125783,5113,97.494,6773,5113,1757.494,97.494
ABT,1778528205000,1778528205699,1778528205699,1779437330443,1778528209773,1778528205857.825,699,0,909124744,4074,158.825,4773,4074,857.825,158.825
ABT,1778528206000,1778528206790,1778528206790,1779437330443,1778528209773,1778528208660.379,790,0,909123653,2983,1870.379,3773,2983,2660.379,1870.379
ABT,1778528209000,1778528209852,1778528209852,1779437330443,1778528221084,1778528213066.15,852,0,909120591,11232,3214.15,12084,11232,4066.15,3214.15
ABT,1778528212000,1778528213612,1778528213612,1779437330443,1778528221084,1778528213765.193,1612,0,909116831,7472,153.193,9084,7472,1765.193,153.193
ABT,1778528213000,1778528214727,1778528214727,1779437330443,1778528221084,1778528214832.549,1727,0,909115716,6357,105.549,8084,6357,1832.549,105.549
ABT,1778528214000,1778528215652,1778528215652,1779437330443,1778528221084,1778528216968.695,1652,0,909114791,5432,1316.695,7084,5432,2968.695,1316.695
ABT,1778528216000,1778528217945,1778528217945,1779437330443,1778528221084,1778528218069.819,1945,0,909112498,3139,124.819,5084,3139,2069.819,124.819
ABT,1778528217000,1778528218829,1778528218829,1779437330443,1778528221084,1778528220973.896,1829,0,909111614,2255,2144.896,4084,2255,3973.896,2144.896
ABT,1778528221000,1778528222067,1778528222067,1779437330444,1778528232936,1778528222774.613,1067,0,909108377,10869,707.613,11936,10869,1774.613,707.613
ABT,1778528222000,1778528223664,1778528223664,1779437330444,1778528232934,1778528223875.622,1664,0,909106780,9270,211.622,10934,9270,1875.622,211.622
ABT,1778528223000,1778528224640,1778528224640,1779437330444,1778528232934,1778528225951.592,1640,0,909105804,8294,1311.592,9934,8294,2951.592,1311.592
ABT,1778528225000,1778528226691,1778528226691,1779437330444,1778528232936,1778528228780.393,1691,0,909103753,6245,2089.393,7936,6245,3780.393,2089.393
ABT,1778528228000,1778528229714,1778528229714,1779437330444,1778528244810,1778528237746.827,1714,0,909100730,15096,8032.827,16810,15096,9746.827,8032.827
ABT,1778528237000,1778528238688,1778528238688,1779437330445,1778528244810,1778528242794.328,1688,0,909091757,6122,4106.328,7810,6122,5794.328,4106.328
ABT,1778528243000,1778528243679,1778528243679,1779437330445,1778528256022,1778528245797.381,679,0,909086766,12343,2118.381,13022,12343,2797.381,2118.381
ABT,1778528245000,1778528246671,1778528246671,1779437330445,1778528256021,1778528246798.24,1671,0,909083774,9350,127.24,11021,9350,1798.24,127.24
ABT,1778528246000,1778528247756,1778528247756,1779437330445,1778528256022,1778528247845.88,1756,0,909082689,8266,89.88,10022,8266,1845.88,89.88
ABT,1778528248000,1778528250007,1778528250007,1779437330445,1778528256022,1778528255806.773,2007,0,909080438,6015,5799.773,8022,6015,7806.773,5799.773
ABT,1778528255000,1778528256858,1778528256858,1779437330446,1778528267931,1778528257007.117,1858,0,909073588,11073,149.117,12931,11073,2007.117,149.117
ABT,1778528256000,1778528258023,1778528258024,1779437330446,1778528267931,1778528265017.222,2023,1,909072422,9907,6993.222,11931,9908,9017.222,6994.222
ABT,1778528265000,1778528266739,1778528266739,1779437330446,1778528279944,1778528269721.068,1739,0,909063707,13205,2982.068,14944,13205,4721.068,2982.068
ABT,1778528269000,1778528270712,1778528270712,1779437330447,1778528279944,1778528270822.245,1712,0,909059735,9232,110.245,10944,9232,1822.245,110.245
ABT,1778528270000,1778528271660,1778528271660,1779437330447,1778528279944,1778528279830.846,1660,0,909058787,8284,8170.846,9944,8284,9830.846,8170.846
ABT,1778528279000,1778528280754,1778528280754,1779437330447,1778528291754,1778528285937.701,1754,0,909049693,11000,5183.701,12754,11000,6937.701,5183.701
ABT,1778528285000,1778528286719,1778528286719,1779437330447,1778528291754,1778528290041.729,1719,0,909043728,5035,3322.729,6754,5035,5041.729,3322.729
ABT,1778528289000,1778528290671,1778528290671,1779437330448,1778528302964,1778528293901.136,1671,0,909039777,12293,3230.136,13964,12293,4901.136,3230.136
ABT,1778528293000,1778528294726,1778528294727,1779437330448,1778528302964,1778528294846.583,1726,1,909035721,8237,119.583,9964,8238,1846.583,120.583
ABT,1778528294000,1778528295698,1778528295699,1779437330448,1778528302964,1778528295847.406,1698,1,909034749,7265,148.406,8964,7266,1847.406,149.406
ABT,1778528295000,1778528296759,1778528296759,1779437330448,1778528302964,1778528296848.187,1759,0,909033689,6205,89.187,7964,6205,1848.187,89.187
ABT,1778528296000,1778528297713,1778528297713,1779437330448,1778528302964,1778528302953.777,1713,0,909032735,5251,5240.777,6964,5251,6953.777,5240.777
ABT,1778528302000,1778528303691,1778528303691,1779437330449,1778528314776,1778528308959.521,1691,0,909026758,11085,5268.521,12776,11085,6959.521,5268.521
ABT,1778528308000,1778528309751,1778528309751,1779437330449,1778528314776,1778528309960.659,1751,0,909020698,5025,209.659,6776,5025,1960.659,209.659
ABT,1778528310000,1778528310724,1778528310725,1779437330449,1778528314775,1778528311986.698,724,1,909019724,4050,1261.698,4775,4051,1986.698,1262.698
ABT,1778528311000,1778528312710,1778528312710,1779437330449,1778528326087,1778528315866.078,1710,0,909017739,13377,3156.078,15087,13377,4866.078,3156.078
ABT,1778528315000,1778528316692,1778528316692,1779437330449,1778528326085,1778528316866.591,1692,0,909013757,9393,174.591,11085,9393,1866.591,174.591
ABT,1778528316000,1778528317746,1778528317747,1779437330449,1778528326087,1778528320769.804,1746,1,909012702,8340,3022.804,10087,8341,4769.804,3023.804
ABT,1778528320000,1778528321691,1778528321691,1779437330450,1778528326087,1778528322771.638,1691,0,909008759,4396,1080.638,6087,4396,2771.638,1080.638
ABT,1778528322000,1778528323739,1778528323739,1779437330450,1778528338097,1778528331979.787,1739,0,909006711,14358,8240.787,16097,14358,9979.787,8240.787
ABT,1778528332000,1778528333712,1778528333712,1779437330451,1778528338097,1778528334782.218,1712,0,908996739,4385,1070.218,6097,4385,2782.218,1070.218
ABT,1778528334000,1778528335719,1778528335719,1779437330451,1778528350013,1778528340788.209,1719,0,908994732,14294,5069.209,16013,14294,6788.209,5069.209
ABT,1778528340000,1778528341742,1778528341743,1779437330451,1778528350013,1778528346193.48,1742,1,908988708,8270,4450.48,10013,8271,6193.48,4451.48
ABT,1778528346000,1778528346734,1778528346734,1779437330451,1778528350013,1778528349997.782,734,0,908983717,3279,3263.782,4013,3279,3997.782,3263.782
ABT,1778528349000,1778528350749,1778528350749,1779437330452,1778528361219,1778528354902.026,1749,0,908979703,10470,4153.026,12219,10470,5902.026,4153.026
ABT,1778528354000,1778528354928,1778528354928,1779437330452,1778528361219,1778528355803.365,928,0,908975524,6291,875.365,7219,6291,1803.365,875.365
ABT,1778528355000,1778528356777,1778528356778,1779437330452,1778528361219,1778528357975.76,1777,1,908973674,4441,1197.76,6219,4442,2975.76,1198.76
ABT,1778528358000,1778528358768,1778528358768,1779437330452,1778528361219,1778528360907.619,768,0,908971684,2451,2139.619,3219,2451,2907.619,2139.619
ABT,1778528360000,1778528361703,1778528361703,1779437330452,1778528372987,1778528361808.956,1703,0,908968749,11284,105.956,12987,11284,1808.956,105.956
ABT,1778528362000,1778528362760,1778528362760,1779437330452,1778528372987,1778528362909.235,760,0,908967692,10227,149.235,10987,10227,909.235,149.235
ABT,1778528363000,1778528363687,1778528363688,1779437330452,1778528372987,1778528363809.879,687,1,908966764,9299,121.879,9987,9300,809.879,122.879
ABT,1778528364000,1778528365766,1778528365766,1779437330453,1778528372987,1778528365911.873,1766,0,908964687,7221,145.873,8987,7221,1911.873,145.873
ABT,1778528365000,1778528366720,1778528366721,1779437330453,1778528372985,1778528366814.064,1720,1,908963732,6264,93.064,7985,6265,1814.064,94.064
ABT,1778528366000,1778528367818,1778528367818,1779437330453,1778528372987,1778528368004.09,1818,0,908962635,5169,186.09,6987,5169,2004.09,186.09
ABT,1778528369000,1778528369840,1778528369840,1779437330453,1778528372987,1778528371917.468,840,0,908960613,3147,2077.468,3987,3147,2917.468,2077.468
ABT,1778528372000,1778528372712,1778528372712,1779437330453,1778528384041,1778528375792.908,712,0,908957741,11329,3080.908,12041,11329,3792.908,3080.908
ABT,1778528375000,1778528376661,1778528376661,1779437330453,1778528384041,1778528376722.147,1661,0,908953792,7380,61.147,9041,7380,1722.147,61.147
ABT,1778528376000,1778528377735,1778528377735,1779437330453,1778528384041,1778528377823.844,1735,0,908952718,6306,88.844,8041,6306,1823.844,88.844
ABT,1778528377000,1778528378821,1778528378821,1779437330453,1778528384041,1778528382027.557,1821,0,908951632,5220,3206.557,7041,5220,5027.557,3206.557
ABT,1778528382000,1778528382758,1778528382758,1779437330454,1778528395852,1778528387032.483,758,0,908947696,13094,4274.483,13852,13094,5032.483,4274.483
ABT,1778528386000,1778528387899,1778528387899,1779437330454,1778528395852,1778528388033.977,1899,0,908942555,7953,134.977,9852,7953,2033.977,134.977
ABT,1778528388000,1778528389688,1778528389688,1779437330454,1778528406162,1778528397021.593,1688,0,908940766,16474,7333.593,18162,16474,9021.593,7333.593
ABT,1778528395000,1778528397730,1778528397730,1779437330454,1778528406162,1778528399244.613,2730,0,908932724,8432,1514.613,11162,8432,4244.613,1514.613
ABT,1778528398000,1778528399715,1778528399715,1779437330455,1778528406162,1778528403148.533,1715,0,908930740,6447,3433.533,8162,6447,5148.533,3433.533
ABT,1778528403000,1778528403780,1778528403780,1779437330455,1778528406162,1778528404950.048,780,0,908926675,2382,1170.048,3162,2382,1950.048,1170.048
ABT,1778528404000,1778528405802,1778528405803,1779437330455,1778528406162,1778528405951.514,1802,1,908924652,359,148.514,2162,360,1951.514,149.514
ABT,1778528405000,1778528407113,1778528407113,1779437330455,1778528417274,1778528408854.657,2113,0,908923342,10161,1741.657,12274,10161,3854.657,1741.657
ABT,1778528408000,1778528409727,1778528409727,1779437330455,1778528417274,1778528410856.311,1727,0,908920728,7547,1129.311,9274,7547,2856.311,1129.311
ABT,1778528410000,1778528411725,1778528411725,1779437330455,1778528417273,1778528411857.434,1725,0,908918730,5548,132.434,7273,5548,1857.434,132.434
ABT,1778528411000,1778528412820,1778528412821,1779437330456,1778528417274,1778528412993.061,1820,1,908917635,4453,172.061,6274,4454,1993.061,173.061
ABT,1778528412000,1778528413736,1778528413736,1779437330456,1778528417274,1778528414859.597,1736,0,908916720,3538,1123.597,5274,3538,2859.597,1123.597
ABT,1778528414000,1778528415835,1778528415835,1779437330456,1778528417274,1778528416028.345,1835,0,908914621,1439,193.345,3274,1439,2028.345,193.345
ABT,1778528415000,1778528416965,1778528416965,1779437330456,1778528428785,1778528417988.582,1965,0,908913491,11820,1023.582,13785,11820,2988.582,1023.582
ABT,1778528417000,1778528418754,1778528418754,1779437330456,1778528428785,1778528419064.072,1754,0,908911702,10031,310.072,11785,10031,2064.072,310.072
ABT,1778528419000,1778528419772,1778528419772,1779437330456,1778528428785,1778528420865.616,772,0,908910684,9013,1093.616,9785,9013,1865.616,1093.616
ABT,1778528420000,1778528421760,1778528421760,1779437330456,1778528428785,1778528422066.68,1760,0,908908696,7025,306.68,8785,7025,2066.68,306.68
ABT,1778528421000,1778528422788,1778528422788,1779437330456,1778528428785,1778528423053.869,1788,0,908907668,5997,265.869,7785,5997,2053.869,265.869
ABT,1778528423000,1778528423706,1778528423706,1779437330456,1778528428785,1778528425049.065,706,0,908906750,5079,1343.065,5785,5079,2049.065,1343.065
ABT,1778528424000,1778528425768,1778528425769,1779437330456,1778528428785,1778528426043.903,1768,1,908904687,3016,274.903,4785,3017,2043.903,275.903
ABT,1778528425000,1778528426782,1778528426782,1779437330456,1778528428785,1778528426871.568,1782,0,908903674,2003,89.568,3785,2003,1871.568,89.568
ABT,1778528426000,1778528427771,1778528427771,1779437330457,1778528428785,1778528428004.434,1771,0,908902686,1014,233.434,2785,1014,2004.434,233.434
ABT,1778528427000,1778528428753,1778528428753,1779437330457,1778528440167,1778528428973.236,1753,0,908901704,11414,220.236,13167,11414,1973.236,220.236
ABT,1778528429000,1778528429969,1778528429969,1779437330457,1778528440167,1778528430037.999,969,0,908900488,10198,68.999,11167,10198,1037.999,68.999
ABT,1778528430000,1778528430799,1778528430799,1779437330457,1778528440097,1778528432076.518,799,0,908899658,9298,1277.518,10097,9298,2076.518,1277.518
ABT,1778528431000,1778528432746,1778528432746,1779437330457,1778528440167,1778528433877.855,1746,0,908897711,7421,1131.855,9167,7421,2877.855,1131.855
ABT,1778528434000,1778528435940,1778528435940,1779437330457,1778528440167,1778528436781.117,1940,0,908894517,4227,841.117,6167,4227,2781.117,841.117
ABT,1778528436000,1778528437822,1778528437822,1779437330457,1778528440167,1778528437883.112,1822,0,908892635,2345,61.112,4167,2345,1883.112,61.112
ABT,1778528437000,1778528438690,1778528438691,1779437330457,1778528440167,1778528438782.877,1690,1,908891766,1476,91.877,3167,1477,1782.877,92.877
ABT,1778528438000,1778528439829,1778528439829,1779437330457,1778528440097,1778528439984.402,1829,0,908890628,268,155.402,2097,268,1984.402,155.402
ABT,1778528439000,1778528440691,1778528440692,1779437330457,1778528452111,1778528440784.91,1691,1,908889765,11419,92.91,13111,11420,1784.91,93.91
ABT,1778528440000,1778528441799,1778528441799,1779437330457,1778528452111,1778528441986.158,1799,0,908888658,10312,187.158,12111,10312,1986.158,187.158
ABT,1778528443000,1778528443789,1778528443790,1779437330457,1778528452111,1778528445889.702,789,1,908886667,8321,2099.702,9111,8322,2889.702,2100.702
ABT,1778528445000,1778528447010,1778528447011,1779437330458,1778528452111,1778528447069.03,2010,1,908883447,5100,58.03,7111,5101,2069.03,59.03
ABT,1778528447000,1778528447765,1778528447766,1779437330458,1778528452111,1778528447891.991,765,1,908882692,4345,125.991,5111,4346,891.991,126.991
ABT,1778528448000,1778528449845,1778528449845,1779437330458,1778528452111,1778528450094.562,1845,0,908880613,2266,249.562,4111,2266,2094.562,249.562
ABT,1778528449000,1778528450764,1778528450765,1779437330458,1778528463219,1778528462105.762,1764,1,908879693,12454,11340.762,14219,12455,13105.762,11341.762
ABT,1778528461000,1778528462999,1778528462999,1779437330459,1778528463219,1778528463106.691,1999,0,908867460,220,107.691,2219,220,2106.691,107.691
ABT,1778528462000,1778528463779,1778528463779,1779437330459,1778528475229,1778528463907.691,1779,0,908866680,11450,128.691,13229,11450,1907.691,128.691
ABT,1778528463000,1778528464871,1778528464871,1779437330459,1778528475230,1778528465108.774,1871,0,908865588,10359,237.774,12230,10359,2108.774,237.774
ABT,1778528465000,1778528465853,1778528465853,1779437330459,1778528475230,1778528467911.787,853,0,908864606,9377,2058.787,10230,9377,2911.787,2058.787
ABT,1778528467000,1778528469778,1778528469778,1779437330459,1778528486940,1778528476019.236,2778,0,908860681,17162,6241.236,19940,17162,9019.236,6241.236
ABT,1778528475000,1778528476933,1778528476934,1779437330459,1778528486940,1778528477120.209,1933,1,908853525,10006,186.209,11940,10007,2120.209,187.209
ABT,1778528476000,1778528477782,1778528477782,1779437330459,1778528486940,1778528477921.305,1782,0,908852677,9158,139.305,10940,9158,1921.305,139.305
ABT,1778528477000,1778528478774,1778528478775,1779437330459,1778528486940,1778528478922.065,1774,1,908851684,8165,147.065,9940,8166,1922.065,148.065
ABT,1778528478000,1778528479757,1778528479757,1779437330460,1778528486940,1778528480860.92,1757,0,908850703,7183,1103.92,8940,7183,2860.92,1103.92
ABT,1778528481000,1778528481797,1778528481797,1779437330460,1778528498153,1778528491934.661,797,0,908848663,16356,10137.661,17153,16356,10934.661,10137.661
ABT,1778528491000,1778528492814,1778528492814,1779437330460,1778528498153,1778528493035.771,1814,0,908837646,5339,221.771,7153,5339,2035.771,221.771
ABT,1778528492000,1778528494080,1778528494080,1779437330460,1778528509165,1778528501944.668,2080,0,908836380,15085,7864.668,17165,15085,9944.668,7864.668
ABT,1778528502000,1778528503828,1778528503828,1779437330461,1778528509165,1778528504848.568,1828,0,908826633,5337,1020.568,7165,5337,2848.568,1020.568
ABT,1778528505000,1778528505929,1778528505929,1779437330461,1778528509165,1778528507814.587,929,0,908824532,3236,1885.587,4165,3236,2814.587,1885.587
ABT,1778528508000,1778528509772,1778528509772,1779437330461,1778528521075,1778528509853.514,1772,0,908820689,11303,81.514,13075,11303,1853.514,81.514
ABT,1778528511000,1778528512779,1778528512780,1779437330461,1778528521075,1778528513857.556,1779,1,908817681,8295,1077.556,10075,8296,2857.556,1078.556
ABT,1778528513000,1778528514860,1778528514860,1779437330462,1778528521075,1778528514957.797,1860,0,908815602,6215,97.797,8075,6215,1957.797,97.797
ABT,1778528515000,1778528515811,1778528515811,1779437330462,1778528521075,1778528516959.974,811,0,908814651,5264,1148.974,6075,5264,1959.974,1148.974
ABT,1778528516000,1778528517813,1778528517813,1779437330462,1778528521075,1778528517960.77,1813,0,908812649,3262,147.77,5075,3262,1960.77,147.77
ABT,1778528517000,1778528518831,1778528518832,1779437330462,1778528521075,1778528518912.803,1831,1,908811630,2243,80.803,4075,2244,1912.803,81.803
ABT,1778528518000,1778528519785,1778528519785,1779437330462,1778528521075,1778528519862.593,1785,0,908810677,1290,77.593,3075,1290,1862.593,77.593
ABT,1778528520000,1778528520952,1778528520952,1779437330462,1778528532087,1778528524467.551,952,0,908809510,11135,3515.551,12087,11135,4467.551,3515.551
ABT,1778528524000,1778528525862,1778528525862,1779437330462,1778528532087,1778528529872.584,1862,0,908804600,6225,4010.584,8087,6225,5872.584,4010.584
ABT,1778528530000,1778528531870,1778528531870,1779437330463,1778528543144,1778528534077.382,1870,0,908798593,11274,2207.382,13144,11274,4077.382,2207.382
ABT,1778528533000,1778528534911,1778528534911,1779437330463,1778528543144,1778528535979.541,1911,0,908795552,8233,1068.541,10144,8233,2979.541,1068.541
ABT,1778528535000,1778528537022,1778528537022,1779437330463,1778528543144,1778528540468.229,2022,0,908793441,6122,3446.229,8144,6122,5468.229,3446.229
ABT,1778528540000,1778528540851,1778528540851,1779437330463,1778528543144,1778528542085.07,851,0,908789612,2293,1234.07,3144,2293,2085.07,1234.07
ABT,1778528542000,1778528542821,1778528542821,1779437330463,1778528554310,1778528547089.745,821,0,908787642,11489,4268.745,12310,11489,5089.745,4268.745
ABT,1778528546000,1778528548082,1778528548083,1779437330464,1778528554310,1778528548290.693,2082,1,908782381,6227,207.693,8310,6228,2290.693,208.693
ABT,1778528547000,1778528548840,1778528548840,1779437330464,1778528554310,1778528548911.958,1840,0,908781624,5470,71.958,7310,5470,1911.958,71.958
ABT,1778528548000,1778528549793,1778528549793,1779437330464,1778528554310,1778528551994.237,1793,0,908780671,4517,2201.237,6310,4517,3994.237,2201.237
ABT,1778528551000,1778528552760,1778528552761,1779437330464,1778528554310,1778528552895.839,1760,1,908777703,1549,134.839,3310,1550,1895.839,135.839
ABT,1778528552000,1778528553808,1778528553808,1779437330464,1778528566021,1778528555004.956,1808,0,908776656,12213,1196.956,14021,12213,3004.956,1196.956
ABT,1778528554000,1778528555872,1778528555872,1779437330464,1778528566021,1778528556899.696,1872,0,908774592,10149,1027.696,12021,10149,2899.696,1027.696
ABT,1778528556000,1778528557969,1778528557969,1779437330464,1778528566021,1778528558100.685,1969,0,908772495,8052,131.685,10021,8052,2100.685,131.685
ABT,1778528558000,1778528558958,1778528558958,1779437330464,1778528565923,1778528559141.223,958,0,908771506,6965,183.223,7923,6965,1141.223,183.223
ABT,1778528559000,1778528559997,1778528559997,1779437330464,1778528566021,1778528563008.772,997,0,908770467,6024,3011.772,7021,6024,4008.772,3011.772
ABT,1778528562000,1778528563815,1778528563815,1779437330465,1778528566021,1778528564910.509,1815,0,908766650,2206,1095.509,4021,2206,2910.509,1095.509
ABT,1778528564000,1778528565942,1778528565943,1779437330465,1778528576933,1778528571094.107,1942,1,908764522,10990,5151.107,12933,10991,7094.107,5152.107
ABT,1778528570000,1778528571782,1778528571782,1779437330465,1778528576933,1778528571917.731,1782,0,908758683,5151,135.731,6933,5151,1917.731,135.731
ABT,1778528571000,1778528572884,1778528572884,1779437330465,1778528576933,1778528573118.977,1884,0,908757581,4049,234.977,5933,4049,2118.977,234.977
ABT,1778528572000,1778528573959,1778528573959,1779437330465,1778528576933,1778528574020.131,1959,0,908756506,2974,61.131,4933,2974,2020.131,61.131
ABT,1778528574000,1778528575051,1778528575051,1779437330465,1778528576933,1778528575821.206,1051,0,908755414,1882,770.206,2933,1882,1821.206,770.206
ABT,1778528575000,1778528576952,1778528576952,1779437330465,1778528588143,1778528577023.116,1952,0,908753513,11191,71.116,13143,11191,2023.116,71.116
ABT,1778528576000,1778528577949,1778528577949,1779437330465,1778528588143,1778528579127.508,1949,0,908752516,10194,1178.508,12143,10194,3127.508,1178.508
ABT,1778528578000,1778528579961,1778528579961,1779437330466,1778528588143,1778528580028.802,1961,0,908750505,8182,67.802,10143,8182,2028.802,67.802
ABT,1778528579000,1778528580923,1778528580923,1779437330466,1778528588143,1778528584232.816,1923,0,908749543,7220,3309.816,9143,7220,5232.816,3309.816
ABT,1778528583000,1778528584812,1778528584812,1779437330466,1778528588143,1778528585033.661,1812,0,908745654,3331,221.661,5143,3331,2033.661,221.661
ABT,1778528584000,1778528585862,1778528585862,1779437330466,1778528599056,1778528588336.954,1862,0,908744604,13194,2474.954,15056,13194,4336.954,2474.954
ABT,1778528588000,1778528588751,1778528588751,1779437330466,1778528599056,1778528589838.529,751,0,908741715,10305,1087.529,11056,10305,1838.529,1087.529
ABT,1778528589000,1778528590870,1778528590871,1779437330466,1778528599056,1778528591139.931,1870,1,908739595,8185,268.931,10056,8186,2139.931,269.931
ABT,1778528590000,1778528591832,1778528591832,1779437330466,1778528599056,1778528591941.29,1832,0,908738634,7224,109.29,9056,7224,1941.29,109.29
ABT,1778528591000,1778528592831,1778528592831,1779437330466,1778528599056,1778528592942.225,1831,0,908737635,6225,111.225,8056,6225,1942.225,111.225
ABT,1778528592000,1778528593837,1778528593837,1779437330467,1778528599056,1778528594042.89,1837,0,908736630,5219,205.89,7056,5219,2042.89,205.89
ABT,1778528593000,1778528594886,1778528594886,1779437330467,1778528599056,1778528597146.038,1886,0,908735581,4170,2260.038,6056,4170,4146.038,2260.038
ABT,1778528596000,1778528597785,1778528597785,1779437330467,1778528599055,1778528597846.637,1785,0,908732682,1270,61.637,3055,1270,1846.637,61.637
ABT,1778528597000,1778528598809,1778528598809,1779437330467,1778528610137,1778528599948.779,1809,0,908731658,11328,1139.779,13137,11328,2948.779,1139.779
ABT,1778528600000,1778528600891,1778528600892,1779437330467,1778528610137,1778528601889.296,891,1,908729575,9245,997.296,10137,9246,1889.296,998.296
ABT,1778528602000,1778528602849,1778528602849,1779437330467,1778528610137,1778528606955.744,849,0,908727618,7288,4106.744,8137,7288,4955.744,4106.744
ABT,1778528606000,1778528607811,1778528607811,1779437330467,1778528610137,1778528607956.703,1811,0,908722656,2326,145.703,4137,2326,1956.703,145.703
ABT,1778528608000,1778528609864,1778528609864,1779437330468,1778528610137,1778528609958.889,1864,0,908720604,273,94.889,2137,273,1958.889,94.889
ABT,1778528609000,1778528610911,1778528610911,1779437330468,1778528622147,1778528611151.413,1911,0,908719557,11236,240.413,13147,11236,2151.413,240.413
ABT,1778528610000,1778528611915,1778528611915,1779437330468,1778528622147,1778528612160.822,1915,0,908718553,10232,245.822,12147,10232,2160.822,245.822
ABT,1778528611000,1778528612828,1778528612828,1779437330468,1778528622030,1778528612961.376,1828,0,908717640,9202,133.376,11030,9202,1961.376,133.376
ABT,1778528613000,1778528613858,1778528613858,1779437330468,1778528622147,1778528614963.5,858,0,908716610,8289,1105.5,9147,8289,1963.5,1105.5
ABT,1778528614000,1778528615888,1778528615888,1779437330468,1778528622147,1778528618867.493,1888,0,908714580,6259,2979.493,8147,6259,4867.493,2979.493
ABT,1778528619000,1778528619846,1778528619846,1779437330468,1778528622030,1778528619968.685,846,0,908710622,2184,122.685,3030,2184,968.685,122.685
ABT,1778528621000,1778528621864,1778528621864,1779437330468,1778528633391,1778528626975.494,864,0,908708604,11527,5111.494,12391,11527,5975.494,5111.494
ABT,1778528627000,1778528628810,1778528628810,1779437330469,1778528633391,1778528629978.295,1810,0,908701659,4581,1168.295,6391,4581,2978.295,1168.295
ABT,1778528630000,1778528630894,1778528630895,1779437330469,1778528633391,1778528631879.728,894,1,908699574,2496,984.728,3391,2497,1879.728,985.728
ABT,1778528631000,1778528632884,1778528632885,1779437330469,1778528644201,1778528634928.895,1884,1,908697584,11316,2043.895,13201,11317,3928.895,2044.895
ABT,1778528634000,1778528636057,1778528636057,1779437330469,1778528644201,1778528637085.432,2057,0,908694412,8144,1028.432,10201,8144,3085.432,1028.432
ABT,1778528636000,1778528637974,1778528637974,1779437330469,1778528644201,1778528638087.065,1974,0,908692495,6227,113.065,8201,6227,2087.065,113.065
ABT,1778528637000,1778528638878,1778528638878,1779437330469,1778528644201,1778528638987.848,1878,0,908691591,5323,109.848,7201,5323,1987.848,109.848
ABT,1778528639000,1778528639864,1778528639864,1779437330470,1778528644201,1778528640989.513,864,0,908690606,4337,1125.513,5201,4337,1989.513,1125.513
ABT,1778528640000,1778528642036,1778528642036,1779437330470,1778528644201,1778528642191.002,2036,0,908688434,2165,155.002,4201,2165,2191.002,155.002
ABT,1778528641000,1778528643216,1778528643216,1779437330470,1778528655183,1778528644993.62,2216,0,908687254,11967,1777.62,14183,11967,3993.62,1777.62
ABT,1778528644000,1778528645809,1778528645809,1779437330470,1778528655183,1778528649999.202,1809,0,908684661,9374,4190.202,11183,9374,5999.202,4190.202
ABT,1778528650000,1778528651850,1778528651851,1779437330470,1778528655183,1778528651946.189,1850,1,908678619,3332,95.189,5183,3333,1946.189,96.189
ABT,1778528652000,1778528652811,1778528652811,1779437330470,1778528655183,1778528652901.744,811,0,908677659,2372,90.744,3183,2372,901.744,90.744
ABT,1778528653000,1778528653873,1778528653873,1779437330470,1778528655183,1778528655172.816,873,0,908676597,1310,1299.816,2183,1310,2172.816,1299.816
ABT,1778528655000,1778528656159,1778528656159,1779437330471,1778528666924,1778528657206.235,1159,0,908674312,10765,1047.235,11924,10765,2206.235,1047.235
ABT,1778528656000,1778528658886,1778528658886,1779437330471,1778528666924,1778528659107.384,2886,0,908671585,8038,221.384,10924,8038,3107.384,221.384
ABT,1778528658000,1778528659811,1778528659811,1779437330471,1778528666924,1778528661910.809,1811,0,908670660,7113,2099.809,8924,7113,3910.809,2099.809
ABT,1778528661000,1778528662933,1778528662933,1779437330471,1778528666924,1778528663183.906,1933,0,908667538,3991,250.906,5924,3991,2183.906,250.906
ABT,1778528663000,1778528664196,1778528664196,1779437330471,1778528677936,1778528667916.197,1196,0,908666275,13740,3720.197,14936,13740,4916.197,3720.197
ABT,1778528668000,1778528668817,1778528668817,1779437330471,1778528677936,1778528668909.929,817,0,908661654,9119,92.929,9936,9119,909.929,92.929
ABT,1778528669000,1778528669869,1778528669869,1779437330472,1778528677936,1778528671119.409,869,0,908660603,8067,1250.409,8936,8067,2119.409,1250.409
ABT,1778528670000,1778528671849,1778528671849,1779437330472,1778528677936,1778528671919.483,1849,0,908658623,6087,70.483,7936,6087,1919.483,70.483
ABT,1778528671000,1778528672795,1778528672795,1779437330472,1778528677936,1778528672920.755,1795,0,908657677,5141,125.755,6936,5141,1920.755,125.755
ABT,1778528673000,1778528673829,1778528673829,1779437330472,1778528677936,1778528673921.423,829,0,908656643,4107,92.423,4936,4107,921.423,92.423
ABT,1778528674000,1778528674864,1778528674864,1779437330472,1778528677936,1778528676924.608,864,0,908655608,3072,2060.608,3936,3072,2924.608,2060.608
ABT,1778528676000,1778528677871,1778528677871,1779437330472,1778528689148,1778528679126.101,1871,0,908652601,11277,1255.101,13148,11277,3126.101,1255.101
ABT,1778528678000,1778528679831,1778528679831,1779437330472,1778528689148,1778528679927.382,1831,0,908650641,9317,96.382,11148,9317,1927.382,96.382
ABT,1778528680000,1778528681068,1778528681068,1779437330472,1778528689148,1778528683129.55,1068,0,908649404,8080,2061.55,9148,8080,3129.55,2061.55
ABT,1778528682000,1778528683807,1778528683807,1779437330472,1778528689148,1778528687033.359,1807,0,908646665,5341,3226.359,7148,5341,5033.359,3226.359
ABT,1778528686000,1778528687799,1778528687799,1779437330473,1778528689145,1778528689135.504,1799,0,908642674,1346,1336.504,3145,1346,3135.504,1336.504
ABT,1778528688000,1778528690194,1778528690194,1779437330473,1778528699960,1778528690337.049,2194,0,908640279,9766,143.049,11960,9766,2337.049,143.049
ABT,1778528690000,1778528690863,1778528690863,1779437330473,1778528699960,1778528692108.671,863,0,908639610,9097,1245.671,9960,9097,2108.671,1245.671
ABT,1778528691000,1778528693076,1778528693076,1779437330473,1778528699960,1778528695140.939,2076,0,908637397,6884,2064.939,8960,6884,4140.939,2064.939
ABT,1778528694000,1778528695791,1778528695791,1779437330473,1778528699960,1778528695941.563,1791,0,908634682,4169,150.563,5960,4169,1941.563,150.563
ABT,1778528695000,1778528696953,1778528696953,1779437330473,1778528699960,1778528699145.118,1953,0,908633520,3007,2192.118,4960,3007,4145.118,2192.118
ABT,1778528700000,1778528701028,1778528701028,1779437330474,1778528709268,1778528702448.714,1028,0,908629446,8240,1420.714,9268,8240,2448.714,1420.714
ABT,1778528701000,1778528702367,1778528702367,1779437330474,1778528709268,1778528704150.153,1367,0,908628107,6901,1783.153,8268,6901,3150.153,1783.153
ABT,1778528703000,1778528705183,1778528705183,1779437330474,1778528709268,1778528708942.812,2183,0,908625291,4085,3759.812,6268,4085,5942.812,3759.812
ABT,1778528709000,1778528709898,1778528709898,1779437330474,1778528721178,1778528712142.725,898,0,908620576,11280,2244.725,12178,11280,3142.725,2244.725
ABT,1778528711000,1778528712783,1778528712783,1779437330474,1778528721178,1778528712858.946,1783,0,908617691,8395,75.946,10178,8395,1858.946,75.946
ABT,1778528712000,1778528713814,1778528713814,1779437330475,1778528721178,1778528713960.177,1814,0,908616661,7364,146.177,9178,7364,1960.177,146.177
ABT,1778528713000,1778528714964,1778528714964,1779437330475,1778528721178,1778528715062.042,1964,0,908615511,6214,98.042,8178,6214,2062.042,98.042
ABT,1778528715000,1778528715852,1778528715852,1779437330475,1778528721178,1778528717063.448,852,0,908614623,5326,1211.448,6178,5326,2063.448,1211.448
ABT,1778528717000,1778528717851,1778528717851,1779437330475,1778528732189,1778528721170.713,851,0,908612624,14338,3319.713,15189,14338,4170.713,3319.713
ABT,1778528720000,1778528721888,1778528721888,1779437330475,1778528732189,1778528722071.293,1888,0,908608587,10301,183.293,12189,10301,2071.293,183.293
ABT,1778528721000,1778528722909,1778528722909,1779437330475,1778528732189,1778528723093.61,1909,0,908607566,9280,184.61,11189,9280,2093.61,184.61
ABT,1778528722000,1778528723868,1778528723868,1779437330475,1778528732189,1778528724073.564,1868,0,908606607,8321,205.564,10189,8321,2073.564,205.564
ABT,1778528723000,1778528724923,1778528724923,1779437330475,1778528732189,1778528729879.266,1923,0,908605552,7266,4956.266,9189,7266,6879.266,4956.266
ABT,1778528729000,1778528730870,1778528730870,1779437330476,1778528732189,1778528730980.551,1870,0,908599606,1319,110.551,3189,1319,1980.551,110.551
ABT,1778528730000,1778528731900,1778528731901,1779437330476,1778528732189,1778528731981.484,1900,1,908598575,288,80.484,2189,289,1981.484,81.484
ABT,1778528731000,1778528732893,1778528732893,1779437330476,1778528743399,1778528734984.453,1893,0,908597583,10506,2091.453,12399,10506,3984.453,2091.453
ABT,1778528735000,1778528736028,1778528736028,1779437330476,1778528743399,1778528738887.583,1028,0,908594448,7371,2859.583,8399,7371,3887.583,2859.583
ABT,1778528739000,1778528740087,1778528740087,1779437330476,1778528743399,1778528740990.713,1087,0,908590389,3312,903.713,4399,3312,1990.713,903.713
ABT,1778528740000,1778528741921,1778528741921,1779437330476,1778528743399,1778528741991.855,1921,0,908588555,1478,70.855,3399,1478,1991.855,70.855
ABT,1778528743000,1778528743935,1778528743935,1779437330477,1778528755011,1778528744995.132,935,0,908586542,11076,1060.132,12011,11076,1995.132,1060.132
ABT,1778528745000,1778528745916,1778528745916,1779437330477,1778528755011,1778528746996.764,916,0,908584561,9095,1080.764,10011,9095,1996.764,1080.764
ABT,1778528747000,1778528747889,1778528747889,1779437330477,1778528755011,1778528751901.483,889,0,908582588,7122,4012.483,8011,7122,4901.483,4012.483
ABT,1778528751000,1778528752855,1778528752855,1779437330477,1778528766425,1778528755585.472,1855,0,908577622,13570,2730.472,15425,13570,4585.472,2730.472
ABT,1778528754000,1778528755812,1778528755812,1779437330477,1778528766425,1778528755905.351,1812,0,908574665,10613,93.351,12425,10613,1905.351,93.351
ABT,1778528756000,1778528756878,1778528756878,1779437330477,1778528766425,1778528758007.88,878,0,908573599,9547,1129.88,10425,9547,2007.88,1129.88
ABT,1778528757000,1778528758922,1778528758922,1779437330477,1778528766425,1778528764914.047,1922,0,908571555,7503,5992.047,9425,7503,7914.047,5992.047
ABT,1778528765000,1778528765895,1778528765895,1779437330478,1778528778165,1778528768217.25,895,0,908564583,12270,2322.25,13165,12270,3217.25,2322.25
ABT,1778528769000,1778528770947,1778528770947,1779437330478,1778528778035,1778528771220.095,1947,0,908559531,7088,273.095,9035,7088,2220.095,273.095
ABT,1778528770000,1778528771911,1778528771912,1779437330478,1778528778165,1778528773122.378,1911,1,908558566,6253,1210.378,8165,6254,3122.378,1211.378
ABT,1778528773000,1778528773929,1778528773929,1779437330478,1778528778165,1778528778027.927,929,0,908556549,4236,4098.927,5165,4236,5027.927,4098.927
ABT,1778528777000,1778528779054,1778528779054,1779437330479,1778528789325,1778528779128.769,2054,0,908551425,10271,74.769,12325,10271,2128.769,74.769
ABT,1778528779000,1778528779845,1778528779845,1779437330479,1778528789325,1778528781030.372,845,0,908550634,9480,1185.372,10325,9480,2030.372,1185.372
ABT,1778528782000,1778528783110,1778528783110,1779437330479,1778528789325,1778528787037.126,1110,0,908547369,6215,3927.126,7325,6215,5037.126,3927.126
ABT,1778528786000,1778528787056,1778528787056,1779437330479,1778528800358,1778528789940.293,1056,0,908543423,13302,2884.293,14358,13302,3940.293,2884.293
ABT,1778528789000,1778528790889,1778528790889,1779437330479,1778528800358,1778528792942.997,1889,0,908539590,9469,2053.997,11358,9469,3942.997,2053.997
ABT,1778528792000,1778528793893,1778528793893,1779437330480,1778528800358,1778528795044.938,1893,0,908536587,6465,1151.938,8358,6465,3044.938,1151.938
ABT,1778528794000,1778528795910,1778528795910,1779437330480,1778528800358,1778528796946.536,1910,0,908534570,4448,1036.536,6358,4448,2946.536,1036.536
ABT,1778528797000,1778528797897,1778528797897,1779437330480,1778528800358,1778528798948.577,897,0,908532583,2461,1051.577,3358,2461,1948.577,1051.577
ABT,1778528799000,1778528799907,1778528799907,1779437330480,1778528811972,1778528800950.171,907,0,908530573,12065,1043.171,12972,12065,1950.171,1043.171
ABT,1778528801000,1778528801947,1778528801947,1779437330480,1778528811972,1778528802952.05,947,0,908528533,10025,1005.05,10972,10025,1952.05,1005.05
ABT,1778528803000,1778528803913,1778528803914,1779437330480,1778528811972,1778528804954.544,913,1,908526566,8058,1040.544,8972,8059,1954.544,1041.544
ABT,1778528805000,1778528805912,1778528805912,1779437330480,1778528811969,1778528806255.384,912,0,908524568,6057,343.384,6969,6057,1255.384,343.384
ABT,1778528806000,1778528807104,1778528807104,1779437330480,1778528811972,1778528807256.612,1104,0,908523376,4868,152.612,5972,4868,1256.612,152.612
ABT,1778528807000,1778528808088,1778528808089,1779437330480,1778528811972,1778528808157.662,1088,1,908522391,3883,68.662,4972,3884,1157.662,69.662
ABT,1778528808000,1778528808877,1778528808878,1779437330481,1778528811972,1778528809959.122,877,1,908521603,3094,1081.122,3972,3095,1959.122,1082.122
ABT,1778528810000,1778528811099,1778528811099,1779437330481,1778528823281,1778528813048.341,1099,0,908519382,12182,1949.341,13281,12182,3048.341,1949.341
ABT,1778528812000,1778528813880,1778528813880,1779437330481,1778528823281,1778528813963.448,1880,0,908516601,9401,83.448,11281,9401,1963.448,83.448
ABT,1778528813000,1778528814925,1778528814925,1779437330481,1778528823281,1778528815164.294,1925,0,908515556,8356,239.294,10281,8356,2164.294,239.294
ABT,1778528815000,1778528816971,1778528816971,1779437330481,1778528823281,1778528820169.281,1971,0,908513510,6310,3198.281,8281,6310,5169.281,3198.281
ABT,1778528819000,1778528820972,1778528820972,1779437330481,1778528823281,1778528822571.351,1972,0,908509509,2309,1599.351,4281,2309,3571.351,1599.351
ABT,1778528822000,1778528822855,1778528822855,1779437330481,1778528823281,1778528822971.528,855,0,908507626,426,116.528,1281,426,971.528,116.528
ABT,1778528823000,1778528823891,1778528823891,1779437330482,1778528834494,1778528827676.279,891,0,908506591,10603,3785.279,11494,10603,4676.279,3785.279
ABT,1778528826000,1778528827904,1778528827904,1779437330482,1778528834494,1778528828977.668,1904,0,908502578,6590,1073.668,8494,6590,2977.668,1073.668
ABT,1778528828000,1778528830096,1778528830096,1779437330482,1778528834494,1778528833282.153,2096,0,908500386,4398,3186.153,6494,4398,5282.153,3186.153
ABT,1778528832000,1778528833206,1778528833207,1779437330482,1778528834494,1778528834183.327,1206,1,908497275,1287,976.327,2494,1288,2183.327,977.327
ABT,1778528833000,1778528834969,1778528834969,1779437330482,1778528846211,1778528837089.185,1969,0,908495513,11242,2120.185,13211,11242,4089.185,2120.185
ABT,1778528836000,1778528837830,1778528837830,1779437330483,1778528846211,1778528837889.443,1830,0,908492653,8381,59.443,10211,8381,1889.443,59.443
ABT,1778528837000,1778528838895,1778528838895,1779437330483,1778528846211,1778528841092.414,1895,0,908491588,7316,2197.414,9211,7316,4092.414,2197.414
ABT,1778528841000,1778528841862,1778528841862,1779437330483,1778528846211,1778528841993.499,862,0,908488621,4349,131.499,5211,4349,993.499,131.499
ABT,1778528842000,1778528842963,1778528842963,1779437330483,1778528846211,1778528844195.344,963,0,908487520,3248,1232.344,4211,3248,2195.344,1232.344
ABT,1778528843000,1778528845232,1778528845233,1779437330483,1778528858020,1778528847097.935,2232,1,908485250,12787,1864.935,15020,12788,4097.935,1865.935
ABT,1778528846000,1778528847896,1778528847896,1779437330483,1778528858020,1778528857008.181,1896,0,908482587,10124,9112.181,12020,10124,11008.181,9112.181
ABT,1778528856000,1778528857940,1778528857940,1779437330484,1778528868534,1778528858009.612,1940,0,908472544,10594,69.612,12534,10594,2009.612,69.612
ABT,1778528857000,1778528858924,1778528858924,1779437330484,1778528868534,1778528860110.791,1924,0,908471560,9610,1186.791,11534,9610,3110.791,1186.791
ABT,1778528859000,1778528860916,1778528860917,1779437330484,1778528868534,1778528861111.907,1916,1,908469567,7617,194.907,9534,7618,2111.907,195.907
ABT,1778528860000,1778528861987,1778528861987,1779437330484,1778528868534,1778528868520.049,1987,0,908468497,6547,6533.049,8534,6547,8520.049,6533.049
ABT,1778528868000,1778528869954,1778528869954,1779437330484,1778528880443,1778528870022.277,1954,0,908460530,10489,68.277,12443,10489,2022.277,68.277
ABT,1778528870000,1778528871941,1778528871941,1779437330484,1778528880445,1778528874026.282,1941,0,908458543,8504,2085.282,10445,8504,4026.282,2085.282
ABT,1778528875000,1778528876976,1778528876976,1779437330485,1778528880445,1778528877128.728,1976,0,908453509,3469,152.728,5445,3469,2128.728,152.728
ABT,1778528876000,1778528877877,1778528877877,1779437330485,1778528880443,1778528878029.861,1877,0,908452608,2566,152.861,4443,2566,2029.861,152.861
ABT,1778528877000,1778528878987,1778528878987,1779437330485,1778528880445,1778528880032.457,1987,0,908451498,1458,1045.457,3445,1458,3032.457,1045.457
ABT,1778528880000,1778528881020,1778528881020,1779437330485,1778528891359,1778528882534.37,1020,0,908449465,10339,1514.37,11359,10339,2534.37,1514.37
ABT,1778528881000,1778528882975,1778528882975,1779437330485,1778528891359,1778528885037.164,1975,0,908447510,8384,2062.164,10359,8384,4037.164,2062.164
ABT,1778528884000,1778528885912,1778528885912,1779437330485,1778528891359,1778528888240.324,1912,0,908444573,5447,2328.324,7359,5447,4240.324,2328.324
ABT,1778528889000,1778528889921,1778528889921,1779437330485,1778528891359,1778528891343.218,921,0,908440564,1438,1422.218,2359,1438,2343.218,1422.218
ABT,1778528890000,1778528892018,1778528892018,1779437330486,1778528902373,1778528894145.892,2018,0,908438468,10355,2127.892,12373,10355,4145.892,2127.892
ABT,1778528893000,1778528895131,1778528895131,1779437330486,1778528902372,1778528895247.42,2131,0,908435355,7241,116.42,9372,7241,2247.42,116.42
ABT,1778528894000,1778528895132,1778528895132,1779437330486,1778528902373,1778528896013.074,1132,0,908435354,7241,881.074,8373,7241,2013.074,881.074
ABT,1778528896000,1778528896945,1778528896945,1779437330486,1778528902373,1778528897049.001,945,0,908433541,5428,104.001,6373,5428,1049.001,104.001
ABT,1778528897000,1778528897945,1778528897945,1779437330486,1778528902373,1778528900051.931,945,0,908432541,4428,2106.931,5373,4428,3051.931,2106.931
ABT,1778528899000,1778528900981,1778528900982,1779437330486,1778528914077,1778528903332.582,1981,1,908429504,13095,2350.582,15077,13096,4332.582,2351.582
ABT,1778528903000,1778528904954,1778528904954,1779437330487,1778528914077,1778528907259.846,1954,0,908425533,9123,2305.846,11077,9123,4259.846,2305.846
ABT,1778528907000,1778528907937,1778528907937,1779437330487,1778528914077,1778528913066.409,937,0,908422550,6140,5129.409,7077,6140,6066.409,5129.409
ABT,1778528913000,1778528913983,1778528913983,1779437330487,1778528925393,1778528919072.23,983,0,908416504,11410,5089.23,12393,11410,6072.23,5089.23
ABT,1778528918000,1778528919935,1778528919935,1779437330487,1778528925389,1778528920072.781,1935,0,908410552,5454,137.781,7389,5454,2072.781,137.781
ABT,1778528920000,1778528920963,1778528920963,1779437330488,1778528925393,1778528922976.164,963,0,908409525,4430,2013.164,5393,4430,2976.164,2013.164
ABT,1778528923000,1778528925265,1778528925265,1779437330488,1778528937102,1778528928982.147,2265,0,908405223,11837,3717.147,14102,11837,5982.147,3717.147
ABT,1778528929000,1778528929948,1778528929948,1779437330488,1778528937102,1778528931084.343,948,0,908400540,7154,1136.343,8102,7154,2084.343,1136.343
ABT,1778528930000,1778528931946,1778528931946,1779437330488,1778528937102,1778528935088.826,1946,0,908398542,5156,3142.826,7102,5156,5088.826,3142.826
ABT,1778528935000,1778528935889,1778528935890,1779437330488,1778528937102,1778528937044.225,889,1,908394598,1212,1154.225,2102,1213,2044.225,1155.225
ABT,1778528936000,1778528937871,1778528937871,1779437330489,1778528947409,1778528939092.611,1871,0,908392618,9538,1221.611,11409,9538,3092.611,1221.611
ABT,1778528938000,1778528939921,1778528939922,1779437330489,1778528947409,1778528944098.363,1921,1,908390567,7487,4176.363,9409,7488,6098.363,4177.363
ABT,1778528944000,1778528945385,1778528945385,1779437330489,1778528947409,1778528946100.234,1385,0,908385104,2024,715.234,3409,2024,2100.234,715.234
ABT,1778528947000,1778528947901,1778528947902,1779437330489,1778528958530,1778528949202.717,901,1,908382587,10628,1300.717,11530,10629,2202.717,1301.717
ABT,1778528949000,1778528949920,1778528949920,1779437330489,1778528958530,1778528951105.117,920,0,908380569,8610,1185.117,9530,8610,2105.117,1185.117
ABT,1778528950000,1778528951953,1778528951953,1779437330489,1778528958530,1778528952205.621,1953,0,908378536,6577,252.621,8530,6577,2205.621,252.621
ABT,1778528951000,1778528953009,1778528953010,1779437330490,1778528958530,1778528955309.761,2009,1,908377480,5520,2299.761,7530,5521,4309.761,2300.761
ABT,1778528955000,1778528956091,1778528956091,1779437330490,1778528958530,1778528957211.963,1091,0,908374399,2439,1120.963,3530,2439,2211.963,1120.963
ABT,1778528957000,1778528959002,1778528959003,1779437330490,1778528970039,1778528959313.935,2002,1,908371487,11036,310.935,13039,11037,2313.935,311.935
ABT,1778528958000,1778528960093,1778528960093,1779437330490,1778528970037,1778528960215.046,2093,0,908370397,9944,122.046,12037,9944,2215.046,122.046
ABT,1778528960000,1778528960949,1778528960949,1779437330490,1778528981047,1778528972126.161,949,0,908369541,20098,11177.161,21047,20098,12126.161,11177.161
ABT,1778528972000,1778528972972,1778528972972,1779437330491,1778528981045,1778528973041.41,972,0,908357519,8073,69.41,9045,8073,1041.41,69.41
ABT,1778528973000,1778528974077,1778528974077,1779437330491,1778528981047,1778528974227.969,1077,0,908356414,6970,150.969,8047,6970,1227.969,150.969
ABT,1778528974000,1778528976017,1778528976017,1779437330491,1778528992056,1778528981036.987,2017,0,908354474,16039,5019.987,18056,16039,7036.987,5019.987
ABT,1778528980000,1778528981972,1778528981972,1779437330491,1778528992056,1778528983038.698,1972,0,908348519,10084,1066.698,12056,10084,3038.698,1066.698
ABT,1778528982000,1778528983971,1778528983971,1779437330491,1778528992056,1778528984239.362,1971,0,908346520,8085,268.362,10056,8085,2239.362,268.362
ABT,1778528983000,1778528984956,1778528984957,1779437330491,1778528992056,1778528985041.071,1956,1,908345534,7099,84.071,9056,7100,2041.071,85.071
ABT,1778528985000,1778528985999,1778528986000,1779437330491,1778528992056,1778528990045.61,999,1,908344491,6056,4045.61,7056,6057,5045.61,4046.61
ABT,1778528990000,1778528991000,1778528991000,1779437330492,1778528992056,1778528991146.8,1000,0,908339492,1056,146.8,2056,1056,1146.8,146.8
ABT,1778528991000,1778528992005,1778528992006,1779437330492,1778529002467,1778528993348.663,1005,1,908338486,10461,1342.663,11467,10462,2348.663,1343.663
ABT,1778528993000,1778528994121,1778528994121,1779437330492,1778529002467,1778528994250.3,1121,0,908336371,8346,129.3,9467,8346,1250.3,129.3
ABT,1778528994000,1778528995118,1778528995119,1779437330492,1778529002467,1778528998053.898,1118,1,908335373,7348,2934.898,8467,7349,4053.898,2935.898
ABT,1778528997000,1778528998994,1778528998994,1779437330492,1778529008573,1778529003058.791,1994,0,908331498,9579,4064.791,11573,9579,6058.791,4064.791
ABT,1778529000000,1778529003028,1778529003028,1779437330493,1778529008573,1778529006362.834,3028,0,908327465,5545,3334.834,8573,5545,6362.834,3334.834
ABT,1778529002000,1778529006204,1778529006204,1779437330493,1778529008573,1778529006501.044,4204,0,908324289,2369,297.044,6573,2369,4501.044,297.044
ABT,1778529003000,1778529006947,1778529006947,1779437330493,1778529008573,1778529007204.2,3947,0,908323546,1626,257.2,5573,1626,4204.2,257.2
ABT,1778529006000,1778529007956,1778529007956,1779437330493,1778529008573,1778529008064.75,1956,0,908322537,617,108.75,2573,617,2064.75,108.75
ABT,1778529007000,1778529008974,1778529008974,1779437330493,1778529018064,1778529009266.585,1974,0,908321519,9090,292.585,11064,9090,2266.585,292.585
ABT,1778529008000,1778529009977,1778529009977,1779437330494,1778529018064,1778529010067.237,1977,0,908320517,8087,90.237,10064,8087,2067.237,90.237
ABT,1778529009000,1778529011003,1778529011003,1779437330494,1778529018064,1778529011097.086,2003,0,908319491,7061,94.086,9064,7061,2097.086,94.086
ABT,1778529011000,1778529011902,1778529011902,1779437330494,1778529018064,1778529016533.287,902,0,908318592,6162,4631.287,7064,6162,5533.287,4631.287
ABT,1778529016000,1778529017188,1778529017188,1779437330494,1778529028496,1778529027084.688,1188,0,908313306,11308,9896.688,12496,11308,11084.688,9896.688
ABT,1778529026000,1778529028326,1778529028326,1779437330495,1778529039203,1778529028487.18,2326,0,908302169,10877,161.18,13203,10877,2487.18,161.18
ABT,1778529028000,1778529028984,1778529028984,1779437330495,1778529039203,1778529031189.939,984,0,908301511,10219,2205.939,11203,10219,3189.939,2205.939
ABT,1778529031000,1778529032025,1778529032025,1779437330495,1778529039203,1778529033191.779,1025,0,908298470,7178,1166.779,8203,7178,2191.779,1166.779
ABT,1778529033000,1778529034036,1778529034036,1779437330495,1778529039203,1778529035193.447,1036,0,908296459,5167,1157.447,6203,5167,2193.447,1157.447
ABT,1778529035000,1778529036021,1778529036021,1779437330496,1778529039203,1778529037096.477,1021,0,908294475,3182,1075.477,4203,3182,2096.477,1075.477
ABT,1778529036000,1778529038012,1778529038012,1779437330496,1778529049614,1778529039197.532,2012,0,908292484,11602,1185.532,13614,11602,3197.532,1185.532
ABT,1778529038000,1778529039952,1778529039952,1779437330496,1778529049614,1778529040098.355,1952,0,908290544,9662,146.355,11614,9662,2098.355,146.355
ABT,1778529039000,1778529040982,1778529040982,1779437330496,1778529049614,1778529041099.833,1982,0,908289514,8632,117.833,10614,8632,2099.833,117.833
ABT,1778529041000,1778529042023,1778529042023,1779437330496,1778529049614,1778529043301.331,1023,0,908288473,7591,1278.331,8614,7591,2301.331,1278.331
ABT,1778529042000,1778529044023,1778529044023,1779437330496,1778529049614,1778529044303.102,2023,0,908286473,5591,280.102,7614,5591,2303.102,280.102
ABT,1778529044000,1778529044994,1778529044994,1779437330496,1778529049614,1778529047305.76,994,0,908285502,4620,2311.76,5614,4620,3305.76,2311.76
ABT,1778529047000,1778529048160,1778529048160,1779437330496,1778529060525,1778529051110.062,1160,0,908282336,12365,2950.062,13525,12365,4110.062,2950.062
ABT,1778529051000,1778529052037,1778529052037,1779437330497,1778529060525,1778529056113.707,1037,0,908278460,8488,4076.707,9525,8488,5113.707,4076.707
ABT,1778529055000,1778529057155,1778529057155,1779437330497,1778529060525,1778529057214.82,2155,0,908273342,3370,59.82,5525,3370,2214.82,59.82
ABT,1778529057000,1778529057963,1778529057963,1779437330497,1778529060525,1778529058020.422,963,0,908272534,2562,57.422,3525,2562,1020.422,57.422
ABT,1778529058000,1778529059010,1778529059010,1779437330497,1778529060525,1778529059117.948,1010,0,908271487,1515,107.948,2525,1515,1117.948,107.948
ABT,1778529059000,1778529059950,1778529059950,1779437330497,1778529070539,1778529062321.321,950,0,908270547,10589,2371.321,11539,10589,3321.321,2371.321
ABT,1778529062000,1778529063029,1778529063029,1779437330497,1778529070539,1778529064323.163,1029,0,908267468,7510,1294.163,8539,7510,2323.163,1294.163
ABT,1778529064000,1778529065014,1778529065014,1779437330498,1778529070539,1778529066226.356,1014,0,908265484,5525,1212.356,6539,5525,2226.356,1212.356
ABT,1778529066000,1778529068045,1778529068045,1779437330498,1778529070539,1778529068127.097,2045,0,908262453,2494,82.097,4539,2494,2127.097,82.097
ABT,1778529067000,1778529069027,1778529069027,1779437330498,1778529070539,1778529070129.454,2027,0,908261471,1512,1102.454,3539,1512,3129.454,1102.454
ABT,1778529070000,1778529071024,1778529071024,1779437330498,1778529080519,1778529071131.789,1024,0,908259474,9495,107.789,10519,9495,1131.789,107.789
ABT,1778529071000,1778529072149,1778529072149,1779437330498,1778529080519,1778529074134.523,1149,0,908258349,8370,1985.523,9519,8370,3134.523,1985.523
ABT,1778529073000,1778529075029,1778529075029,1779437330498,1778529080519,1778529075134.453,2029,0,908255469,5490,105.453,7519,5490,2134.453,105.453
ABT,1778529075000,1778529076014,1778529076014,1779437330498,1778529080519,1778529080038.649,1014,0,908254484,4505,4024.649,5519,4505,5038.649,4024.649
ABT,1778529080000,1778529080993,1778529080993,1779437330498,1778529091559,1778529081139.841,993,0,908249505,10566,146.841,11559,10566,1139.841,146.841
ABT,1778529081000,1778529081983,1778529081983,1779437330499,1778529091559,1778529082213.842,983,0,908248516,9576,230.842,10559,9576,1213.842,230.842
ABT,1778529082000,1778529083066,1778529083066,1779437330499,1778529091559,1778529085131.666,1066,0,908247433,8493,2065.666,9559,8493,3131.666,2065.666
ABT,1778529085000,1778529086023,1778529086023,1779437330499,1778529091559,1778529087346.151,1023,0,908244476,5536,1323.151,6559,5536,2346.151,1323.151
ABT,1778529086000,1778529088007,1778529088007,1779437330499,1778529091559,1778529088147.532,2007,0,908242492,3552,140.532,5559,3552,2147.532,140.532
ABT,1778529087000,1778529089046,1778529089046,1779437330499,1778529091559,1778529089148.258,2046,0,908241453,2513,102.258,4559,2513,2148.258,102.258
ABT,1778529088000,1778529090019,1778529090019,1779437330499,1778529091559,1778529090148.571,2019,0,908240480,1540,129.571,3559,1540,2148.571,129.571
ABT,1778529090000,1778529091111,1778529091111,1779437330499,1778529101669,1778529093252.257,1111,0,908239388,10558,2141.257,11669,10558,3252.257,2141.257
ABT,1778529093000,1778529094189,1778529094189,1779437330499,1778529101669,1778529095154.921,1189,0,908236310,7480,965.921,8669,7480,2154.921,965.921
ABT,1778529094000,1778529096065,1778529096065,1779437330500,1778529101669,1778529097033.779,2065,0,908234435,5604,968.779,7669,5604,3033.779,968.779
ABT,1778529097000,1778529098198,1778529098199,1779437330500,1778529101669,1778529099045.495,1198,1,908232301,3470,846.495,4669,3471,2045.495,847.495
ABT,1778529098000,1778529100052,1778529100052,1779437330500,1778529101669,1778529100158.892,2052,0,908230448,1617,106.892,3669,1617,2158.892,106.892
ABT,1778529099000,1778529101043,1778529101044,1779437330500,1778529101669,1778529101159.391,2043,1,908229456,625,115.391,2669,626,2159.391,116.391
ABT,1778529101000,1778529102177,1778529102177,1779437330500,1778529112082,1778529102261.205,1177,0,908228323,9905,84.205,11082,9905,1261.205,84.205
ABT,1778529102000,1778529103006,1778529103006,1779437330500,1778529112082,1778529103161.63,1006,0,908227494,9076,155.63,10082,9076,1161.63,155.63
ABT,1778529103000,1778529104003,1778529104004,1779437330500,1778529112082,1778529104163.052,1003,1,908226496,8078,159.052,9082,8079,1163.052,160.052
ABT,1778529104000,1778529105074,1778529105074,1779437330500,1778529112082,1778529105264.116,1074,0,908225426,7008,190.116,8082,7008,1264.116,190.116
ABT,1778529105000,1778529106002,1778529106002,1779437330500,1778529112082,1778529106165.477,1002,0,908224498,6080,163.477,7082,6080,1165.477,163.477
ABT,1778529106000,1778529107224,1778529107224,1779437330500,1778529112082,1778529108066.736,1224,0,908223276,4858,842.736,6082,4858,2066.736,842.736
ABT,1778529108000,1778529109188,1778529109188,1779437330501,1778529112082,1778529110269.142,1188,0,908221313,2894,1081.142,4082,2894,2269.142,1081.142
ABT,1778529110000,1778529111015,1778529111015,1779437330501,1778529122599,1778529112274.137,1015,0,908219486,11584,1259.137,12599,11584,2274.137,1259.137
ABT,1778529112000,1778529113066,1778529113066,1779437330501,1778529122593,1778529113274.884,1066,0,908217435,9527,208.884,10593,9527,1274.884,208.884
ABT,1778529113000,1778529113991,1778529113991,1779437330501,1778529122599,1778529114076.129,991,0,908216510,8608,85.129,9599,8608,1076.129,85.129
ABT,1778529114000,1778529115071,1778529115071,1779437330501,1778529122593,1778529115177.553,1071,0,908215430,7522,106.553,8593,7522,1177.553,106.553
ABT,1778529115000,1778529116012,1778529116012,1779437330501,1778529122599,1778529117180.387,1012,0,908214489,6587,1168.387,7599,6587,2180.387,1168.387
ABT,1778529117000,1778529118017,1778529118017,1779437330501,1778529122599,1778529119286.398,1017,0,908212484,4582,1269.398,5599,4582,2286.398,1269.398
ABT,1778529118000,1778529120042,1778529120042,1779437330501,1778529122599,1778529121485.002,2042,0,908210459,2557,1443.002,4599,2557,3485.002,1443.002
ABT,1778529121000,1778529122433,1778529122433,1779437330501,1778529132660,1778529122586.195,1433,0,908208068,10227,153.195,11660,10227,1586.195,153.195
ABT,1778529122000,1778529122973,1778529122973,1779437330502,1778529132660,1778529123086.789,973,0,908207529,9687,113.789,10660,9687,1086.789,113.789
ABT,1778529123000,1778529124060,1778529124060,1779437330502,1778529132660,1778529125189.349,1060,0,908206442,8600,1129.349,9660,8600,2189.349,1129.349
ABT,1778529125000,1778529126080,1778529126080,1779437330502,1778529132660,1778529126195.771,1080,0,908204422,6580,115.771,7660,6580,1195.771,115.771
ABT,1778529126000,1778529127124,1778529127124,1779437330502,1778529132660,1778529127294.131,1124,0,908203378,5536,170.131,6660,5536,1294.131,170.131
ABT,1778529127000,1778529128038,1778529128038,1779437330502,1778529132660,1778529129296.339,1038,0,908202464,4622,1258.339,5660,4622,2296.339,1258.339
ABT,1778529129000,1778529131346,1778529131347,1779437330502,1778529143319,1778529133299.89,2346,1,908199155,11972,1952.89,14319,11973,4299.89,1953.89
ABT,1778529133000,1778529134066,1778529134066,1779437330502,1778529143319,1778529134122.743,1066,0,908196436,9253,56.743,10319,9253,1122.743,56.743
ABT,1778529134000,1778529135040,1778529135040,1779437330502,1778529143319,1778529139406.14,1040,0,908195462,8279,4366.14,9319,8279,5406.14,4366.14
ABT,1778529139000,1778529140027,1778529140027,1779437330503,1778529143319,1778529141208.91,1027,0,908190476,3292,1181.91,4319,3292,2208.91,1181.91
ABT,1778529141000,1778529142244,1778529142244,1779437330503,1778529143319,1778529142309.501,1244,0,908188259,1075,65.501,2319,1075,1309.501,65.501
ABT,1778529142000,1778529143037,1778529143037,1779437330503,1778529153734,1778529147314.275,1037,0,908187466,10697,4277.275,11734,10697,5314.275,4277.275
ABT,1778529147000,1778529148075,1778529148075,1779437330503,1778529153734,1778529152219.458,1075,0,908182428,5659,4144.458,6734,5659,5219.458,4144.458
ABT,1778529152000,1778529153106,1778529153106,1779437330504,1778529164748,1778529158126.419,1106,0,908177398,11642,5020.419,12748,11642,6126.419,5020.419
ABT,1778529157000,1778529159105,1778529159105,1779437330504,1778529164748,1778529159326.882,2105,0,908171399,5643,221.882,7748,5643,2326.882,221.882
ABT,1778529158000,1778529160213,1778529160213,1779437330504,1778529164748,1778529160328.049,2213,0,908170291,4535,115.049,6748,4535,2328.049,115.049
ABT,1778529159000,1778529161085,1778529161086,1779437330504,1778529164748,1778529163330.734,2085,1,908169418,3662,2244.734,5748,3663,4330.734,2245.734
ABT,1778529162000,1778529164117,1778529164117,1779437330504,1778529164745,1778529164331.711,2117,0,908166387,628,214.711,2745,628,2331.711,214.711
ABT,1778529163000,1778529165016,1778529165016,1779437330504,1778529175153,1778529166634.136,2016,0,908165488,10137,1618.136,12153,10137,3634.136,1618.136
ABT,1778529165000,1778529167154,1778529167154,1779437330504,1778529175153,1778529169337.232,2154,0,908163350,7999,2183.232,10153,7999,4337.232,2183.232
ABT,1778529168000,1778529170111,1778529170112,1779437330505,1778529175153,1778529171247.153,2111,1,908160393,5041,1135.153,7153,5042,3247.153,1136.153
ABT,1778529170000,1778529172061,1778529172061,1779437330505,1778529184666,1778529177347.834,2061,0,908158444,12605,5286.834,14666,12605,7347.834,5286.834
UBER,1778525016000,1778525019801,1778525019801,1779437330505,1778525026801,1778525020738.001,3801,0,912310704,7000,937.001,10801,7000,4738.001,937.001
UBER,1778525020000,1778525021803,1778525021803,1779437330505,1778525026801,1778525023943.206,1803,0,912308702,4998,2140.206,6801,4998,3943.206,2140.206
UBER,1778525024000,1778525025630,1778525025630,1779437330505,1778525039270,1778525029448.928,1630,0,912304875,13640,3818.928,15270,13640,5448.928,3818.928
UBER,1778525028000,1778525029682,1778525029682,1779437330506,1778525039270,1778525031698.283,1682,0,912300824,9588,2016.283,11270,9588,3698.283,2016.283
UBER,1778525030000,1778525032703,1778525032703,1779437330506,1778525051282,1778525039859.59,2703,0,912297803,18579,7156.59,21282,18579,9859.59,7156.59
UBER,1778525039000,1778525040725,1778525040726,1779437330506,1778525051282,1778525040860.564,1725,1,912289780,10556,134.564,12282,10557,1860.564,135.564
UBER,1778525041000,1778525041701,1778525041701,1779437330506,1778525051282,1778525043863.836,701,0,912288805,9581,2162.836,10282,9581,2863.836,2162.836
UBER,1778525043000,1778525044656,1778525044656,1779437330507,1778525051282,1778525048869.559,1656,0,912285851,6626,4213.559,8282,6626,5869.559,4213.559
UBER,1778525048000,1778525049636,1778525049636,1779437330507,1778525051282,1778525050771.562,1636,0,912280871,1646,1135.562,3282,1646,2771.562,1135.562
UBER,1778525051000,1778525052668,1778525052668,1779437330507,1778525064296,1778525057778.211,1668,0,912277839,11628,5110.211,13296,11628,6778.211,5110.211
UBER,1778525058000,1778525059672,1778525059672,1779437330507,1778525064296,1778525059779.641,1672,0,912270835,4624,107.641,6296,4624,1779.641,107.641
UBER,1778525059000,1778525060675,1778525060675,1779437330507,1778525064296,1778525061781.531,1675,0,912269832,3621,1106.531,5296,3621,2781.531,1106.531
UBER,1778525061000,1778525062694,1778525062694,1779437330508,1778525064296,1778525062982.941,1694,0,912267814,1602,288.941,3296,1602,1982.941,288.941
UBER,1778525062000,1778525063697,1778525063697,1779437330508,1778525064296,1778525063883.926,1697,0,912266811,599,186.926,2296,599,1883.926,186.926
UBER,1778525063000,1778525064629,1778525064629,1779437330508,1778525077808,1778525067789.105,1629,0,912265879,13179,3160.105,14808,13179,4789.105,3160.105
UBER,1778525067000,1778525068608,1778525068608,1779437330508,1778525077808,1778525070791.172,1608,0,912261900,9200,2183.172,10808,9200,3791.172,2183.172
UBER,1778525071000,1778525072675,1778525072675,1779437330508,1778525077609,1778525072892.76,1675,0,912257833,4934,217.76,6609,4934,1892.76,217.76
UBER,1778525072000,1778525073676,1778525073676,1779437330508,1778525077808,1778525074994.82,1676,0,912256832,4132,1318.82,5808,4132,2994.82,1318.82
UBER,1778525074000,1778525075740,1778525075741,1779437330508,1778525077609,1778525075895.891,1740,1,912254767,1868,154.891,3609,1869,1895.891,155.891
UBER,1778525075000,1778525076706,1778525076706,1779437330508,1778525077808,1778525076897.448,1706,0,912253802,1102,191.448,2808,1102,1897.448,191.448
UBER,1778525076000,1778525077706,1778525077707,1779437330509,1778525090322,1778525077798.759,1706,1,912252802,12615,91.759,14322,12616,1798.759,92.759
UBER,1778525078000,1778525079692,1778525079692,1779437330509,1778525090322,1778525079800.503,1692,0,912250817,10630,108.503,12322,10630,1800.503,108.503
UBER,1778525079000,1778525080719,1778525080719,1779437330509,1778525090322,1778525080901.586,1719,0,912249790,9603,182.586,11322,9603,1901.586,182.586
UBER,1778525080000,1778525081758,1778525081759,1779437330509,1778525090322,1778525082002.972,1758,1,912248750,8563,243.972,10322,8564,2002.972,244.972
UBER,1778525081000,1778525082658,1778525082658,1779437330509,1778525090322,1778525082753.868,1658,0,912247851,7664,95.868,9322,7664,1753.868,95.868
UBER,1778525083000,1778525083855,1778525083855,1779437330509,1778525090322,1778525087808.63,855,0,912246654,6467,3953.63,7322,6467,4808.63,3953.63
UBER,1778525087000,1778525088723,1778525088723,1779437330509,1778525090322,1778525090010.336,1723,0,912241786,1599,1287.336,3322,1599,3010.336,1287.336
UBER,1778525089000,1778525090919,1778525090920,1779437330509,1778525103034,1778525091011.633,1919,1,912239589,12114,91.633,14034,12115,2011.633,92.633
UBER,1778525090000,1778525091715,1778525091716,1779437330509,1778525103034,1778525092012.448,1715,1,912238793,11318,296.448,13034,11319,2012.448,297.448
UBER,1778525091000,1778525092882,1778525092882,1779437330510,1778525103034,1778525093014.153,1882,0,912237628,10152,132.153,12034,10152,2014.153,132.153
UBER,1778525092000,1778525093957,1778525093957,1779437330510,1778525103034,1778525095015.895,1957,0,912236553,9077,1058.895,11034,9077,3015.895,1058.895
UBER,1778525095000,1778525096759,1778525096759,1779437330510,1778525103034,1778525097801.586,1759,0,912233751,6275,1042.586,8034,6275,2801.586,1042.586
UBER,1778525097000,1778525098726,1778525098726,1779437330510,1778525103034,1778525101122.546,1726,0,912231784,4308,2396.546,6034,4308,4122.546,2396.546
UBER,1778525101000,1778525101974,1778525101975,1779437330510,1778525103034,1778525102923.23,974,1,912228535,1059,948.23,2034,1060,1923.23,949.23
UBER,1778525103000,1778525103683,1778525103683,1779437330510,1778525115856,1778525103750.07,683,0,912226827,12173,67.07,12856,12173,750.07,67.07
UBER,1778525104000,1778525104729,1778525104729,1779437330510,1778525115856,1778525106795.002,729,0,912225781,11127,2066.002,11856,11127,2795.002,2066.002
UBER,1778525106000,1778525107742,1778525107743,1779437330510,1778525115856,1778525107828.579,1742,1,912222767,8113,85.579,9856,8114,1828.579,86.579
UBER,1778525110000,1778525111743,1778525111743,1779437330510,1778525115856,1778525115836.591,1743,0,912218767,4113,4093.591,5856,4113,5836.591,4093.591
UBER,1778525115000,1778525116797,1778525116797,1779437330511,1778525127893,1778525118839.579,1797,0,912213714,11096,2042.579,12893,11096,3839.579,2042.579
UBER,1778525119000,1778525119763,1778525119763,1779437330511,1778525127888,1778525124045.22,763,0,912210748,8125,4282.22,8888,8125,5045.22,4282.22
UBER,1778525123000,1778525124810,1778525124810,1779437330511,1778525140875,1778525129044.567,1810,0,912205701,16065,4234.567,17875,16065,6044.567,4234.567
UBER,1778525128000,1778525129790,1778525129790,1779437330511,1778525140875,1778525131852.796,1790,0,912200721,11085,2062.796,12875,11085,3852.796,2062.796
UBER,1778525132000,1778525133945,1778525133945,1779437330512,1778525140875,1778525134054.916,1945,0,912196567,6930,109.916,8875,6930,2054.916,109.916
UBER,1778525133000,1778525134753,1778525134753,1779437330512,1778525140875,1778525135861.639,1753,0,912195759,6122,1108.639,7875,6122,2861.639,1108.639
UBER,1778525135000,1778525136751,1778525136751,1779437330512,1778525140875,1778525139059.781,1751,0,912193761,4124,2308.781,5875,4124,4059.781,2308.781
UBER,1778525140000,1778525141730,1778525141730,1779437330512,1778525153889,1778525141862.976,1730,0,912188782,12159,132.976,13889,12159,1862.976,132.976
UBER,1778525141000,1778525142775,1778525142775,1779437330512,1778525153889,1778525143864.835,1775,0,912187737,11114,1089.835,12889,11114,2864.835,1089.835
UBER,1778525145000,1778525147000,1778525147000,1779437330512,1778525153889,1778525147068.557,2000,0,912183512,6889,68.557,8889,6889,2068.557,68.557
UBER,1778525146000,1778525147738,1778525147738,1779437330512,1778525153889,1778525149871.745,1738,0,912182774,6151,2133.745,7889,6151,3871.745,2133.745
UBER,1778525148000,1778525150740,1778525150741,1779437330512,1778525153889,1778525150871.903,2740,1,912179771,3148,130.903,5889,3149,2871.903,131.903
UBER,1778525150000,1778525151732,1778525151732,1779437330513,1778525153889,1778525153775.147,1732,0,912178781,2157,2043.147,3889,2157,3775.147,2043.147
UBER,1778525154000,1778525155911,1778525155912,1779437330513,1778525166399,1778525155981.661,1911,1,912174601,10487,69.661,12399,10488,1981.661,70.661
UBER,1778525156000,1778525157747,1778525157747,1779437330513,1778525166400,1778525164990.029,1747,0,912172766,8653,7243.029,10400,8653,8990.029,7243.029
UBER,1778525164000,1778525165810,1778525165810,1779437330513,1778525166399,1778525165877.742,1810,0,912164703,589,67.742,2399,589,1877.742,67.742
UBER,1778525165000,1778525166768,1778525166769,1779437330513,1778525179370,1778525166892.327,1768,1,912163744,12601,123.327,14370,12602,1892.327,124.327
UBER,1778525167000,1778525167762,1778525167762,1779437330513,1778525179370,1778525169864.695,762,0,912162751,11608,2102.695,12370,11608,2864.695,2102.695
UBER,1778525171000,1778525171735,1778525171735,1779437330514,1778525179370,1778525175100.75,735,0,912158779,7635,3365.75,8370,7635,4100.75,3365.75
UBER,1778525174000,1778525175726,1778525175726,1779437330514,1778525179370,1778525178874.168,1726,0,912154788,3644,3148.168,5370,3644,4874.168,3148.168
UBER,1778525178000,1778525179753,1778525179754,1779437330514,1778525192224,1778525179905.444,1753,1,912150760,12470,151.444,14224,12471,1905.444,152.444
UBER,1778525180000,1778525181775,1778525181776,1779437330514,1778525192224,1778525184209.899,1775,1,912148738,10448,2433.899,12224,10449,4209.899,2434.899
UBER,1778525184000,1778525184998,1778525184998,1779437330514,1778525192224,1778525187013.462,998,0,912145516,7226,2015.462,8224,7226,3013.462,2015.462
UBER,1778525187000,1778525188795,1778525188796,1779437330515,1778525206037,1778525194120.546,1795,1,912141719,17241,5324.546,19037,17242,7120.546,5325.546
UBER,1778525194000,1778525194814,1778525194814,1779437330515,1778525206037,1778525195922.323,814,0,912135701,11223,1108.323,12037,11223,1922.323,1108.323
UBER,1778525195000,1778525196886,1778525196886,1779437330515,1778525206037,1778525197022.815,1886,0,912133629,9151,136.815,11037,9151,2022.815,136.815
UBER,1778525197000,1778525197830,1778525197831,1779437330515,1778525206037,1778525198824.298,830,1,912132684,8206,993.298,9037,8207,1824.298,994.298
UBER,1778525198000,1778525199850,1778525199850,1779437330515,1778525206037,1778525200025.487,1850,0,912130665,6187,175.487,8037,6187,2025.487,175.487
UBER,1778525200000,1778525201805,1778525201805,1779437330515,1778525206037,1778525202027.405,1805,0,912128710,4232,222.405,6037,4232,2027.405,222.405
UBER,1778525201000,1778525203749,1778525203749,1779437330515,1778525206037,1778525203824.444,2749,0,912126766,2288,75.444,5037,2288,2824.444,75.444
UBER,1778525203000,1778525204882,1778525204882,1779437330515,1778525219351,1778525208033.529,1882,0,912125633,14469,3151.529,16351,14469,5033.529,3151.529
UBER,1778525207000,1778525208893,1778525208894,1779437330516,1778525219351,1778525210035.279,1893,1,912121622,10457,1141.279,12351,10458,3035.279,1142.279
UBER,1778525209000,1778525211052,1778525211052,1779437330516,1778525219351,1778525216842.843,2052,0,912119464,8299,5790.843,10351,8299,7842.843,5790.843
UBER,1778525218000,1778525219012,1778525219013,1779437330516,1778525232416,1778525222247.666,1012,1,912111503,13403,3234.666,14416,13404,4247.666,3235.666
UBER,1778525221000,1778525222838,1778525222838,1779437330516,1778525232416,1778525225851.503,1838,0,912107678,9578,3013.503,11416,9578,4851.503,3013.503
UBER,1778525225000,1778525226884,1778525226884,1779437330516,1778525232416,1778525227052.711,1884,0,912103632,5532,168.711,7416,5532,2052.711,168.711
UBER,1778525226000,1778525227755,1778525227755,1779437330517,1778525232416,1778525227853.848,1755,0,912102762,4661,98.848,6416,4661,1853.848,98.848
UBER,1778525229000,1778525229846,1778525229846,1779437330517,1778525245078,1778525235161.797,846,0,912100671,15232,5315.797,16078,15232,6161.797,5315.797
UBER,1778525234000,1778525236096,1778525236096,1779437330517,1778525245078,1778525238264.294,2096,0,912094421,8982,2168.294,11078,8982,4264.294,2168.294
UBER,1778525237000,1778525238831,1778525238831,1779437330517,1778525245078,1778525238913.391,1831,0,912091686,6247,82.391,8078,6247,1913.391,82.391
UBER,1778525238000,1778525239961,1778525239961,1779437330517,1778525257437,1778525250175.894,1961,0,912090556,17476,10214.894,19437,17476,12175.894,10214.894
UBER,1778525250000,1778525250921,1778525250921,1779437330518,1778525257437,1778525251077.064,921,0,912079597,6516,156.064,7437,6516,1077.064,156.064
UBER,1778525252000,1778525252981,1778525252981,1779437330518,1778525257437,1778525253880.18,981,0,912077537,4456,899.18,5437,4456,1880.18,899.18
UBER,1778525253000,1778525254777,1778525254778,1779437330518,1778525270000,1778525260087.502,1777,1,912075740,15222,5309.502,17000,15223,7087.502,5310.502
UBER,1778525259000,1778525260827,1778525260827,1779437330518,1778525270000,1778525264091.045,1827,0,912069691,9173,3264.045,11000,9173,5091.045,3264.045
UBER,1778525262000,1778525264847,1778525264847,1779437330519,1778525270000,1778525264992.825,2847,0,912065672,5153,145.825,8000,5153,2992.825,145.825
UBER,1778525264000,1778525265874,1778525265874,1779437330519,1778525283113,1778525274892.686,1874,0,912064645,17239,9018.686,19113,17239,10892.686,9018.686
UBER,1778525275000,1778525275783,1778525275783,1779437330519,1778525283113,1778525277104.114,783,0,912054736,7330,1321.114,8113,7330,2104.114,1321.114
UBER,1778525276000,1778525277860,1778525277860,1779437330519,1778525295527,1778525283109.908,1860,0,912052659,17667,5249.908,19527,17667,7109.908,5249.908
UBER,1778525282000,1778525283822,1778525283822,1779437330519,1778525295625,1778525283910.213,1822,0,912046697,11803,88.213,13625,11803,1910.213,88.213
UBER,1778525284000,1778525286022,1778525286022,1779437330519,1778525295625,1778525288014.521,2022,0,912044497,9603,1992.521,11625,9603,4014.521,1992.521
UBER,1778525289000,1778525289996,1778525289996,1779437330520,1778525295625,1778525290917.616,996,0,912040524,5629,921.616,6625,5629,1917.616,921.616
UBER,1778525290000,1778525291804,1778525291804,1779437330520,1778525308442,1778525297023.234,1804,0,912038716,16638,5219.234,18442,16638,7023.234,5219.234
UBER,1778525297000,1778525299060,1778525299060,1779437330520,1778525308442,1778525299885.551,2060,0,912031460,9382,825.551,11442,9382,2885.551,825.551
UBER,1778525300000,1778525301018,1778525301019,1779437330520,1778525308442,1778525301927.742,1018,1,912029501,7423,908.742,8442,7424,1927.742,909.742
UBER,1778525302000,1778525302951,1778525302951,1779437330520,1778525308442,1778525305058.41,951,0,912027569,5491,2107.41,6442,5491,3058.41,2107.41
UBER,1778525305000,1778525305994,1778525305994,1779437330521,1778525308442,1778525306132.459,994,0,912024527,2448,138.459,3442,2448,1132.459,138.459
UBER,1778525306000,1778525307023,1778525307023,1779437330521,1778525321152,1778525308934.43,1023,0,912023498,14129,1911.43,15152,14129,2934.43,1911.43
UBER,1778525309000,1778525310823,1778525310823,1779437330521,1778525321152,1778525310936.699,1823,0,912019698,10329,113.699,12152,10329,1936.699,113.699
UBER,1778525310000,1778525311897,1778525311897,1779437330521,1778525321152,1778525312939.539,1897,0,912018624,9255,1042.539,11152,9255,2939.539,1042.539
UBER,1778525313000,1778525314863,1778525314863,1779437330521,1778525321152,1778525318344.813,1863,0,912015658,6289,3481.813,8152,6289,5344.813,3481.813
UBER,1778525318000,1778525318866,1778525318866,1779437330521,1778525321152,1778525320105.487,866,0,912011655,2286,1239.487,3152,2286,2105.487,1239.487
UBER,1778525319000,1778525320799,1778525320799,1779437330521,1778525321152,1778525320947.621,1799,0,912009722,353,148.621,2152,353,1947.621,148.621
UBER,1778525321000,1778525322796,1778525322797,1779437330522,1778525333969,1778525322949.497,1796,1,912007725,11172,152.497,12969,11173,1949.497,153.497
UBER,1778525322000,1778525323833,1778525323833,1779437330522,1778525333969,1778525323950.798,1833,0,912006689,10136,117.798,11969,10136,1950.798,117.798
UBER,1778525323000,1778525326085,1778525326085,1779437330522,1778525333969,1778525326142.928,3085,0,912004437,7884,57.928,10969,7884,3142.928,57.928
UBER,1778525326000,1778525326876,1778525326876,1779437330522,1778525333969,1778525331158.235,876,0,912003646,7093,4282.235,7969,7093,5158.235,4282.235
UBER,1778525330000,1778525331853,1778525331853,1779437330522,1778525333967,1778525331958.974,1853,0,911998669,2114,105.974,3967,2114,1958.974,105.974
UBER,1778525333000,1778525334877,1778525334877,1779437330522,1778525346080,1778525339165.908,1877,0,911995645,11203,4288.908,13080,11203,6165.908,4288.908
UBER,1778525340000,1778525341102,1778525341102,1779437330522,1778525346080,1778525343269.769,1102,0,911989420,4978,2167.769,6080,4978,3269.769,2167.769
UBER,1778525344000,1778525345969,1778525345969,1779437330523,1778525359161,1778525346947.736,1969,0,911984554,13192,978.736,15161,13192,2947.736,978.736
UBER,1778525346000,1778525347913,1778525347913,1779437330523,1778525359160,1778525349976.696,1913,0,911982610,11247,2063.696,13160,11247,3976.696,2063.696
UBER,1778525349000,1778525350956,1778525350956,1779437330523,1778525359161,1778525352979.954,1956,0,911979567,8205,2023.954,10161,8205,3979.954,2023.954
UBER,1778525354000,1778525355929,1778525355929,1779437330523,1778525359161,1778525357185.336,1929,0,911974594,3232,1256.336,5161,3232,3185.336,1256.336
UBER,1778525356000,1778525357854,1778525357854,1779437330523,1778525359161,1778525359086.15,1854,0,911972669,1307,1232.15,3161,1307,3086.15,1232.15
UBER,1778525359000,1778525360911,1778525360911,1779437330523,1778525372005,1778525361187.811,1911,0,911969612,11094,276.811,13005,11094,2187.811,276.811
UBER,1778525360000,1778525361840,1778525361840,1779437330524,1778525372005,1778525362989.75,1840,0,911968684,10165,1149.75,12005,10165,2989.75,1149.75
UBER,1778525362000,1778525363827,1778525363828,1779437330524,1778525372005,1778525368195.05,1827,1,911966696,8177,4367.05,10005,8178,6195.05,4368.05
UBER,1778525367000,1778525368893,1778525368893,1779437330524,1778525372005,1778525369896.689,1893,0,911961631,3112,1003.689,5005,3112,2896.689,1003.689
UBER,1778525369000,1778525370945,1778525370945,1779437330524,1778525385016,1778525371999.667,1945,0,911959579,14071,1054.667,16016,14071,2999.667,1054.667
UBER,1778525371000,1778525372889,1778525372890,1779437330524,1778525385018,1778525373000.283,1889,1,911957634,12128,110.283,14018,12129,2000.283,111.283
UBER,1778525373000,1778525374984,1778525374984,1779437330524,1778525385018,1778525375101.74,1984,0,911955540,10034,117.74,12018,10034,2101.74,117.74
UBER,1778525374000,1778525375863,1778525375863,1779437330524,1778525385018,1778525376903.732,1863,0,911954661,9155,1040.732,11018,9155,2903.732,1040.732
UBER,1778525376000,1778525377993,1778525377993,1779437330525,1778525385016,1778525378205.104,1993,0,911952532,7023,212.104,9016,7023,2205.104,212.104
UBER,1778525377000,1778525378916,1778525378916,1779437330525,1778525385018,1778525379006.155,1916,0,911951609,6102,90.155,8018,6102,2006.155,90.155
UBER,1778525378000,1778525380113,1778525380113,1779437330525,1778525385018,1778525384010.908,2113,0,911950412,4905,3897.908,7018,4905,6010.908,3897.908
UBER,1778525385000,1778525386153,1778525386153,1779437330525,1778525398029,1778525387213.343,1153,0,911944372,11876,1060.343,13029,11876,2213.343,1060.343
UBER,1778525386000,1778525388131,1778525388131,1779437330525,1778525398029,1778525390016.075,2131,0,911942394,9898,1885.075,12029,9898,4016.075,1885.075
UBER,1778525389000,1778525390872,1778525390872,1779437330525,1778525398029,1778525393218.877,1872,0,911939653,7157,2346.877,9029,7157,4218.877,2346.877
UBER,1778525392000,1778525393862,1778525393862,1779437330526,1778525398029,1778525393919.435,1862,0,911936664,4167,57.435,6029,4167,1919.435,57.435
UBER,1778525394000,1778525394920,1778525394920,1779437330526,1778525398029,1778525397023.046,920,0,911935606,3109,2103.046,4029,3109,3023.046,2103.046
UBER,1778525395000,1778525398083,1778525398083,1779437330526,1778525410443,1778525399024.011,3083,0,911932443,12360,941.011,15443,12360,4024.011,941.011
UBER,1778525398000,1778525399910,1778525399910,1779437330526,1778525410443,1778525400025.944,1910,0,911930616,10533,115.944,12443,10533,2025.944,115.944
UBER,1778525402000,1778525403117,1778525403117,1779437330526,1778525410443,1778525404129.773,1117,0,911927409,7326,1012.773,8443,7326,2129.773,1012.773
UBER,1778525404000,1778525406097,1778525406097,1779437330526,1778525423154,1778525413238.335,2097,0,911924429,17057,7141.335,19154,17057,9238.335,7141.335
UBER,1778525413000,1778525415182,1778525415182,1779437330527,1778525423154,1778525416161.295,2182,0,911915345,7972,979.295,10154,7972,3161.295,979.295
UBER,1778525416000,1778525417039,1778525417039,1779437330527,1778525423154,1778525418242.905,1039,0,911913488,6115,1203.905,7154,6115,2242.905,1203.905
UBER,1778525417000,1778525419022,1778525419022,1779437330527,1778525423154,1778525419144.035,2022,0,911911505,4132,122.035,6154,4132,2144.035,122.035
UBER,1778525420000,1778525421004,1778525421004,1779437330527,1778525423154,1778525422047.683,1004,0,911909523,2150,1043.683,3154,2150,2047.683,1043.683
UBER,1778525422000,1778525422957,1778525422957,1779437330527,1778525436197,1778525424049.812,957,0,911907570,13240,1092.812,14197,13240,2049.812,1092.812
UBER,1778525424000,1778525425971,1778525425971,1779437330527,1778525436197,1778525432056.469,1971,0,911904556,10226,6085.469,12197,10226,8056.469,6085.469
UBER,1778525432000,1778525432953,1778525432953,1779437330528,1778525436197,1778525434159.064,953,0,911897575,3244,1206.064,4197,3244,2159.064,1206.064
UBER,1778525434000,1778525434962,1778525434962,1779437330528,1778525449183,1778525437997.739,962,0,911895566,14221,3035.739,15183,14221,3997.739,3035.739
UBER,1778525437000,1778525438906,1778525438906,1779437330528,1778525449183,1778525441065.368,1906,0,911891622,10277,2159.368,12183,10277,4065.368,2159.368
UBER,1778525440000,1778525441995,1778525441995,1779437330528,1778525449183,1778525444125.842,1995,0,911888533,7188,2130.842,9183,7188,4125.842,2130.842
UBER,1778525444000,1778525445953,1778525445954,1779437330528,1778525449183,1778525446061.848,1953,1,911884574,3229,107.848,5183,3230,2061.848,108.848
UBER,1778525447000,1778525448151,1778525448151,1779437330528,1778525462096,1778525462088.371,1151,0,911882377,13945,13937.371,15096,13945,15088.371,13937.371
UBER,1778525462000,1778525463060,1778525463060,1779437330529,1778525474607,1778525464190.392,1060,0,911867469,11547,1130.392,12607,11547,2190.392,1130.392
UBER,1778525464000,1778525464994,1778525464994,1779437330529,1778525474607,1778525468194.395,994,0,911865535,9613,3200.395,10607,9613,4194.395,3200.395
UBER,1778525468000,1778525468959,1778525468959,1779437330530,1778525474607,1778525471208.178,959,0,911861571,5648,2249.178,6607,5648,3208.178,2249.178
UBER,1778525470000,1778525472131,1778525472131,1779437330530,1778525487123,1778525476302.304,2131,0,911858399,14992,4171.304,17123,14992,6302.304,4171.304
UBER,1778525475000,1778525477051,1778525477051,1779437330530,1778525487123,1778525477303.11,2051,0,911853479,10072,252.11,12123,10072,2303.11,252.11
UBER,1778525476000,1778525477937,1778525477937,1779437330530,1778525487123,1778525481207.74,1937,0,911852593,9186,3270.74,11123,9186,5207.74,3270.74
UBER,1778525480000,1778525482141,1778525482141,1779437330530,1778525487123,1778525482208.561,2141,0,911848389,4982,67.561,7123,4982,2208.561,67.561
UBER,1778525481000,1778525483150,1778525483151,1779437330530,1778525487123,1778525485311.203,2150,1,911847379,3972,2160.203,6123,3973,4311.203,2161.203
UBER,1778525484000,1778525486001,1778525486001,1779437330531,1778525500126,1778525488113.361,2001,0,911844530,14125,2112.361,16126,14125,4113.361,2112.361
UBER,1778525487000,1778525488988,1778525488988,1779437330531,1778525500126,1778525491416.102,1988,0,911841543,11138,2428.102,13126,11138,4416.102,2428.102
UBER,1778525492000,1778525494017,1778525494018,1779437330531,1778525500126,1778525494118.93,2017,1,911836513,6108,100.93,8126,6109,2118.93,101.93
UBER,1778525493000,1778525494964,1778525494964,1779437330531,1778525500126,1778525495074.789,1964,0,911835567,5162,110.789,7126,5162,2074.789,110.789
UBER,1778525494000,1778525496032,1778525496033,1779437330531,1778525500126,1778525498323.612,2032,1,911834498,4093,2290.612,6126,4094,4323.612,2291.612
UBER,1778525498000,1778525500050,1778525500051,1779437330531,1778525512549,1778525508133.056,2050,1,911830480,12498,8082.056,14549,12499,10133.056,8083.056
UBER,1778525508000,1778525508957,1778525508957,1779437330532,1778525512549,1778525511064.92,957,0,911821575,3592,2107.92,4549,3592,3064.92,2107.92
UBER,1778525511000,1778525512997,1778525512997,1779437330532,1778525525160,1778525514139.242,1997,0,911817535,12163,1142.242,14160,12163,3139.242,1142.242
UBER,1778525512000,1778525515225,1778525515225,1779437330532,1778525525160,1778525515298.418,3225,0,911815307,9935,73.418,13160,9935,3298.418,73.418
UBER,1778525514000,1778525516027,1778525516027,1779437330532,1778525525160,1778525518243.538,2027,0,911814505,9133,2216.538,11160,9133,4243.538,2216.538
UBER,1778525518000,1778525519074,1778525519075,1779437330532,1778525538173,1778525525150.806,1074,1,911811457,19098,6075.806,20173,19099,7150.806,6076.806
UBER,1778525524000,1778525526055,1778525526055,1779437330533,1778525538173,1778525526151.4,2055,0,911804478,12118,96.4,14173,12118,2151.4,96.4
UBER,1778525525000,1778525527027,1778525527027,1779437330533,1778525538172,1778525527152.756,2027,0,911803506,11145,125.756,13172,11145,2152.756,125.756
UBER,1778525527000,1778525528014,1778525528014,1779437330533,1778525538173,1778525531080.882,1014,0,911802519,10159,3066.882,11173,10159,4080.882,3066.882
UBER,1778525530000,1778525532038,1778525532038,1779437330533,1778525538173,1778525534271.188,2038,0,911798495,6135,2233.188,8173,6135,4271.188,2233.188
UBER,1778525534000,1778525536103,1778525536103,1779437330533,1778525538172,1778525536261.324,2103,0,911794430,2069,158.324,4172,2069,2261.324,158.324
UBER,1778525535000,1778525537261,1778525537262,1779437330533,1778525538173,1778525537362.733,2261,1,911793271,911,100.733,3173,912,2362.733,101.733
UBER,1778525536000,1778525538033,1778525538033,1779437330534,1778525551286,1778525538263.552,2033,0,911792501,13253,230.552,15286,13253,2263.552,230.552
UBER,1778525537000,1778525539235,1778525539235,1779437330534,1778525551286,1778525541149.785,2235,0,911791299,12051,1914.785,14286,12051,4149.785,1914.785
UBER,1778525541000,1778525542016,1778525542016,1779437330534,1778525551286,1778525544069.005,1016,0,911788518,9270,2053.005,10286,9270,3069.005,2053.005
UBER,1778525543000,1778525545012,1778525545012,1779437330534,1778525551286,1778525545170.867,2012,0,911785522,6274,158.867,8286,6274,2170.867,158.867
UBER,1778525544000,1778525545981,1778525545981,1779437330534,1778525564302,1778525556082.468,1981,0,911784553,18321,10101.468,20302,18321,12082.468,10101.468
UBER,1778525556000,1778525557214,1778525557214,1779437330535,1778525564300,1778525557384.097,1214,0,911773321,7086,170.097,8300,7086,1384.097,170.097
UBER,1778525557000,1778525558083,1778525558083,1779437330535,1778525564302,1778525561187.72,1083,0,911772452,6219,3104.72,7302,6219,4187.72,3104.72
UBER,1778525561000,1778525562072,1778525562072,1779437330535,1778525564302,1778525563289.377,1072,0,911768463,2230,1217.377,3302,2230,2289.377,1217.377
UBER,1778525562000,1778525564037,1778525564037,1779437330535,1778525564300,1778525564190.291,2037,0,911766498,263,153.291,2300,263,2190.291,153.291
UBER,1778525565000,1778525566174,1778525566174,1779437330535,1778525577712,1778525570396.483,1174,0,911764361,11538,4222.483,12712,11538,5396.483,4222.483
UBER,1778525570000,1778525571196,1778525571196,1779437330535,1778525577712,1778525571298.407,1196,0,911759339,6516,102.407,7712,6516,1298.407,102.407
UBER,1778525571000,1778525572219,1778525572219,1779437330536,1778525577712,1778525572299.5,1219,0,911758317,5493,80.5,6712,5493,1299.5,80.5
UBER,1778525572000,1778525573057,1778525573057,1779437330536,1778525590626,1778525581369.101,1057,0,911757479,17569,8312.101,18626,17569,9369.101,8312.101
UBER,1778525580000,1778525582169,1778525582170,1779437330536,1778525590594,1778525603429.682,2169,1,911748366,8424,21259.682,10594,8425,23429.682,21260.682
UBER,1778525603000,1778525604067,1778525604068,1779437330537,1778525616650,1778525604155.997,1067,1,911726469,12582,87.997,13650,12583,1155.997,88.997
UBER,1778525605000,1778525606042,1778525606042,1779437330537,1778525616649,1778525607333.867,1042,0,911724495,10607,1291.867,11649,10607,2333.867,1291.867
UBER,1778525606000,1778525608032,1778525608033,1779437330538,1778525616650,1778525613139.637,2032,1,911722505,8617,5106.637,10650,8618,7139.637,5107.637
UBER,1778525614000,1778525615204,1778525615204,1779437330538,1778525616649,1778525615342.084,1204,0,911715334,1445,138.084,2649,1445,1342.084,138.084
UBER,1778525615000,1778525617096,1778525617096,1779437330538,1778525630163,1778525619447.115,2096,0,911713442,13067,2351.115,15163,13067,4447.115,2351.115
UBER,1778525618000,1778525620398,1778525620398,1779437330538,1778525630163,1778525621248.921,2398,0,911710140,9765,850.921,12163,9765,3248.921,850.921
UBER,1778525620000,1778525622153,1778525622153,1779437330538,1778525630163,1778525622250.211,2153,0,911708385,8010,97.211,10163,8010,2250.211,97.211
UBER,1778525622000,1778525623377,1778525623377,1779437330538,1778525642976,1778525631258.415,1377,0,911707161,19599,7881.415,20976,19599,9258.415,7881.415
UBER,1778525630000,1778525632126,1778525632126,1779437330539,1778525642976,1778525632259.796,2126,0,911698413,10850,133.796,12976,10850,2259.796,133.796
UBER,1778525632000,1778525633093,1778525633094,1779437330539,1778525642976,1778525636163.283,1093,1,911697445,9882,3069.283,10976,9883,4163.283,3070.283
UBER,1778525636000,1778525638097,1778525638097,1779437330539,1778525642976,1778525638265.312,2097,0,911692442,4879,168.312,6976,4879,2265.312,168.312
UBER,1778525637000,1778525639118,1778525639118,1779437330539,1778525642976,1778525640141.712,2118,0,911691421,3858,1023.712,5976,3858,3141.712,1023.712
UBER,1778525639000,1778525641459,1778525641459,1779437330539,1778525642976,1778525642269.556,2459,0,911689080,1517,810.556,3976,1517,3269.556,810.556
UBER,1778525641000,1778525643229,1778525643229,1779437330540,1778525655492,1778525645184.218,2229,0,911687311,12263,1955.218,14492,12263,4184.218,1955.218
UBER,1778525645000,1778525646173,1778525646173,1779437330540,1778525655492,1778525647474.448,1173,0,911684367,9319,1301.448,10492,9319,2474.448,1301.448
UBER,1778525646000,1778525648128,1778525648128,1779437330540,1778525655492,1778525651478.592,2128,0,911682412,7364,3350.592,9492,7364,5478.592,3350.592
UBER,1778525651000,1778525652079,1778525652079,1779437330540,1778525655492,1778525652179.209,1079,0,911678461,3413,100.209,4492,3413,1179.209,100.209
UBER,1778525652000,1778525653197,1778525653197,1779437330540,1778525655492,1778525654181.77,1197,0,911677343,2295,984.77,3492,2295,2181.77,984.77
UBER,1778525653000,1778525655352,1778525655353,1779437330540,1778525667700,1778525655482.998,2352,1,911675187,12347,129.998,14700,12348,2482.998,130.998
UBER,1778525655000,1778525656203,1778525656203,1779437330540,1778525667702,1778525657685.716,1203,0,911674337,11499,1482.716,12702,11499,2685.716,1482.716
UBER,1778525657000,1778525658070,1778525658070,1779437330541,1778525667702,1778525665192.953,1070,0,911672471,9632,7122.953,10702,9632,8192.953,7122.953
UBER,1778525665000,1778525667094,1778525667094,1779437330541,1778525680513,1778525668245.485,2094,0,911663447,13419,1151.485,15513,13419,3245.485,1151.485
UBER,1778525668000,1778525669190,1778525669190,1779437330541,1778525680513,1778525675168.75,1190,0,911661351,11323,5978.75,12513,11323,7168.75,5978.75
UBER,1778525674000,1778525676159,1778525676159,1779437330542,1778525680513,1778525676228.765,2159,0,911654383,4354,69.765,6513,4354,2228.765,69.765
UBER,1778525675000,1778525677089,1778525677089,1779437330542,1778525680513,1778525677204.551,2089,0,911653453,3424,115.551,5513,3424,2204.551,115.551
UBER,1778525676000,1778525678190,1778525678190,1779437330542,1778525680513,1778525679506.58,2190,0,911652352,2323,1316.58,4513,2323,3506.58,1316.58
UBER,1778525678000,1778525680191,1778525680191,1779437330542,1778525680513,1778525680290.246,2191,0,911650351,322,99.246,2513,322,2290.246,99.246
UBER,1778525679000,1778525681074,1778525681075,1779437330542,1778525693524,1778525683210.599,2074,1,911649467,12449,2135.599,14524,12450,4210.599,2136.599
UBER,1778525682000,1778525684194,1778525684194,1779437330542,1778525693524,1778525686291.031,2194,0,911646348,9330,2097.031,11524,9330,4291.031,2097.031
UBER,1778525686000,1778525688161,1778525688161,1779437330542,1778525693524,1778525689416.775,2161,0,911642381,5363,1255.775,7524,5363,3416.775,1255.775
UBER,1778525689000,1778525690122,1778525690122,1779437330542,1778525693524,1778525692219.716,1122,0,911640420,3402,2097.716,4524,3402,3219.716,2097.716
UBER,1778525691000,1778525693549,1778525693550,1779437330543,1778525706339,1778525694221.712,2549,1,911636993,12789,671.712,15339,12790,3221.712,672.712
UBER,1778525693000,1778525695143,1778525695143,1779437330543,1778525706339,1778525696223.967,2143,0,911635400,11196,1080.967,13339,11196,3223.967,1080.967
UBER,1778525696000,1778525698290,1778525698290,1779437330543,1778525706339,1778525698425.444,2290,0,911632253,8049,135.444,10339,8049,2425.444,135.444
UBER,1778525698000,1778525699408,1778525699408,1779437330543,1778525706339,1778525702329.492,1408,0,911631135,6931,2921.492,8339,6931,4329.492,2921.492
UBER,1778525702000,1778525703097,1778525703098,1779437330543,1778525706339,1778525704432.022,1097,1,911627445,3241,1334.022,4339,3242,2432.022,1335.022
UBER,1778525705000,1778525707124,1778525707124,1779437330543,1778525718251,1778525708335.958,2124,0,911623419,11127,1211.958,13251,11127,3335.958,1211.958
UBER,1778525707000,1778525709120,1778525709121,1779437330543,1778525718251,1778525710338.638,2120,1,911621422,9130,1217.638,11251,9131,3338.638,1218.638
UBER,1778525710000,1778525711159,1778525711159,1779437330544,1778525718251,1778525714241.892,1159,0,911619385,7092,3082.892,8251,7092,4241.892,3082.892
UBER,1778525714000,1778525715199,1778525715199,1779437330544,1778525718251,1778525715343.155,1199,0,911615345,3052,144.155,4251,3052,1343.155,144.155
UBER,1778525716000,1778525718150,1778525718150,1779437330544,1778525730561,1778525720247.526,2150,0,911612394,12411,2097.526,14561,12411,4247.526,2097.526
UBER,1778525719000,1778525721179,1778525721179,1779437330544,1778525730561,1778525721248.575,2179,0,911609365,9382,69.575,11561,9382,2248.575,69.575
UBER,1778525720000,1778525722172,1778525722172,1779437330544,1778525730561,1778525726256.835,2172,0,911608372,8389,4084.835,10561,8389,6256.835,4084.835
UBER,1778525727000,1778525728136,1778525728136,1779437330544,1778525730561,1778525730259.536,1136,0,911602408,2425,2123.536,3561,2425,3259.536,2123.536
UBER,1778525729000,1778525731271,1778525731271,1779437330545,1778525742773,1778525731359.125,2271,0,911599274,11502,88.125,13773,11502,2359.125,88.125
UBER,1778525731000,1778525733136,1778525733136,1779437330545,1778525742773,1778525733260.874,2136,0,911597409,9637,124.874,11773,9637,2260.874,124.874
UBER,1778525732000,1778525734183,1778525734183,1779437330545,1778525742773,1778525734461.972,2183,0,911596362,8590,278.972,10773,8590,2461.972,278.972
UBER,1778525734000,1778525735172,1778525735172,1779437330545,1778525742773,1778525735463.069,1172,0,911595373,7601,291.069,8773,7601,1463.069,291.069
UBER,1778525735000,1778525736212,1778525736213,1779437330545,1778525742773,1778525741168.906,1212,1,911594332,6560,4955.906,7773,6561,6168.906,4956.906
UBER,1778525741000,1778525742213,1778525742213,1779437330545,1778525755312,1778525743272.403,1213,0,911588332,13099,1059.403,14312,13099,2272.403,1059.403
UBER,1778525742000,1778525744391,1778525744391,1779437330545,1778525755312,1778525744472.384,2391,0,911586154,10921,81.384,13312,10921,2472.384,81.384
UBER,1778525744000,1778525745134,1778525745134,1779437330545,1778525755312,1778525745218.368,1134,0,911585411,10178,84.368,11312,10178,1218.368,84.368
UBER,1778525745000,1778525746565,1778525746565,1779437330545,1778525755312,1778525747395.93,1565,0,911583980,8747,830.93,10312,8747,2395.93,830.93
UBER,1778525746000,1778525748190,1778525748190,1779437330546,1778525755312,1778525749477.633,2190,0,911582356,7122,1287.633,9312,7122,3477.633,1287.633
UBER,1778525749000,1778525750141,1778525750141,1779437330546,1778525755312,1778525751280.56,1141,0,911580405,5171,1139.56,6312,5171,2280.56,1139.56
UBER,1778525750000,1778525752185,1778525752185,1779437330546,1778525755312,1778525753281.881,2185,0,911578361,3127,1096.881,5312,3127,3281.881,1096.881
UBER,1778525752000,1778525754320,1778525754320,1779437330546,1778525755312,1778525755283.725,2320,0,911576226,992,963.725,3312,992,3283.725,963.725
UBER,1778525754000,1778525756326,1778525756327,1779437330546,1778525767598,1778525757486.489,2326,1,911574219,11271,1159.489,13598,11272,3486.489,1160.489
UBER,1778525756000,1778525758324,1778525758324,1779437330546,1778525767598,1778525759487.835,2324,0,911572222,9274,1163.835,11598,9274,3487.835,1163.835
UBER,1778525758000,1778525760136,1778525760136,1779437330546,1778525767598,1778525760288.7,2136,0,911570410,7462,152.7,9598,7462,2288.7,152.7
UBER,1778525760000,1778525761381,1778525761381,1779437330546,1778525767598,1778525762491.641,1381,0,911569165,6217,1110.641,7598,6217,2491.641,1110.641
UBER,1778525762000,1778525763160,1778525763160,1779437330547,1778525767598,1778525766258.556,1160,0,911567387,4438,3098.556,5598,4438,4258.556,3098.556
UBER,1778525765000,1778525767189,1778525767189,1779437330547,1778525780713,1778525770399.174,2189,0,911563358,13524,3210.174,15713,13524,5399.174,3210.174
UBER,1778525772000,1778525773369,1778525773370,1779437330547,1778525780713,1778525773502.876,1369,1,911557177,7343,132.876,8713,7344,1502.876,133.876
UBER,1778525773000,1778525774230,1778525774231,1779437330547,1778525780713,1778525774303.281,1230,1,911556316,6482,72.281,7713,6483,1303.281,73.281
UBER,1778525774000,1778525775159,1778525775160,1779437330547,1778525780713,1778525776480.355,1159,1,911555387,5553,1320.355,6713,5554,2480.355,1321.355
UBER,1778525777000,1778525778156,1778525778156,1779437330547,1778525780713,1778525779407.665,1156,0,911552391,2557,1251.665,3713,2557,2407.665,1251.665
UBER,1778525778000,1778525780153,1778525780153,1779437330547,1778525780713,1778525780237.206,2153,0,911550394,560,84.206,2713,560,2237.206,84.206
UBER,1778525780000,1778525782204,1778525782204,1779437330547,1778525793426,1778525783511.369,2204,0,911548343,11222,1307.369,13426,11222,3511.369,1307.369
UBER,1778525783000,1778525784203,1778525784204,1779437330548,1778525793426,1778525786315.135,1203,1,911546344,9222,2111.135,10426,9223,3315.135,2112.135
UBER,1778525787000,1778525788152,1778525788152,1779437330548,1778525793426,1778525789317.857,1152,0,911542396,5274,1165.857,6426,5274,2317.857,1165.857
UBER,1778525788000,1778525790215,1778525790215,1779437330548,1778525793425,1778525790319.912,2215,0,911540333,3210,104.912,5425,3210,2319.912,104.912
UBER,1778525791000,1778525792148,1778525792149,1779437330548,1778525793426,1778525792220.575,1148,1,911538399,1277,71.575,2426,1278,1220.575,72.575
UBER,1778525792000,1778525793307,1778525793307,1779437330548,1778525805700,1778525795281.056,1307,0,911537241,12393,1974.056,13700,12393,3281.056,1974.056
UBER,1778525794000,1778525796238,1778525796238,1779437330548,1778525805700,1778525796325.719,2238,0,911534310,9462,87.719,11700,9462,2325.719,87.719
UBER,1778525795000,1778525797252,1778525797252,1779437330548,1778525805700,1778525798251.874,2252,0,911533296,8448,999.874,10700,8448,3251.874,999.874
UBER,1778525798000,1778525799225,1778525799225,1779437330549,1778525805700,1778525799327.956,1225,0,911531324,6475,102.956,7700,6475,1327.956,102.956
UBER,1778525800000,1778525801224,1778525801224,1779437330549,1778525805700,1778525804533.828,1224,0,911529325,4476,3309.828,5700,4476,4533.828,3309.828
UBER,1778525803000,1778525805176,1778525805176,1779437330549,1778525818448,1778525807336.219,2176,0,911525373,13272,2160.219,15448,13272,4336.219,2160.219
UBER,1778525806000,1778525808307,1778525808307,1779437330549,1778525818448,1778525809272.997,2307,0,911522242,10141,965.997,12448,10141,3272.997,965.997
UBER,1778525809000,1778525811289,1778525811289,1779437330549,1778525818448,1778525812342.34,2289,0,911519260,7159,1053.34,9448,7159,3342.34,1053.34
UBER,1778525812000,1778525813248,1778525813248,1779437330549,1778525818448,1778525816645.504,1248,0,911517301,5200,3397.504,6448,5200,4645.504,3397.504
UBER,1778525815000,1778525817223,1778525817223,1779437330550,1778525830383,1778525820549.788,2223,0,911513327,13160,3326.788,15383,13160,5549.788,3326.788
UBER,1778525819000,1778525821463,1778525821464,1779437330550,1778525830383,1778525823252.318,2463,1,911509086,8919,1788.318,11383,8920,4252.318,1789.318
UBER,1778525822000,1778525824501,1778525824501,1779437330550,1778525830383,1778525824653.705,2501,0,911506049,5882,152.705,8383,5882,2653.705,152.705
UBER,1778525823000,1778525825239,1778525825239,1779437330550,1778525830383,1778525826556.348,2239,0,911505311,5144,1317.348,7383,5144,3556.348,1317.348
UBER,1778525826000,1778525827214,1778525827214,1779437330550,1778525843577,1778525830459.162,1214,0,911503336,16363,3245.162,17577,16363,4459.162,3245.162
UBER,1778525831000,1778525832443,1778525832444,1779437330551,1778525843577,1778525836565.121,1443,1,911498107,11133,4121.121,12577,11134,5565.121,4122.121
UBER,1778525836000,1778525837392,1778525837392,1779437330551,1778525843577,1778525838567.246,1392,0,911493159,6185,1175.246,7577,6185,2567.246,1175.246
UBER,1778525838000,1778525840410,1778525840410,1779437330551,1778525843577,1778525841569.453,2410,0,911490141,3167,1159.453,5577,3167,3569.453,1159.453
UBER,1778525840000,1778525842254,1778525842254,1779437330551,1778525843577,1778525842370.767,2254,0,911488297,1323,116.767,3577,1323,2370.767,116.767
UBER,1778525842000,1778525843347,1778525843347,1779437330551,1778525854688,1778525845321.793,1347,0,911487204,11341,1974.793,12688,11341,3321.793,1974.793
UBER,1778525845000,1778525846475,1778525846475,1779437330551,1778525854688,1778525848377.058,1475,0,911484076,8213,1902.058,9688,8213,3377.058,1902.058
UBER,1778525848000,1778525849267,1778525849267,1779437330552,1778525854688,1778525850579.062,1267,0,911481285,5421,1312.062,6688,5421,2579.062,1312.062
UBER,1778525850000,1778525851328,1778525851328,1779437330552,1778525854688,1778525853481.42,1328,0,911479224,3360,2153.42,4688,3360,3481.42,2153.42
UBER,1778525853000,1778525854280,1778525854280,1779437330552,1778525867701,1778525860389.442,1280,0,911476272,13421,6109.442,14701,13421,7389.442,6109.442
UBER,1778525860000,1778525861209,1778525861210,1779437330552,1778525867701,1778525864593.637,1209,1,911469342,6491,3383.637,7701,6492,4593.637,3384.637
UBER,1778525864000,1778525865252,1778525865252,1779437330553,1778525867701,1778525866595.601,1252,0,911465301,2449,1343.601,3701,2449,2595.601,1343.601
UBER,1778525867000,1778525868267,1778525868267,1779437330553,1778525880518,1778525871351.136,1267,0,911462286,12251,3084.136,13518,12251,4351.136,3084.136
UBER,1778525871000,1778525873274,1778525873275,1779437330553,1778525880518,1778525873402.765,2274,1,911457278,7243,127.765,9518,7244,2402.765,128.765
UBER,1778525872000,1778525874286,1778525874286,1779437330553,1778525880518,1778525879508.526,2286,0,911456267,6232,5222.526,8518,6232,7508.526,5222.526
UBER,1778525878000,1778525880237,1778525880238,1779437330554,1778525892729,1778525885613.748,2237,1,911450316,12491,5375.748,14729,12492,7613.748,5376.748
UBER,1778525884000,1778525886304,1778525886304,1779437330554,1778525892729,1778525888399.89,2304,0,911444250,6425,2095.89,8729,6425,4399.89,2095.89
UBER,1778525888000,1778525889276,1778525889276,1779437330554,1778525904742,1778525896625.764,1276,0,911441278,15466,7349.764,16742,15466,8625.764,7349.764
UBER,1778525896000,1778525897557,1778525897557,1779437330554,1778525904742,1778525899428.689,1557,0,911432997,7185,1871.689,8742,7185,3428.689,1871.689
UBER,1778525898000,1778525900297,1778525900297,1779437330555,1778525904742,1778525901531.049,2297,0,911430258,4445,1234.049,6742,4445,3531.049,1234.049
UBER,1778525902000,1778525903324,1778525903324,1779437330555,1778525916452,1778525906435.893,1324,0,911427231,13128,3111.893,14452,13128,4435.893,3111.893
UBER,1778525906000,1778525907393,1778525907394,1779437330555,1778525916452,1778525908437.649,1393,1,911423161,9058,1043.649,10452,9059,2437.649,1044.649
UBER,1778525907000,1778525909491,1778525909491,1779437330555,1778525916453,1778525909639.275,2491,0,911421064,6962,148.275,9453,6962,2639.275,148.275
UBER,1778525909000,1778525911374,1778525911374,1779437330555,1778525916453,1778525912340.83,2374,0,911419181,5079,966.83,7453,5079,3340.83,966.83
UBER,1778525912000,1778525913299,1778525913299,1779437330555,1778525916452,1778525914643.342,1299,0,911417256,3153,1344.342,4452,3153,2643.342,1344.342
UBER,1778525913000,1778525915290,1778525915290,1779437330556,1778525928667,1778525921450.75,2290,0,911415266,13377,6160.75,15667,13377,8450.75,6160.75
UBER,1778525921000,1778525922326,1778525922326,1779437330556,1778525928667,1778525927456.105,1326,0,911408230,6341,5130.105,7667,6341,6456.105,5130.105
UBER,1778525926000,1778525928363,1778525928363,1779437330556,1778525941682,1778525931660.68,2363,0,911402193,13319,3297.68,15682,13319,5660.68,3297.68
UBER,1778525931000,1778525932497,1778525932498,1779437330556,1778525941682,1778525932562.54,1497,1,911398058,9184,64.54,10682,9185,1562.54,65.54
UBER,1778525933000,1778525934278,1778525934278,1779437330556,1778525941682,1778525934363.374,1278,0,911396278,7404,85.374,8682,7404,1363.374,85.374
UBER,1778525935000,1778525936336,1778525936336,1779437330557,1778525941682,1778525940569.678,1336,0,911394221,5346,4233.678,6682,5346,5569.678,4233.678
UBER,1778525940000,1778525941552,1778525941552,1779437330557,1778525953591,1778525943573.224,1552,0,911389005,12039,2021.224,13591,12039,3573.224,2021.224
UBER,1778525943000,1778525944302,1778525944302,1779437330557,1778525953591,1778525946476.565,1302,0,911386255,9289,2174.565,10591,9289,3476.565,2174.565
UBER,1778525946000,1778525948320,1778525948320,1779437330557,1778525953591,1778525948577.215,2320,0,911382237,5271,257.215,7591,5271,2577.215,257.215
UBER,1778525948000,1778525949606,1778525949606,1779437330557,1778525966704,1778525954483.037,1606,0,911380951,17098,4877.037,18704,17098,6483.037,4877.037
UBER,1778525954000,1778525955263,1778525955263,1779437330558,1778525966704,1778525955325.087,1263,0,911375295,11441,62.087,12704,11441,1325.087,62.087
UBER,1778525955000,1778525956471,1778525956471,1779437330558,1778525966704,1778525956598.225,1471,0,911374087,10233,127.225,11704,10233,1598.225,127.225
UBER,1778525957000,1778525958397,1778525958397,1779437330558,1778525966704,1778525959522.214,1397,0,911372161,8307,1125.214,9704,8307,2522.214,1125.214
UBER,1778525958000,1778525960475,1778525960475,1779437330558,1778525966704,1778525963591.89,2475,0,911370083,6229,3116.89,8704,6229,5591.89,3116.89
UBER,1778525963000,1778525964507,1778525964507,1779437330558,1778525966704,1778525966595.203,1507,0,911366051,2197,2088.203,3704,2197,3595.203,2088.203
UBER,1778525965000,1778525967301,1778525967301,1779437330558,1778525977616,1778525967379.126,2301,0,911363257,10315,78.126,12616,10315,2379.126,78.126
UBER,1778525968000,1778525969393,1778525969393,1779437330558,1778525977616,1778525970599.425,1393,0,911361165,8223,1206.425,9616,8223,2599.425,1206.425
UBER,1778525970000,1778525971566,1778525971566,1779437330558,1778525977616,1778525971800.319,1566,0,911358992,6050,234.319,7616,6050,1800.319,234.319
UBER,1778525971000,1778525972472,1778525972472,1779437330559,1778525977616,1778525974603.144,1472,0,911358087,5144,2131.144,6616,5144,3603.144,2131.144
UBER,1778525974000,1778525975317,1778525975317,1779437330559,1778525977616,1778525975404.223,1317,0,911355242,2299,87.223,3616,2299,1404.223,87.223
UBER,1778525975000,1778525976403,1778525976404,1779437330559,1778525988828,1778525978607.437,1403,1,911354155,12424,2203.437,13828,12425,3607.437,2204.437
UBER,1778525978000,1778525979328,1778525979328,1779437330559,1778525988828,1778525980809.573,1328,0,911351231,9500,1481.573,10828,9500,2809.573,1481.573
UBER,1778525980000,1778525981377,1778525981377,1779437330559,1778525988828,1778525983612.525,1377,0,911349182,7451,2235.525,8828,7451,3612.525,2235.525
UBER,1778525983000,1778525984528,1778525984528,1779437330559,1778525988828,1778525984613.804,1528,0,911346031,4300,85.804,5828,4300,1613.804,85.804
UBER,1778525984000,1778525985300,1778525985300,1779437330559,1778525988828,1778525986815.522,1300,0,911345259,3528,1515.522,4828,3528,2815.522,1515.522
UBER,1778525986000,1778525988378,1778525988378,1779437330560,1778525988828,1778525988517.366,2378,0,911342182,450,139.366,2828,450,2517.366,139.366
UBER,1778525989000,1778525991397,1778525991397,1779437330560,1778526000441,1778525991456.485,2397,0,911339163,9044,59.485,11441,9044,2456.485,59.485
UBER,1778525990000,1778525993080,1778525993080,1779437330560,1778526000442,1778525993523.533,3080,0,911337480,7362,443.533,10442,7362,3523.533,443.533
UBER,1778525993000,1778525994338,1778525994338,1779437330560,1778526000442,1778525996026.085,1338,0,911336222,6104,1688.085,7442,6104,3026.085,1688.085
UBER,1778525995000,1778525996999,1778525996999,1779437330560,1778526000442,1778525999529.864,1999,0,911333561,3443,2530.864,5442,3443,4529.864,2530.864
UBER,1778525988000,1778525998000,1778525998000,1779437330560,1778526000442,1778525998128.105,10000,0,911332560,2442,128.105,12442,2442,10128.105,128.105
UBER,1778525999000,1778526000342,1778526000342,1779437330560,1778526011450,1778526003704.759,1342,0,911330218,11108,3362.759,12450,11108,4704.759,3362.759
UBER,1778526002000,1778526004455,1778526004455,1779437330561,1778526011450,1778526004635.657,2455,0,911326106,6995,180.657,9450,6995,2635.657,180.657
UBER,1778526003000,1778526005383,1778526005383,1779437330561,1778526011450,1778526005636.257,2383,0,911325178,6067,253.257,8450,6067,2636.257,253.257
UBER,1778526005000,1778526006422,1778526006422,1779437330561,1778526011450,1778526009541.207,1422,0,911324139,5028,3119.207,6450,5028,4541.207,3119.207
UBER,1778526009000,1778526010480,1778526010480,1779437330561,1778526011450,1778526010542.44,1480,0,911320081,970,62.44,2450,970,1542.44,62.44
UBER,1778526010000,1778526011334,1778526011335,1779437330561,1778526011450,1778526011442.119,1334,1,911319226,115,107.119,1450,116,1442.119,108.119
UBER,1778526011000,1778526012424,1778526012424,1779437330561,1778526023648,1778526012543.473,1424,0,911318137,11224,119.473,12648,11224,1543.473,119.473
UBER,1778526012000,1778526013416,1778526013416,1779437330561,1778526023648,1778526014545.866,1416,0,911317145,10232,1129.866,11648,10232,2545.866,1129.866
UBER,1778526015000,1778526016445,1778526016445,1779437330561,1778526023648,1778526017450.257,1445,0,911314116,7203,1005.257,8648,7203,2450.257,1005.257
UBER,1778526017000,1778526018318,1778526018318,1779437330561,1778526023648,1778526018451.414,1318,0,911312243,5330,133.414,6648,5330,1451.414,133.414
UBER,1778526018000,1778526019380,1778526019380,1779437330561,1778526023648,1778526022577.778,1380,0,911311181,4268,3197.778,5648,4268,4577.778,3197.778
UBER,1778526022000,1778526023580,1778526023580,1779437330562,1778526035678,1778526023656.219,1580,0,911306982,12098,76.219,13678,12098,1656.219,76.219
UBER,1778526023000,1778526024673,1778526024673,1779437330562,1778526035679,1778526026659.338,1673,0,911305889,11006,1986.338,12679,11006,3659.338,1986.338
UBER,1778526027000,1778526028331,1778526028332,1779437330562,1778526035679,1778526028460.752,1331,1,911302230,7347,128.752,8679,7348,1460.752,129.752
UBER,1778526028000,1778526029474,1778526029474,1779437330562,1778526035679,1778526033466.078,1474,0,911301088,6205,3992.078,7679,6205,5466.078,3992.078
UBER,1778526034000,1778526035553,1778526035553,1779437330562,1778526035679,1778526035611.147,1553,0,911295009,126,58.147,1679,126,1611.147,58.147
UBER,1778526035000,1778526036532,1778526036532,1779437330562,1778526048798,1778526041577.573,1532,0,911294030,12266,5045.573,13798,12266,6577.573,5045.573
UBER,1778526041000,1778526042575,1778526042575,1779437330563,1778526048798,1778526044680.478,1575,0,911287988,6223,2105.478,7798,6223,3680.478,2105.478
UBER,1778526044000,1778526045524,1778526045524,1779437330563,1778526048798,1778526046582.207,1524,0,911285039,3274,1058.207,4798,3274,2582.207,1058.207
UBER,1778526046000,1778526047527,1778526047527,1779437330563,1778526048798,1778526047583.865,1527,0,911283036,1271,56.865,2798,1271,1583.865,56.865
UBER,1778526047000,1778526048670,1778526048670,1779437330563,1778526061809,1778526054691.029,1670,0,911281893,13139,6021.029,14809,13139,7691.029,6021.029
UBER,1778526054000,1778526055354,1778526055354,1779437330564,1778526061809,1778526060497.693,1354,0,911275210,6455,5143.693,7809,6455,6497.693,5143.693
UBER,1778526059000,1778526060429,1778526060430,1779437330564,1778526061809,1778526060597.928,1429,1,911270134,1379,167.928,2809,1380,1597.928,168.928
UBER,1778526060000,1778526061810,1778526061810,1779437330564,1778526073611,1778526063802.208,1810,0,911268754,11801,1992.208,13611,11801,3802.208,1992.208
UBER,1778526063000,1778526064448,1778526064449,1779437330564,1778526073611,1778526068708.936,1448,1,911266115,9162,4259.936,10611,9163,5708.936,4260.936
UBER,1778526068000,1778526069692,1778526069692,1779437330564,1778526073611,1778526069809.592,1692,0,911260872,3919,117.592,5611,3919,1809.592,117.592
UBER,1778526069000,1778526071439,1778526071439,1779437330564,1778526073611,1778526072512.705,2439,0,911259125,2172,1073.705,4611,2172,3512.705,1073.705
UBER,1778526073000,1778526074479,1778526074479,1779437330565,1778526086516,1778526077717.981,1479,0,911256086,12037,3238.981,13516,12037,4717.981,3238.981
UBER,1778526077000,1778526078443,1778526078443,1779437330565,1778526086516,1778526078518.46,1443,0,911252122,8073,75.46,9516,8073,1518.46,75.46
UBER,1778526078000,1778526079467,1778526079468,1779437330565,1778526086516,1778526079719.731,1467,1,911251097,7048,251.731,8516,7049,1719.731,252.731
UBER,1778526079000,1778526080457,1778526080458,1779437330565,1778526086516,1778526081721.777,1457,1,911250107,6058,1263.777,7516,6059,2721.777,1264.777
UBER,1778526081000,1778526082425,1778526082425,1779437330565,1778526086516,1778526082523.032,1425,0,911248140,4091,98.032,5516,4091,1523.032,98.032
UBER,1778526082000,1778526083465,1778526083465,1779437330565,1778526086516,1778526083623.725,1465,0,911247100,3051,158.725,4516,3051,1623.725,158.725
UBER,1778526083000,1778526084432,1778526084432,1779437330565,1778526086515,1778526084524.52,1432,0,911246133,2083,92.52,3515,2083,1524.52,92.52
UBER,1778526084000,1778526086451,1778526086451,1779437330565,1778526099544,1778526086526.265,2451,0,911244114,13093,75.265,15544,13093,2526.265,75.265
UBER,1778526087000,1778526088448,1778526088448,1779437330565,1778526099544,1778526089630.635,1448,0,911242117,11096,1182.635,12544,11096,2630.635,1182.635
UBER,1778526088000,1778526090615,1778526090615,1779437330565,1778526099544,1778526092532.125,2615,0,911239950,8929,1917.125,11544,8929,4532.125,1917.125
UBER,1778526092000,1778526093528,1778526093528,1779437330566,1778526099544,1778526095546.421,1528,0,911237038,6016,2018.421,7544,6016,3546.421,2018.421
UBER,1778526094000,1778526096642,1778526096643,1779437330566,1778526099544,1778526096710.575,2642,1,911233923,2901,67.575,5544,2902,2710.575,68.575
UBER,1778526095000,1778526097453,1778526097454,1779437330566,1778526099544,1778526098695.097,2453,1,911233112,2090,1241.097,4544,2091,3695.097,1242.097
UBER,1778526100000,1778526101658,1778526101658,1779437330566,1778526111857,1778526102542.853,1658,0,911228908,10199,884.853,11857,10199,2542.853,884.853
UBER,1778526102000,1778526103695,1778526103695,1779437330566,1778526111857,1778526103782.095,1695,0,911226871,8162,87.095,9857,8162,1782.095,87.095
UBER,1778526103000,1778526104501,1778526104501,1779437330566,1778526111857,1778526104699.354,1501,0,911226065,7356,198.354,8857,7356,1699.354,198.354
UBER,1778526106000,1778526107482,1778526107482,1779437330566,1778526111857,1778526107548.346,1482,0,911223084,4375,66.346,5857,4375,1548.346,66.346
UBER,1778526107000,1778526108496,1778526108497,1779437330566,1778526111857,1778526108649.341,1496,1,911222069,3360,152.341,4857,3361,1649.341,153.341
UBER,1778526109000,1778526110475,1778526110475,1779437330567,1778526124870,1778526114655.349,1475,0,911220092,14395,4180.349,15870,14395,5655.349,4180.349
UBER,1778526116000,1778526117548,1778526117548,1779437330567,1778526124870,1778526117658.809,1548,0,911213019,7322,110.809,8870,7322,1658.809,110.809
UBER,1778526117000,1778526118527,1778526118527,1779437330567,1778526124870,1778526120160.926,1527,0,911212040,6343,1633.926,7870,6343,3160.926,1633.926
UBER,1778526119000,1778526120485,1778526120485,1779437330567,1778526124870,1778526120562.442,1485,0,911210082,4385,77.442,5870,4385,1562.442,77.442
UBER,1778526121000,1778526122560,1778526122560,1779437330567,1778526124870,1778526123564.263,1560,0,911208007,2310,1004.263,3870,2310,2564.263,1004.263
UBER,1778526123000,1778526124745,1778526124745,1779437330567,1778526136881,1778526124866.782,1745,0,911205822,12136,121.782,13881,12136,1866.782,121.782
UBER,1778526124000,1778526125539,1778526125539,1779437330567,1778526136881,1778526125763.41,1539,0,911205028,11342,224.41,12881,11342,1763.41,224.41
UBER,1778526125000,1778526126731,1778526126731,1779437330567,1778526136881,1778526126867.682,1731,0,911203836,10150,136.682,11881,10150,1867.682,136.682
UBER,1778526126000,1778526127777,1778526127777,1779437330567,1778526136881,1778526128768.921,1777,0,911202790,9104,991.921,10881,9104,2768.921,991.921
UBER,1778526129000,1778526129579,1778526129579,1779437330568,1778526136881,1778526132627.519,579,0,911200989,7302,3048.519,7881,7302,3627.519,3048.519
UBER,1778526133000,1778526134721,1778526134721,1779437330568,1778526136881,1778526134796.331,1721,0,911195847,2160,75.331,3881,2160,1796.331,75.331
UBER,1778526134000,1778526135678,1778526135678,1779437330568,1778526149698,1778526146987.161,1678,0,911194890,14020,11309.161,15698,14020,12987.161,11309.161
UBER,1778526139000,1778526141563,1778526141563,1779437330568,1778526149698,1778526141682.67,2563,0,911189005,8135,119.67,10698,8135,2682.67,119.67
UBER,1778526141000,1778526142559,1778526142559,1779437330568,1778526161714,1778526150090.39,1559,0,911188009,19155,7531.39,20714,19155,9090.39,7531.39
UBER,1778526138000,1778526146841,1778526146841,1779437330568,1778526149696,1778526146987.106,8841,0,911183727,2855,146.106,11696,2855,8987.106,146.106
UBER,1778526148000,1778526150607,1778526150607,1779437330569,1778526161714,1778526150692.406,2607,0,911179962,11107,85.406,13714,11107,2692.406,85.406
UBER,1778526149000,1778526151782,1778526151782,1779437330569,1778526161714,1778526152626.617,2782,0,911178787,9932,844.617,12714,9932,3626.617,844.617
UBER,1778526152000,1778526153584,1778526153584,1779437330569,1778526161714,1778526154696.614,1584,0,911176985,8130,1112.614,9714,8130,2696.614,1112.614
UBER,1778526153000,1778526155731,1778526155731,1779437330569,1778526161714,1778526155896.833,2731,0,911174838,5983,165.833,8714,5983,2896.833,165.833
UBER,1778526155000,1778526156514,1778526156514,1779437330569,1778526161714,1778526156661.204,1514,0,911174055,5200,147.204,6714,5200,1661.204,147.204
UBER,1778526156000,1778526157602,1778526157602,1779437330569,1778526161714,1778526158699.554,1602,0,911172967,4112,1097.554,5714,4112,2699.554,1097.554
UBER,1778526158000,1778526159592,1778526159593,1779437330569,1778526161714,1778526159701.027,1592,1,911170976,2121,108.027,3714,2122,1701.027,109.027
UBER,1778526159000,1778526161569,1778526161569,1779437330569,1778526173722,1778526164706.307,2569,0,911169000,12153,3137.307,14722,12153,5706.307,3137.307
UBER,1778526163000,1778526165563,1778526165563,1779437330570,1778526173722,1778526165706.933,2563,0,911165007,8159,143.933,10722,8159,2706.933,143.933
UBER,1778526165000,1778526166646,1778526166646,1779437330570,1778526173722,1778526166807.905,1646,0,911163924,7076,161.905,8722,7076,1807.905,161.905
UBER,1778526166000,1778526167601,1778526167601,1779437330570,1778526173722,1778526167709.57,1601,0,911162969,6121,108.57,7722,6121,1709.57,108.57
UBER,1778526170000,1778526171696,1778526171697,1779437330570,1778526173722,1778526171814.223,1696,1,911158873,2025,117.223,3722,2026,1814.223,118.223
UBER,1778526171000,1778526172742,1778526172742,1779437330570,1778526173722,1778526173614.923,1742,0,911157828,980,872.923,2722,980,2614.923,872.923
UBER,1778526173000,1778526174616,1778526174616,1779437330570,1778526186834,1778526176717.689,1616,0,911155954,12218,2101.689,13834,12218,3717.689,2101.689
UBER,1778526177000,1778526177545,1778526177545,1779437330570,1778526186834,1778526179620.968,545,0,911153025,9289,2075.968,9834,9289,2620.968,2075.968
UBER,1778526180000,1778526181596,1778526181597,1779437330570,1778526186834,1778526183772.941,1596,1,911148973,5237,2175.941,6834,5238,3772.941,2176.941
UBER,1778526183000,1778526184773,1778526184773,1779437330571,1778526199744,1778526187780.865,1773,0,911145798,14971,3007.865,16744,14971,4780.865,3007.865
UBER,1778526187000,1778526188640,1778526188640,1779437330571,1778526199745,1778526191932.881,1640,0,911141931,11105,3292.881,12745,11105,4932.881,3292.881
UBER,1778526193000,1778526194584,1778526194585,1779437330571,1778526199745,1778526194702.302,1584,1,911135986,5160,117.302,6745,5161,1702.302,118.302
UBER,1778526195000,1778526196614,1778526196614,1779437330571,1778526199745,1778526197637.875,1614,0,911133957,3131,1023.875,4745,3131,2637.875,1023.875
UBER,1778526197000,1778526198554,1778526198554,1779437330571,1778526211957,1778526200641.263,1554,0,911132017,13403,2087.263,14957,13403,3641.263,2087.263
UBER,1778526201000,1778526202582,1778526202582,1779437330571,1778526211957,1778526210850.272,1582,0,911127989,9375,8268.272,10957,9375,9850.272,8268.272
UBER,1778526210000,1778526211682,1778526211682,1779437330572,1778526225672,1778526218857.17,1682,0,911118890,13990,7175.17,15672,13990,8857.17,7175.17
UBER,1778526219000,1778526220730,1778526220731,1779437330572,1778526238781,1778526225789.049,1730,1,911109841,18050,5058.049,19781,18051,6789.049,5059.049
UBER,1778526224000,1778526226729,1778526226729,1779437330572,1778526238783,1778526227865.805,2729,0,911103843,12054,1136.805,14783,12054,3865.805,1136.805
UBER,1778526227000,1778526228783,1778526228783,1779437330573,1778526238783,1778526229667.111,1783,0,911101790,10000,884.111,11783,10000,2667.111,884.111
UBER,1778526229000,1778526230756,1778526230756,1779437330573,1778526238781,1778526230836.117,1756,0,911099817,8025,80.117,9781,8025,1836.117,80.117
UBER,1778526230000,1778526231583,1778526231583,1779437330573,1778526238783,1778526231669.603,1583,0,911098990,7200,86.603,8783,7200,1669.603,86.603
UBER,1778526231000,1778526232640,1778526232640,1779437330573,1778526238781,1778526232852.988,1640,0,911097933,6141,212.988,7781,6141,1852.988,212.988
UBER,1778526232000,1778526233561,1778526233561,1779437330573,1778526238783,1778526235673.048,1561,0,911097012,5222,2112.048,6783,5222,3673.048,2112.048
UBER,1778526235000,1778526236633,1778526236633,1779437330573,1778526238781,1778526236823.17,1633,0,911093940,2148,190.17,3781,2148,1823.17,190.17
UBER,1778526237000,1778526237535,1778526237535,1779437330573,1778526251893,1778526243731.235,535,0,911093038,14358,6196.235,14893,14358,6731.235,6196.235
UBER,1778526245000,1778526245888,1778526245888,1779437330574,1778526251893,1778526246683.991,888,0,911084686,6005,795.991,6893,6005,1683.991,795.991
UBER,1778526246000,1778526247573,1778526247573,1779437330574,1778526251893,1778526250786.794,1573,0,911083001,4320,3213.794,5893,4320,4786.794,3213.794
UBER,1778526250000,1778526251546,1778526251546,1779437330574,1778526251893,1778526251660.212,1546,0,911079028,347,114.212,1893,347,1660.212,114.212
UBER,1778526251000,1778526252643,1778526252643,1779437330574,1778526264893,1778526252829.39,1643,0,911077931,12250,186.39,13893,12250,1829.39,186.39
UBER,1778526255000,1778526256854,1778526256854,1779437330574,1778526264894,1778526259944.617,1854,0,911073720,8040,3090.617,9894,8040,4944.617,3090.617
UBER,1778526259000,1778526260751,1778526260751,1779437330574,1778526264894,1778526261896.359,1751,0,911069823,4143,1145.359,5894,4143,2896.359,1145.359
UBER,1778526261000,1778526262561,1778526262562,1779437330574,1778526277716,1778526272906.652,1561,1,911068012,15154,10344.652,16716,15155,11906.652,10345.652
UBER,1778526272000,1778526273813,1778526273814,1779437330575,1778526277716,1778526274676.62,1813,1,911056761,3902,862.62,5716,3903,2676.62,863.62
UBER,1778526274000,1778526275657,1778526275658,1779437330575,1778526289853,1778526279011.546,1657,1,911054917,14195,3353.546,15853,14196,5011.546,3354.546
UBER,1778526278000,1778526279667,1778526279667,1779437330575,1778526289853,1778526281714.206,1667,0,911050908,10186,2047.206,11853,10186,3714.206,2047.206
UBER,1778526281000,1778526282628,1778526282628,1779437330576,1778526289853,1778526285717.679,1628,0,911047948,7225,3089.679,8853,7225,4717.679,3089.679
UBER,1778526285000,1778526286730,1778526286730,1779437330576,1778526302138,1778526293725.392,1730,0,911043846,15408,6995.392,17138,15408,8725.392,6995.392
UBER,1778526293000,1778526294643,1778526294643,1779437330576,1778526302138,1778526294726.504,1643,0,911035933,7495,83.504,9138,7495,1726.504,83.504
UBER,1778526294000,1778526295649,1778526295649,1779437330576,1778526302138,1778526295727.533,1649,0,911034927,6489,78.533,8138,6489,1727.533,78.533
UBER,1778526297000,1778526297799,1778526297799,1779437330576,1778526302138,1778526297941.401,799,0,911032777,4339,142.401,5138,4339,941.401,142.401
UBER,1778526298000,1778526299595,1778526299595,1779437330576,1778526302138,1778526299730.928,1595,0,911030981,2543,135.928,4138,2543,1730.928,135.928
UBER,1778526299000,1778526300739,1778526300739,1779437330577,1778526302138,1778526300932.178,1739,0,911029838,1399,193.178,3138,1399,1932.178,193.178
UBER,1778526300000,1778526301781,1778526301781,1779437330577,1778526302138,1778526301933.107,1781,0,911028796,357,152.107,2138,357,1933.107,152.107
UBER,1778526301000,1778526302663,1778526302663,1779437330577,1778526313951,1778526302834.095,1663,0,911027914,11288,171.095,12951,11288,1834.095,171.095
UBER,1778526303000,1778526303668,1778526303668,1779437330577,1778526313951,1778526306938.347,668,0,911026909,10283,3270.347,10951,10283,3938.347,3270.347
UBER,1778526306000,1778526308885,1778526308885,1779437330577,1778526313951,1778526311042.207,2885,0,911021692,5066,2157.207,7951,5066,5042.207,2157.207
UBER,1778526310000,1778526311634,1778526311634,1779437330577,1778526313950,1778526311742.702,1634,0,911018943,2316,108.702,3950,2316,1742.702,108.702
UBER,1778526313000,1778526314730,1778526314730,1779437330577,1778526326761,1778526316848.04,1730,0,911015847,12031,2118.04,13761,12031,3848.04,2118.04
UBER,1778526317000,1778526318848,1778526318848,1779437330577,1778526326759,1778526318950.974,1848,0,911011729,7911,102.974,9759,7911,1950.974,102.974
UBER,1778526318000,1778526319828,1778526319828,1779437330578,1778526326759,1778526319951.634,1828,0,911010750,6931,123.634,8759,6931,1951.634,123.634
UBER,1778526320000,1778526321708,1778526321708,1779437330578,1778526326761,1778526321853.162,1708,0,911008870,5053,145.162,6761,5053,1853.162,145.162
UBER,1778526321000,1778526322878,1778526322878,1779437330578,1778526326761,1778526326156.87,1878,0,911007700,3883,3278.87,5761,3883,5156.87,3278.87
UBER,1778526325000,1778526326651,1778526326651,1779437330578,1778526326761,1778526326757.367,1651,0,911003927,110,106.367,1761,110,1757.367,106.367
UBER,1778526326000,1778526327707,1778526327708,1779437330578,1778526338970,1778526327958.738,1707,1,911002870,11262,250.738,12970,11263,1958.738,251.738
UBER,1778526327000,1778526328726,1778526328726,1779437330578,1778526338970,1778526330960.896,1726,0,911001852,10244,2234.896,11970,10244,3960.896,2234.896
UBER,1778526331000,1778526332829,1778526332829,1779437330578,1778526338954,1778526333063.255,1829,0,910997749,6125,234.255,7954,6125,2063.255,234.255
UBER,1778526332000,1778526333735,1778526333736,1779437330578,1778526338970,1778526337914.336,1735,1,910996842,5234,4178.336,6970,5235,5914.336,4179.336
UBER,1778526337000,1778526339831,1778526339831,1779437330579,1778526350982,1778526343972.901,2831,0,910990748,11151,4141.901,13982,11151,6972.901,4141.901
UBER,1778526344000,1778526345855,1778526345856,1779437330579,1778526364092,1778526351179.247,1855,1,910984723,18236,5323.247,20092,18237,7179.247,5324.247
UBER,1778526350000,1778526351628,1778526351629,1779437330579,1778526364092,1778526351779.972,1628,1,910978950,12463,150.972,14092,12464,1779.972,151.972
UBER,1778526351000,1778526352667,1778526352667,1779437330580,1778526364092,1778526352781.067,1667,0,910977913,11425,114.067,13092,11425,1781.067,114.067
UBER,1778526353000,1778526353837,1778526353837,1779437330580,1778526364092,1778526354782.532,837,0,910976743,10255,945.532,11092,10255,1782.532,945.532
UBER,1778526354000,1778526355902,1778526355902,1779437330580,1778526364092,1778526358986.952,1902,0,910974678,8190,3084.952,10092,8190,4986.952,3084.952
UBER,1778526359000,1778526360882,1778526360882,1779437330580,1778526364092,1778526363490.269,1882,0,910969698,3210,2608.269,5092,3210,4490.269,2608.269
UBER,1778526362000,1778526363692,1778526363692,1779437330580,1778526364092,1778526363790.582,1692,0,910966888,400,98.582,2092,400,1790.582,98.582
UBER,1778526363000,1778526364733,1778526364733,1779437330580,1778526376006,1778526364791.738,1733,0,910965847,11273,58.738,13006,11273,1791.738,58.738
UBER,1778526364000,1778526365661,1778526365661,1779437330580,1778526376006,1778526371097.481,1661,0,910964919,10345,5436.481,12006,10345,7097.481,5436.481
UBER,1778526371000,1778526372922,1778526372922,1779437330581,1778526376006,1778526375802.176,1922,0,910957659,3084,2880.176,5006,3084,4802.176,2880.176
UBER,1778526375000,1778526376760,1778526376760,1779437330581,1778526387944,1778526376903.341,1760,0,910953821,11184,143.341,12944,11184,1903.341,143.341
UBER,1778526376000,1778526377898,1778526377898,1779437330581,1778526387944,1778526379806.599,1898,0,910952683,10046,1908.599,11944,10046,3806.599,1908.599
UBER,1778526379000,1778526380723,1778526380723,1779437330581,1778526387944,1778526381935.045,1723,0,910949858,7221,1212.045,8944,7221,2935.045,1212.045
UBER,1778526382000,1778526382694,1778526382694,1779437330581,1778526387944,1778526384009.961,694,0,910947887,5250,1315.961,5944,5250,2009.961,1315.961
UBER,1778526384000,1778526384807,1778526384807,1779437330581,1778526387944,1778526385911.252,807,0,910945774,3137,1104.252,3944,3137,1911.252,1104.252
UBER,1778526386000,1778526386797,1778526386797,1779437330582,1778526387944,1778526387012.262,797,0,910943785,1147,215.262,1944,1147,1012.262,215.262
UBER,1778526387000,1778526388936,1778526388936,1779437330582,1778526399901,1778526389115.029,1936,0,910941646,10965,179.029,12901,10965,2115.029,179.029
UBER,1778526388000,1778526389888,1778526389888,1779437330582,1778526399901,1778526390015.727,1888,0,910940694,10013,127.727,11901,10013,2015.727,127.727
UBER,1778526389000,1778526390915,1778526390915,1779437330582,1778526399904,1778526392117.565,1915,0,910939667,8989,1202.565,10904,8989,3117.565,1202.565
UBER,1778526391000,1778526392883,1778526392883,1779437330582,1778526399904,1778526396021.024,1883,0,910937699,7021,3138.024,8904,7021,5021.024,3138.024
UBER,1778526395000,1778526396766,1778526396766,1779437330582,1778526399901,1778526396922.436,1766,0,910933816,3135,156.436,4901,3135,1922.436,156.436
UBER,1778526396000,1778526397932,1778526397932,1779437330582,1778526399904,1778526398023.259,1932,0,910932650,1972,91.259,3904,1972,2023.259,91.259
UBER,1778526397000,1778526398802,1778526398802,1779437330582,1778526399904,1778526399890.267,1802,0,910931780,1102,1088.267,2904,1102,2890.267,1088.267
UBER,1778526399000,1778526400897,1778526400897,1779437330583,1778526412010,1778526407131.001,1897,0,910929686,11113,6234.001,13010,11113,8131.001,6234.001
UBER,1778526406000,1778526407921,1778526407921,1779437330583,1778526412010,1778526409056.126,1921,0,910922662,4089,1135.126,6010,4089,3056.126,1135.126
UBER,1778526408000,1778526409896,1778526409896,1779437330583,1778526412008,1778526410034.146,1896,0,910920687,2112,138.146,4008,2112,2034.146,138.146
UBER,1778526409000,1778526410768,1778526410768,1779437330583,1778526412010,1778526410855.843,1768,0,910919815,1242,87.843,3010,1242,1855.843,87.843
UBER,1778526411000,1778526411956,1778526411956,1779437330583,1778526423851,1778526415968.658,956,0,910918627,11895,4012.658,12851,11895,4968.658,4012.658
UBER,1778526414000,1778526416898,1778526416898,1779437330584,1778526423851,1778526417039.83,2898,0,910913686,6953,141.83,9851,6953,3039.83,141.83
UBER,1778526417000,1778526417937,1778526417937,1779437330584,1778526423851,1778526419962.946,937,0,910912647,5914,2025.946,6851,5914,2962.946,2025.946
UBER,1778526419000,1778526420939,1778526420939,1779437330584,1778526436058,1778526424948.079,1939,0,910909645,15119,4009.079,17058,15119,5948.079,4009.079
UBER,1778526424000,1778526425908,1778526425908,1779437330584,1778526436058,1778526427089.209,1908,0,910904676,10150,1181.209,12058,10150,3089.209,1181.209
UBER,1778526426000,1778526427790,1778526427790,1779437330584,1778526436058,1778526433030.144,1790,0,910902794,8268,5240.144,10058,8268,7030.144,5240.144
UBER,1778526433000,1778526433781,1778526433781,1779437330585,1778526449071,1778526438961.243,781,0,910896804,15290,5180.243,16071,15290,5961.243,5180.243
UBER,1778526438000,1778526439932,1778526439932,1779437330585,1778526449071,1778526440063.361,1932,0,910890653,9139,131.361,11071,9139,2063.361,131.361
UBER,1778526439000,1778526440913,1778526440913,1779437330585,1778526449071,1778526445067.087,1913,0,910889672,8158,4154.087,10071,8158,6067.087,4154.087
UBER,1778526445000,1778526445843,1778526445843,1779437330585,1778526449071,1778526446868.993,843,0,910884742,3228,1025.993,4071,3228,1868.993,1025.993
UBER,1778526446000,1778526447915,1778526447915,1779437330585,1778526461969,1778526450172.153,1915,0,910882670,14054,2257.153,15969,14054,4172.153,2257.153
UBER,1778526450000,1778526452009,1778526452010,1779437330586,1778526461968,1778526452068.86,2009,1,910878576,9958,58.86,11968,9959,2068.86,59.86
UBER,1778526453000,1778526453878,1778526453878,1779437330586,1778526461969,1778526457078.851,878,0,910876708,8091,3200.851,8969,8091,4078.851,3200.851
UBER,1778526456000,1778526457934,1778526457934,1779437330586,1778526461969,1778526459981.158,1934,0,910872652,4035,2047.158,5969,4035,3981.158,2047.158
UBER,1778526459000,1778526460948,1778526460948,1779437330586,1778526474038,1778526462083.685,1948,0,910869638,13090,1135.685,15038,13090,3083.685,1135.685
UBER,1778526461000,1778526462912,1778526462912,1779437330586,1778526474038,1778526462985.062,1912,0,910867674,11126,73.062,13038,11126,1985.062,73.062
UBER,1778526462000,1778526463906,1778526463907,1779437330586,1778526474038,1778526463985.43,1906,1,910866679,10131,78.43,12038,10132,1985.43,79.43
UBER,1778526463000,1778526464975,1778526464976,1779437330586,1778526474038,1778526465039.93,1975,1,910865610,9062,63.93,11038,9063,2039.93,64.93
UBER,1778526465000,1778526465859,1778526465859,1779437330586,1778526474038,1778526467988.27,859,0,910864727,8179,2129.27,9038,8179,2988.27,2129.27
UBER,1778526466000,1778526468925,1778526468925,1779437330587,1778526474038,1778526468989.444,2925,0,910861662,5113,64.444,8038,5113,2989.444,64.444
UBER,1778526468000,1778526469785,1778526469786,1779437330587,1778526474038,1778526470021.68,1785,1,910860801,4252,235.68,6038,4253,2021.68,236.68
UBER,1778526469000,1778526470867,1778526470867,1779437330587,1778526474038,1778526471091.269,1867,0,910859720,3171,224.269,5038,3171,2091.269,224.269
UBER,1778526470000,1778526471901,1778526471902,1779437330587,1778526474038,1778526473094.551,1901,1,910858685,2136,1192.551,4038,2137,3094.551,1193.551
UBER,1778526472000,1778526473924,1778526473925,1779437330587,1778526486906,1778526475996.531,1924,1,910856662,12981,2071.531,14906,12982,3996.531,2072.531
UBER,1778526476000,1778526476940,1778526476940,1779437330587,1778526486906,1778526477998.525,940,0,910853647,9966,1058.525,10906,9966,1998.525,1058.525
UBER,1778526478000,1778526478909,1778526478910,1779437330587,1778526486906,1778526479900.512,909,1,910851677,7996,990.512,8906,7997,1900.512,991.512
UBER,1778526479000,1778526480920,1778526480920,1779437330587,1778526486906,1778526481201.35,1920,0,910849667,5986,281.35,7906,5986,2201.35,281.35
UBER,1778526480000,1778526482441,1778526482441,1779437330587,1778526486906,1778526482602.796,2441,0,910848146,4465,161.796,6906,4465,2602.796,161.796
UBER,1778526482000,1778526483969,1778526483969,1779437330588,1778526486906,1778526484105.447,1969,0,910846619,2937,136.447,4906,2937,2105.447,136.447
UBER,1778526483000,1778526484859,1778526484859,1779437330588,1778526486906,1778526484970.667,1859,0,910845729,2047,111.667,3906,2047,1970.667,111.667
UBER,1778526485000,1778526486926,1778526486926,1779437330588,1778526499119,1778526487007.707,1926,0,910843662,12193,81.707,14119,12193,2007.707,81.707
UBER,1778526486000,1778526487916,1778526487916,1779437330588,1778526499119,1778526488009.31,1916,0,910842672,11203,93.31,13119,11203,2009.31,93.31
UBER,1778526487000,1778526488976,1778526488976,1779437330588,1778526499119,1778526489110.675,1976,0,910841612,10143,134.675,12119,10143,2110.675,134.675
UBER,1778526489000,1778526489928,1778526489929,1779437330588,1778526499119,1778526491111.337,928,1,910840659,9190,1182.337,10119,9191,2111.337,1183.337
UBER,1778526492000,1778526493908,1778526493908,1779437330588,1778526499119,1778526494113.92,1908,0,910836680,5211,205.92,7119,5211,2113.92,205.92
UBER,1778526493000,1778526494979,1778526494979,1779437330588,1778526499119,1778526496115.975,1979,0,910835609,4140,1136.975,6119,4140,3115.975,1136.975
UBER,1778526496000,1778526496994,1778526496994,1779437330588,1778526499119,1778526497117.281,994,0,910833594,2125,123.281,3119,2125,1117.281,123.281
UBER,1778526498000,1778526498978,1778526498978,1779437330588,1778526511130,1778526500997.733,978,0,910831610,12152,2019.733,13130,12152,2997.733,2019.733
UBER,1778526501000,1778526502971,1778526502971,1779437330588,1778526511130,1778526507025.86,1971,0,910827617,8159,4054.86,10130,8159,6025.86,4054.86
UBER,1778526507000,1778526509002,1778526509002,1779437330589,1778526511130,1778526510028.726,2002,0,910821587,2128,1026.726,4130,2128,3028.726,1026.726
UBER,1778526509000,1778526510949,1778526510949,1779437330589,1778526511130,1778526511030.696,1949,0,910819640,181,81.696,2130,181,2030.696,81.696
UBER,1778526510000,1778526511989,1778526511989,1779437330589,1778526524023,1778526512056.704,1989,0,910818600,12034,67.704,14023,12034,2056.704,67.704
UBER,1778526511000,1778526512921,1778526512921,1779437330589,1778526524023,1778526513031.265,1921,0,910817668,11102,110.265,13023,11102,2031.265,110.265
UBER,1778526513000,1778526514946,1778526514947,1779437330589,1778526524023,1778526515033.824,1946,1,910815642,9076,86.824,11023,9077,2033.824,87.824
UBER,1778526515000,1778526516930,1778526516930,1779437330589,1778526524023,1778526517036.359,1930,0,910813659,7093,106.359,9023,7093,2036.359,106.359
UBER,1778526516000,1778526517974,1778526517974,1779437330589,1778526524023,1778526518085.645,1974,0,910812615,6049,111.645,8023,6049,2085.645,111.645
UBER,1778526520000,1778526520997,1778526520997,1779437330589,1778526524023,1778526522040.424,997,0,910809592,3026,1043.424,4023,3026,2040.424,1043.424
UBER,1778526521000,1778526522949,1778526522949,1779437330589,1778526524023,1778526523076.869,1949,0,910807640,1074,127.869,3023,1074,2076.869,127.869
UBER,1778526522000,1778526523945,1778526523946,1779437330590,1778526536957,1778526527144.67,1945,1,910806644,13011,3198.67,14957,13012,5144.67,3199.67
UBER,1778526527000,1778526527936,1778526527936,1779437330590,1778526536957,1778526529055.693,936,0,910802654,9021,1119.693,9957,9021,2055.693,1119.693
UBER,1778526529000,1778526529942,1778526529942,1779437330590,1778526536957,1778526531048.646,942,0,910800648,7015,1106.646,7957,7015,2048.646,1106.646
UBER,1778526530000,1778526531954,1778526531954,1779437330590,1778526536957,1778526534052.246,1954,0,910798636,5003,2098.246,6957,5003,4052.246,2098.246
UBER,1778526533000,1778526534977,1778526534977,1779437330590,1778526549067,1778526538054.881,1977,0,910795613,14090,3077.881,16067,14090,5054.881,3077.881
UBER,1778526537000,1778526538960,1778526538960,1779437330590,1778526549067,1778526540056.844,1960,0,910791630,10107,1096.844,12067,10107,3056.844,1096.844
UBER,1778526539000,1778526540948,1778526540948,1779437330591,1778526549067,1778526542258.811,1948,0,910789643,8119,1310.811,10067,8119,3258.811,1310.811
UBER,1778526541000,1778526542939,1778526542940,1779437330591,1778526549067,1778526543060.164,1939,1,910787651,6127,120.164,8067,6128,2060.164,121.164
UBER,1778526542000,1778526543983,1778526543983,1779437330591,1778526549067,1778526546062.199,1983,0,910786608,5084,2079.199,7067,5084,4062.199,2079.199
UBER,1778526546000,1778526547998,1778526547998,1779437330591,1778526561880,1778526549999.625,1998,0,910782593,13882,2001.625,15880,13882,3999.625,2001.625
UBER,1778526550000,1778526550987,1778526550987,1779437330591,1778526561880,1778526551266.629,987,0,910779604,10893,279.629,11880,10893,1266.629,279.629
UBER,1778526551000,1778526552887,1778526552887,1779437330591,1778526561880,1778526555170.184,1887,0,910777704,8993,2283.184,10880,8993,4170.184,2283.184
UBER,1778526554000,1778526555937,1778526555938,1779437330591,1778526561880,1778526560074.611,1937,1,910774653,5942,4136.611,7880,5943,6074.611,4137.611
UBER,1778526559000,1778526560926,1778526560926,1779437330592,1778526561880,1778526561076.059,1926,0,910769666,954,150.059,2880,954,2076.059,150.059
UBER,1778526560000,1778526561855,1778526561855,1779437330592,1778526573991,1778526561976.218,1855,0,910768737,12136,121.218,13991,12136,1976.218,121.218
UBER,1778526561000,1778526562871,1778526562871,1779437330592,1778526573991,1778526562978.24,1871,0,910767721,11120,107.24,12991,11120,1978.24,107.24
UBER,1778526562000,1778526563968,1778526563968,1779437330592,1778526573991,1778526564031.467,1968,0,910766624,10023,63.467,11991,10023,2031.467,63.467
UBER,1778526563000,1778526565091,1778526565091,1779437330592,1778526573991,1778526565180.25,2091,0,910765501,8900,89.25,10991,8900,2180.25,89.25
UBER,1778526566000,1778526566986,1778526566986,1779437330592,1778526573991,1778526568081.934,986,0,910763606,7005,1095.934,7991,7005,2081.934,1095.934
UBER,1778526567000,1778526569033,1778526569033,1779437330592,1778526573991,1778526569183.871,2033,0,910761559,4958,150.871,6991,4958,2183.871,150.871
UBER,1778526570000,1778526572037,1778526572037,1779437330592,1778526573991,1778526573286.836,2037,0,910758555,1954,1249.836,3991,1954,3286.836,1249.836
UBER,1778526572000,1778526573927,1778526573927,1779437330592,1778526586065,1778526574087.116,1927,0,910756665,12138,160.116,14065,12138,2087.116,160.116
UBER,1778526573000,1778526574996,1778526574996,1779437330592,1778526586065,1778526575288.533,1996,0,910755596,11069,292.533,13065,11069,2288.533,292.533
UBER,1778526574000,1778526575991,1778526575991,1779437330592,1778526586065,1778526576089.507,1991,0,910754601,10074,98.507,12065,10074,2089.507,98.507
UBER,1778526575000,1778526576920,1778526576920,1779437330592,1778526586065,1778526580092.939,1920,0,910753672,9145,3172.939,11065,9145,5092.939,3172.939
UBER,1778526580000,1778526582077,1778526582077,1779437330593,1778526598119,1778526590203.003,2077,0,910748516,16042,8126.003,18119,16042,10203.003,8126.003
UBER,1778526590000,1778526591967,1778526591967,1779437330593,1778526598119,1778526592104.904,1967,0,910738626,6152,137.904,8119,6152,2104.904,137.904
UBER,1778526591000,1778526593080,1778526593081,1779437330593,1778526598119,1778526593206.534,2080,1,910737512,5038,125.534,7119,5039,2206.534,126.534
UBER,1778526592000,1778526594051,1778526594052,1779437330593,1778526598119,1778526594306.709,2051,1,910736541,4067,254.709,6119,4068,2306.709,255.709
UBER,1778526593000,1778526595063,1778526595063,1779437330593,1778526598119,1778526595207.909,2063,0,910735530,3056,144.909,5119,3056,2207.909,144.909
UBER,1778526595000,1778526597067,1778526597067,1779437330593,1778526598119,1778526597309.847,2067,0,910733526,1052,242.847,3119,1052,2309.847,242.847
UBER,1778526597000,1778526598051,1778526598052,1779437330594,1778526609129,1778526600312.858,1051,1,910732542,11077,2260.858,12129,11078,3312.858,2261.858
UBER,1778526600000,1778526601146,1778526601146,1779437330594,1778526609129,1778526604016.363,1146,0,910729448,7983,2870.363,9129,7983,4016.363,2870.363
UBER,1778526603000,1778526604078,1778526604078,1779437330594,1778526621043,1778526611424.665,1078,0,910726516,16965,7346.665,18043,16965,8424.665,7346.665
UBER,1778526610000,1778526612030,1778526612030,1779437330594,1778526621043,1778526613226.34,2030,0,910718564,9013,1196.34,11043,9013,3226.34,1196.34
UBER,1778526614000,1778526615264,1778526615264,1779437330595,1778526621043,1778526616318.095,1264,0,910715331,5779,1054.095,7043,5779,2318.095,1054.095
UBER,1778526615000,1778526617304,1778526617304,1779437330595,1778526621043,1778526618231.84,2304,0,910713291,3739,927.84,6043,3739,3231.84,927.84
UBER,1778526618000,1778526619999,1778526619999,1779437330595,1778526621043,1778526620132.983,1999,0,910710596,1044,133.983,3043,1044,2132.983,133.983
UBER,1778526620000,1778526621176,1778526621176,1779437330595,1778526632127,1778526622255.263,1176,0,910709419,10951,1079.263,12127,10951,2255.263,1079.263
UBER,1778526622000,1778526623207,1778526623207,1779437330595,1778526632127,1778526626139.475,1207,0,910707388,8920,2932.475,10127,8920,4139.475,2932.475
UBER,1778526625000,1778526627036,1778526627036,1779437330595,1778526644219,1778526633246.557,2036,0,910703559,17183,6210.557,19219,17183,8246.557,6210.557
UBER,1778526633000,1778526634079,1778526634079,1779437330596,1778526644218,1778526634346.716,1079,0,910696517,10139,267.716,11218,10139,1346.716,267.716
UBER,1778526634000,1778526635069,1778526635069,1779437330596,1778526644219,1778526636148.714,1069,0,910695527,9150,1079.714,10219,9150,2148.714,1079.714
UBER,1778526635000,1778526637043,1778526637043,1779437330596,1778526644219,1778526638150.734,2043,0,910693553,7176,1107.734,9219,7176,3150.734,1107.734
UBER,1778526638000,1778526640090,1778526640090,1779437330596,1778526644219,1778526640252.294,2090,0,910690506,4129,162.294,6219,4129,2252.294,162.294
UBER,1778526639000,1778526641076,1778526641076,1779437330596,1778526644218,1778526641153.322,2076,0,910689520,3142,77.322,5218,3142,2153.322,77.322
UBER,1778526641000,1778526642061,1778526642061,1779437330596,1778526644219,1778526643156.025,1061,0,910688535,2158,1095.025,3219,2158,2156.025,1095.025
UBER,1778526644000,1778526645081,1778526645081,1779437330596,1778526657177,1778526647258.853,1081,0,910685515,12096,2177.853,13177,12096,3258.853,2177.853
UBER,1778526653000,1778526654010,1778526654010,1779437330596,1778526657177,1778526655465.839,1010,0,910676586,3167,1455.839,4177,3167,2465.839,1455.839
UBER,1778526655000,1778526656001,1778526656001,1779437330597,1778526657177,1778526656066.856,1001,0,910674596,1176,65.856,2177,1176,1066.856,65.856
UBER,1778526657000,1778526658052,1778526658052,1779437330597,1778526668894,1778526658169.088,1052,0,910672545,10842,117.088,11894,10842,1169.088,117.088
UBER,1778526658000,1778526660062,1778526660063,1779437330597,1778526668894,1778526660172.056,2062,1,910670534,8831,109.056,10894,8832,2172.056,110.056
UBER,1778526660000,1778526662255,1778526662256,1779437330597,1778526668894,1778526662375.106,2255,1,910668341,6638,119.106,8894,6639,2375.106,120.106
UBER,1778526662000,1778526663029,1778526663029,1779437330597,1778526668894,1778526664176.327,1029,0,910667568,5865,1147.327,6894,5865,2176.327,1147.327
UBER,1778526663000,1778526665081,1778526665081,1779437330597,1778526668894,1778526665178.616,2081,0,910665516,3813,97.616,5894,3813,2178.616,97.616
UBER,1778526665000,1778526666122,1778526666122,1779437330597,1778526668894,1778526668281.288,1122,0,910664475,2772,2159.288,3894,2772,3281.288,2159.288
UBER,1778526668000,1778526669039,1778526669040,1779437330597,1778526681005,1778526669182.167,1039,1,910661557,11965,142.167,13005,11966,1182.167,143.167
UBER,1778526672000,1778526674070,1778526674071,1779437330597,1778526681008,1778526676288.722,2070,1,910656526,6937,2217.722,9008,6938,4288.722,2218.722
UBER,1778526675000,1778526677212,1778526677212,1779437330598,1778526681008,1778526677389.617,2212,0,910653386,3796,177.617,6008,3796,2389.617,177.617
UBER,1778526677000,1778526678046,1778526678046,1779437330598,1778526681008,1778526680132.131,1046,0,910652552,2962,2086.131,4008,2962,3132.131,2086.131
UBER,1778526679000,1778526681023,1778526681023,1779437330598,1778526693321,1778526681093.311,2023,0,910649575,12298,70.311,14321,12298,2093.311,70.311
UBER,1778526681000,1778526682116,1778526682117,1779437330598,1778526693321,1778526682294.901,1116,1,910648481,11204,177.901,12321,11205,1294.901,178.901
UBER,1778526682000,1778526683091,1778526683091,1779437330598,1778526693321,1778526686299.048,1091,0,910647507,10230,3208.048,11321,10230,4299.048,3208.048
UBER,1778526685000,1778526687209,1778526687209,1779437330598,1778526693321,1778526688300.821,2209,0,910643389,6112,1091.821,8321,6112,3300.821,1091.821
UBER,1778526687000,1778526689082,1778526689082,1779437330598,1778526693321,1778526690202.869,2082,0,910641516,4239,1120.869,6321,4239,3202.869,1120.869
UBER,1778526689000,1778526691113,1778526691114,1779437330598,1778526706233,1778526693305.993,2113,1,910639484,15119,2191.993,17233,15120,4305.993,2192.993
UBER,1778526694000,1778526695146,1778526695146,1779437330599,1778526706233,1778526696408.811,1146,0,910635453,11087,1262.811,12233,11087,2408.811,1262.811
UBER,1778526696000,1778526697070,1778526697070,1779437330599,1778526706233,1778526698189.504,1070,0,910633529,9163,1119.504,10233,9163,2189.504,1119.504
UBER,1778526697000,1778526699228,1778526699228,1779437330599,1778526706233,1778526701414.513,2228,0,910631371,7005,2186.513,9233,7005,4414.513,2186.513
UBER,1778526701000,1778526702081,1778526702081,1779437330599,1778526718343,1778526707420.491,1081,0,910628518,16262,5339.491,17343,16262,6420.491,5339.491
UBER,1778526707000,1778526708242,1778526708242,1779437330600,1778526718343,1778526712367.994,1242,0,910622358,10101,4125.994,11343,10101,5367.994,4125.994
UBER,1778526711000,1778526713093,1778526713093,1779437330600,1778526718343,1778526713326.952,2093,0,910617507,5250,233.952,7343,5250,2326.952,233.952
UBER,1778526713000,1778526714217,1778526714217,1779437330600,1778526718343,1778526714328.397,1217,0,910616383,4126,111.397,5343,4126,1328.397,111.397
UBER,1778526714000,1778526715072,1778526715072,1779437330600,1778526718343,1778526717430.537,1072,0,910615528,3271,2358.537,4343,3271,3430.537,2358.537
UBER,1778526717000,1778526718246,1778526718246,1779437330600,1778526730271,1778526720333.832,1246,0,910612354,12025,2087.832,13271,12025,3333.832,2087.832
UBER,1778526720000,1778526721179,1778526721179,1779437330600,1778526742269,1778526734245.055,1179,0,910609421,21090,13066.055,22269,21090,14245.055,13066.055
UBER,1778526734000,1778526735145,1778526735145,1779437330601,1778526754282,1778526743214.734,1145,0,910595456,19137,8069.734,20282,19137,9214.734,8069.734
UBER,1778526742000,1778526744086,1778526744086,1779437330602,1778526754282,1778526748461.62,2086,0,910586516,10196,4375.62,12282,10196,6461.62,4375.62
UBER,1778526747000,1778526749143,1778526749143,1779437330602,1778526754282,1778526749362.283,2143,0,910581459,5139,219.283,7282,5139,2362.283,219.283
UBER,1778526750000,1778526751303,1778526751303,1779437330602,1778526754282,1778526752365.462,1303,0,910579299,2979,1062.462,4282,2979,2365.462,1062.462
UBER,1778526751000,1778526753103,1778526753104,1779437330602,1778526754282,1778526753166.613,2103,1,910577498,1178,62.613,3282,1179,2166.613,63.613
UBER,1778526753000,1778526755165,1778526755165,1779437330602,1778526767196,1778526756168.917,2165,0,910575437,12031,1003.917,14196,12031,3168.917,1003.917
UBER,1778526756000,1778526757114,1778526757115,1779437330602,1778526767196,1778526759272.709,1114,1,910573487,10081,2157.709,11196,10082,3272.709,2158.709
UBER,1778526759000,1778526760261,1778526760261,1779437330602,1778526767196,1778526761374.445,1261,0,910570341,6935,1113.445,8196,6935,2374.445,1113.445
UBER,1778526761000,1778526763104,1778526763105,1779437330603,1778526767196,1778526763173.212,2104,1,910567498,4091,68.212,6196,4092,2173.212,69.212
UBER,1778526762000,1778526764135,1778526764135,1779437330603,1778526767195,1778526764280.995,2135,0,910566468,3060,145.995,5195,3060,2280.995,145.995
UBER,1778526763000,1778526765076,1778526765076,1779437330603,1778526767196,1778526766382.751,2076,0,910565527,2120,1306.751,4196,2120,3382.751,1306.751
UBER,1778526765000,1778526767250,1778526767250,1779437330603,1778526780010,1778526773208.096,2250,0,910563353,12760,5958.096,15010,12760,8208.096,5958.096
UBER,1778526772000,1778526774131,1778526774131,1779437330603,1778526780010,1778526774255.401,2131,0,910556472,5879,124.401,8010,5879,2255.401,124.401
UBER,1778526773000,1778526775173,1778526775173,1779437330603,1778526780010,1778526777294.513,2173,0,910555430,4837,2121.513,7010,4837,4294.513,2121.513
UBER,1778526777000,1778526778171,1778526778171,1779437330604,1778526780010,1778526778296.187,1171,0,910552433,1839,125.187,3010,1839,1296.187,125.187
UBER,1778526778000,1778526780299,1778526780299,1779437330604,1778526792322,1778526780398.451,2299,0,910550305,12023,99.451,14322,12023,2398.451,99.451
UBER,1778526780000,1778526781198,1778526781199,1779437330604,1778526792322,1778526782496.279,1198,1,910549405,11123,1297.279,12322,11124,2496.279,1298.279
UBER,1778526782000,1778526783184,1778526783184,1779437330604,1778526792322,1778526784502.356,1184,0,910547420,9138,1318.356,10322,9138,2502.356,1318.356
UBER,1778526785000,1778526787140,1778526787140,1779437330604,1778526792322,1778526789307.919,2140,0,910543464,5182,2167.919,7322,5182,4307.919,2167.919
UBER,1778526788000,1778526790187,1778526790187,1779437330604,1778526792322,1778526790308.615,2187,0,910540417,2135,121.615,4322,2135,2308.615,121.615
UBER,1778526790000,1778526792232,1778526792232,1779437330604,1778526805136,1778526792311.964,2232,0,910538372,12904,79.964,15136,12904,2311.964,79.964
UBER,1778526793000,1778526794167,1778526794167,1779437330604,1778526805133,1778526794312.255,1167,0,910536437,10966,145.255,12133,10966,1312.255,145.255
UBER,1778526794000,1778526796363,1778526796363,1779437330604,1778526805136,1778526796515.108,2363,0,910534241,8773,152.108,11136,8773,2515.108,152.108
UBER,1778526795000,1778526797177,1778526797177,1779437330604,1778526805136,1778526799718.94,2177,0,910533427,7959,2541.94,10136,7959,4718.94,2541.94
UBER,1778526798000,1778526800184,1778526800185,1779437330605,1778526805136,1778526800418.758,2184,1,910530420,4951,233.758,7136,4952,2418.758,234.758
UBER,1778526799000,1778526801176,1778526801176,1779437330605,1778526805136,1778526802320.536,2176,0,910529429,3960,1144.536,6136,3960,3320.536,1144.536
UBER,1778526802000,1778526803254,1778526803254,1779437330605,1778526805136,1778526803422.66,1254,0,910527351,1882,168.66,3136,1882,1422.66,168.66
UBER,1778526803000,1778526804205,1778526804205,1779437330605,1778526816066,1778526805224.28,1205,0,910526400,11861,1019.28,13066,11861,2224.28,1019.28
UBER,1778526805000,1778526806280,1778526806280,1779437330605,1778526816066,1778526809456.142,1280,0,910524325,9786,3176.142,11066,9786,4456.142,3176.142
UBER,1778526808000,1778526809342,1778526809342,1779437330605,1778526816066,1778526810429.428,1342,0,910521263,6724,1087.428,8066,6724,2429.428,1087.428
UBER,1778526810000,1778526811208,1778526811208,1779437330605,1778526816066,1778526813332.362,1208,0,910519397,4858,2124.362,6066,4858,3332.362,2124.362
UBER,1778526813000,1778526814220,1778526814220,1779437330606,1778526816045,1778526814433.954,1220,0,910516386,1825,213.954,3045,1825,1433.954,213.954
UBER,1778526814000,1778526815201,1778526815201,1779437330606,1778526828158,1778526823242.514,1201,0,910515405,12957,8041.514,14158,12957,9242.514,8041.514
UBER,1778526823000,1778526824228,1778526824228,1779437330606,1778526828158,1778526824291.216,1228,0,910506378,3930,63.216,5158,3930,1291.216,63.216
UBER,1778526825000,1778526826365,1778526826365,1779437330606,1778526828158,1778526827444.301,1365,0,910504241,1793,1079.301,3158,1793,2444.301,1079.301
UBER,1778526827000,1778526828241,1778526828241,1779437330606,1778526840569,1778526828347.258,1241,0,910502365,12328,106.258,13569,12328,1347.258,106.258
UBER,1778526828000,1778526830196,1778526830196,1779437330607,1778526840569,1778526830349.147,2196,0,910500411,10373,153.147,12569,10373,2349.147,153.147
UBER,1778526829000,1778526831207,1778526831207,1779437330607,1778526840569,1778526833353.068,2207,0,910499400,9362,2146.068,11569,9362,4353.068,2146.068
UBER,1778526833000,1778526834210,1778526834210,1779437330607,1778526840569,1778526840359.482,1210,0,910496397,6359,6149.482,7569,6359,7359.482,6149.482
UBER,1778526839000,1778526841452,1778526841452,1779437330607,1778526853286,1778526842562.249,2452,0,910489155,11834,1110.249,14286,11834,3562.249,1110.249
UBER,1778526841000,1778526843195,1778526843195,1779437330607,1778526853286,1778526844364.694,2195,0,910487412,10091,1169.694,12286,10091,3364.694,1169.694
UBER,1778526844000,1778526845181,1778526845182,1779437330607,1778526853286,1778526845265.376,1181,1,910485425,8104,83.376,9286,8105,1265.376,84.376
UBER,1778526845000,1778526846306,1778526846306,1779437330607,1778526853281,1778526846549.493,1306,0,910484301,6975,243.493,8281,6975,1549.493,243.493
UBER,1778526846000,1778526847211,1778526847212,1779437330608,1778526853286,1778526848362.971,1211,1,910483396,6074,1150.971,7286,6075,2362.971,1151.971
UBER,1778526848000,1778526849387,1778526849387,1779437330608,1778526853286,1778526850470.264,1387,0,910481221,3899,1083.264,5286,3899,2470.264,1083.264
UBER,1778526850000,1778526852266,1778526852266,1779437330608,1778526865998,1778526853273.271,2266,0,910478342,13732,1007.271,15998,13732,3273.271,1007.271
UBER,1778526852000,1778526854325,1778526854325,1779437330608,1778526865998,1778526854384.654,2325,0,910476283,11673,59.654,13998,11673,2384.654,59.654
UBER,1778526854000,1778526856313,1778526856313,1779437330608,1778526865998,1778526858378.905,2313,0,910474295,9685,2065.905,11998,9685,4378.905,2065.905
UBER,1778526859000,1778526861429,1778526861429,1779437330608,1778526865998,1778526865375.84,2429,0,910469179,4569,3946.84,6998,4569,6375.84,3946.84
UBER,1778526865000,1778526866272,1778526866272,1779437330608,1778526878406,1778526869591.206,1272,0,910464336,12134,3319.206,13406,12134,4591.206,3319.206
UBER,1778526869000,1778526870281,1778526870281,1779437330609,1778526878406,1778526871592.032,1281,0,910460328,8125,1311.032,9406,8125,2592.032,1311.032
UBER,1778526872000,1778526873251,1778526873251,1779437330609,1778526878406,1778526874495.389,1251,0,910457358,5155,1244.389,6406,5155,2495.389,1244.389
UBER,1778526874000,1778526876311,1778526876311,1779437330609,1778526878406,1778526876396.723,2311,0,910454298,2095,85.723,4406,2095,2396.723,85.723
UBER,1778526875000,1778526876405,1778526876405,1779437330609,1778526878406,1778526878335.698,1405,0,910454204,2001,1930.698,3406,2001,3335.698,1930.698
UBER,1778526878000,1778526879320,1778526879320,1779437330609,1778526890360,1778526881402.683,1320,0,910451289,11040,2082.683,12360,11040,3402.683,2082.683
UBER,1778526880000,1778526882252,1778526882252,1779437330609,1778526890360,1778526882348.514,2252,0,910448357,8108,96.514,10360,8108,2348.514,96.514
UBER,1778526883000,1778526884216,1778526884216,1779437330609,1778526890360,1778526885407.511,1216,0,910446393,6144,1191.511,7360,6144,2407.511,1191.511
UBER,1778526884000,1778526886343,1778526886343,1779437330609,1778526890360,1778526886407.839,2343,0,910444266,4017,64.839,6360,4017,2407.839,64.839
UBER,1778526886000,1778526887349,1778526887349,1779437330610,1778526890360,1778526889367.834,1349,0,910443261,3011,2018.834,4360,3011,3367.834,2018.834
UBER,1778526888000,1778526890255,1778526890255,1779437330610,1778526890360,1778526890312.756,2255,0,910440355,105,57.756,2360,105,2312.756,57.756
UBER,1778526890000,1778526891255,1778526891255,1779437330610,1778526902434,1778526892414.965,1255,0,910439355,11179,1159.965,12434,11179,2414.965,1159.965
UBER,1778526892000,1778526893271,1778526893271,1779437330610,1778526902434,1778526897519.955,1271,0,910437339,9163,4248.955,10434,9163,5519.955,4248.955
UBER,1778526898000,1778526899263,1778526899263,1779437330610,1778526902433,1778526899521.988,1263,0,910431347,3170,258.988,4433,3170,1521.988,258.988
UBER,1778526899000,1778526900290,1778526900291,1779437330610,1778526902434,1778526901724.395,1290,1,910430319,2143,1433.395,3434,2144,2724.395,1434.395
UBER,1778526901000,1778526902507,1778526902507,1779437330611,1778526914047,1778526908331.414,1507,0,910428104,11540,5824.414,13047,11540,7331.414,5824.414
UBER,1778526908000,1778526909488,1778526909488,1779437330611,1778526914047,1778526911334.267,1488,0,910421123,4559,1846.267,6047,4559,3334.267,1846.267
UBER,1778526911000,1778526912307,1778526912307,1779437330611,1778526926263,1778526915339.275,1307,0,910418304,13956,3032.275,15263,13956,4339.275,3032.275
UBER,1778526915000,1778526916355,1778526916355,1779437330611,1778526926263,1778526917540.688,1355,0,910414256,9908,1185.688,11263,9908,2540.688,1185.688
UBER,1778526916000,1778526918336,1778526918336,1779437330612,1778526926263,1778526918542.307,2336,0,910412276,7927,206.307,10263,7927,2542.307,206.307
UBER,1778526918000,1778526920243,1778526920243,1779437330612,1778526926263,1778526920343.927,2243,0,910410369,6020,100.927,8263,6020,2343.927,100.927
UBER,1778526920000,1778526922263,1778526922263,1779437330612,1778526926159,1778526924347.625,2263,0,910408349,3896,2084.625,6159,3896,4347.625,2084.625
UBER,1778526924000,1778526926220,1778526926220,1779437330612,1778526938176,1778526929453.991,2220,0,910404392,11956,3233.991,14176,11956,5453.991,3233.991
UBER,1778526929000,1778526930283,1778526930283,1779437330612,1778526938176,1778526932456.525,1283,0,910400329,7893,2173.525,9176,7893,3456.525,2173.525
UBER,1778526932000,1778526933364,1778526933364,1779437330612,1778526938176,1778526934658.71,1364,0,910397248,4812,1294.71,6176,4812,2658.71,1294.71
UBER,1778526934000,1778526935357,1778526935357,1779437330612,1778526949584,1778526940565.035,1357,0,910395255,14227,5208.035,15584,14227,6565.035,5208.035
UBER,1778526940000,1778526941298,1778526941298,1779437330613,1778526949583,1778526941366.631,1298,0,910389315,8285,68.631,9583,8285,1366.631,68.631
UBER,1778526941000,1778526942240,1778526942240,1779437330613,1778526949584,1778526949374.52,1240,0,910388373,7344,7134.52,8584,7344,8374.52,7134.52
UBER,1778526948000,1778526950511,1778526950511,1779437330613,1778526961615,1778526951677.365,2511,0,910380102,11104,1166.365,13615,11104,3677.365,1166.365
UBER,1778526951000,1778526952464,1778526952464,1779437330613,1778526961615,1778526954579.569,1464,0,910378149,9151,2115.569,10615,9151,3579.569,2115.569
UBER,1778526955000,1778526956383,1778526956383,1779437330614,1778526961615,1778526956445.777,1383,0,910374231,5232,62.777,6615,5232,1445.777,62.777
UBER,1778526958000,1778526960271,1778526960271,1779437330614,1778526961615,1778526960385.328,2271,0,910370343,1344,114.328,3615,1344,2385.328,114.328
UBER,1778526960000,1778526961371,1778526961371,1779437330614,1778526961615,1778526961486.189,1371,0,910369243,244,115.189,1615,244,1486.189,115.189
UBER,1778526961000,1778526962350,1778526962350,1779437330614,1778526973425,1778526969500.657,1350,0,910368264,11075,7150.657,12425,11075,8500.657,7150.657
UBER,1778526969000,1778526970361,1778526970361,1779437330614,1778526973425,1778526971417.832,1361,0,910360253,3064,1056.832,4425,3064,2417.832,1056.832
UBER,1778526970000,1778526972426,1778526972427,1779437330615,1778526973409,1778526972603.053,2426,1,910358188,982,176.053,3409,983,2603.053,177.053
UBER,1778526972000,1778526973358,1778526973359,1779437330615,1778526985625,1778526973503.915,1358,1,910357256,12266,144.915,13625,12267,1503.915,145.915
UBER,1778526973000,1778526975504,1778526975505,1779437330615,1778526985625,1778526975560.748,2504,1,910355110,10120,55.748,12625,10121,2560.748,56.748
UBER,1778526975000,1778526976396,1778526976396,1779437330615,1778526985621,1778526976473.982,1396,0,910354219,9225,77.982,10621,9225,1473.982,77.982
UBER,1778526977000,1778526978387,1778526978387,1779437330615,1778526985625,1778526978609.149,1387,0,910352228,7238,222.149,8625,7238,1609.149,222.149
UBER,1778526978000,1778526979313,1778526979313,1779437330615,1778526985625,1778526979409.707,1313,0,910351302,6312,96.707,7625,6312,1409.707,96.707
UBER,1778526979000,1778526980303,1778526980303,1779437330615,1778526985621,1778526980411.1,1303,0,910350312,5318,108.1,6621,5318,1411.1,108.1
UBER,1778526980000,1778526981399,1778526981399,1779437330615,1778526985625,1778526982412.37,1399,0,910349216,4226,1013.37,5625,4226,2412.37,1013.37
UBER,1778526982000,1778526984282,1778526984282,1779437330615,1778526985625,1778526984414.506,2282,0,910346333,1343,132.506,3625,1343,2414.506,132.506
UBER,1778526985000,1778526986297,1778526986297,1779437330615,1778526998232,1778526986416.732,1297,0,910344318,11935,119.732,13232,11935,1416.732,119.732
UBER,1778526986000,1778526987409,1778526987409,1779437330615,1778526998232,1778526988520.696,1409,0,910343206,10823,1111.696,12232,10823,2520.696,1111.696
UBER,1778526987000,1778526989387,1778526989387,1779437330615,1778526998232,1778526993525.047,2387,0,910341228,8845,4138.047,11232,8845,6525.047,4138.047
UBER,1778526993000,1778526994604,1778526994604,1779437330616,1778527010454,1778526999381.827,1604,0,910336012,15850,4777.827,17454,15850,6381.827,4777.827
UBER,1778526999000,1778527000409,1778527000409,1779437330616,1778527010454,1778527003458.183,1409,0,910330207,10045,3049.183,11454,10045,4458.183,3049.183
UBER,1778527003000,1778527004451,1778527004452,1779437330616,1778527010454,1778527005641.573,1451,1,910326164,6002,1189.573,7454,6003,2641.573,1190.573
UBER,1778527005000,1778527006456,1778527006456,1779437330616,1778527010454,1778527007443.627,1456,0,910324160,3998,987.627,5454,3998,2443.627,987.627
UBER,1778527006000,1778527008415,1778527008415,1779437330616,1778527010454,1778527008644.645,2415,0,910322201,2039,229.645,4454,2039,2644.645,229.645
UBER,1778527008000,1778527009468,1778527009468,1779437330617,1778527010454,1778527009545.586,1468,0,910321149,986,77.586,2454,986,1545.586,77.586
UBER,1778527009000,1778527010335,1778527010335,1779437330617,1778527022768,1778527011548.314,1335,0,910320282,12433,1213.314,13768,12433,2548.314,1213.314
UBER,1778527012000,1778527013504,1778527013504,1779437330617,1778527022768,1778527014451.231,1504,0,910317113,9264,947.231,10768,9264,2451.231,947.231
UBER,1778527014000,1778527015524,1778527015524,1779437330617,1778527022768,1778527015652.367,1524,0,910315093,7244,128.367,8768,7244,1652.367,128.367
UBER,1778527015000,1778527017352,1778527017352,1779437330617,1778527022768,1778527017553.887,2352,0,910313265,5416,201.887,7768,5416,2553.887,201.887
UBER,1778527017000,1778527018503,1778527018503,1779437330617,1778527022768,1778527018655.538,1503,0,910312114,4265,152.538,5768,4265,1655.538,152.538
UBER,1778527019000,1778527020381,1778527020381,1779437330617,1778527022768,1778527021658.001,1381,0,910310236,2387,1277.001,3768,2387,2658.001,1277.001
UBER,1778527021000,1778527022719,1778527022719,1779437330617,1778527034583,1778527022859.487,1719,0,910307898,11864,140.487,13583,11864,1859.487,140.487
UBER,1778527022000,1778527023523,1778527023523,1779437330617,1778527034583,1778527024561.043,1523,0,910307094,11060,1038.043,12583,11060,2561.043,1038.043
UBER,1778527025000,1778527026397,1778527026397,1779437330617,1778527034583,1778527027450.137,1397,0,910304220,8186,1053.137,9583,8186,2450.137,1053.137
UBER,1778527026000,1778527028422,1778527028422,1779437330618,1778527034583,1778527029465.764,2422,0,910302196,6161,1043.764,8583,6161,3465.764,1043.764
UBER,1778527029000,1778527030542,1778527030542,1779437330618,1778527034583,1778527031458.471,1542,0,910300076,4041,916.471,5583,4041,2458.471,916.471
UBER,1778527031000,1778527032458,1778527032458,1779437330618,1778527034583,1778527032569.731,1458,0,910298160,2125,111.731,3583,2125,1569.731,111.731
UBER,1778527032000,1778527033400,1778527033400,1779437330618,1778527047295,1778527034572.913,1400,0,910297218,13895,1172.913,15295,13895,2572.913,1172.913
UBER,1778527035000,1778527036605,1778527036605,1779437330618,1778527047298,1778527038438.564,1605,0,910294013,10693,1833.564,12298,10693,3438.564,1833.564
UBER,1778527038000,1778527039405,1778527039406,1779437330618,1778527047298,1778527045486.877,1405,1,910291212,7892,6080.877,9298,7893,7486.877,6081.877
UBER,1778527046000,1778527047607,1778527047608,1779437330618,1778527059010,1778527048490.198,1607,1,910283010,11402,882.198,13010,11403,2490.198,883.198
UBER,1778527048000,1778527049439,1778527049439,1779437330619,1778527059010,1778527049590.378,1439,0,910281180,9571,151.378,11010,9571,1590.378,151.378
UBER,1778527049000,1778527050410,1778527050410,1779437330619,1778527059010,1778527052694.006,1410,0,910280209,8600,2284.006,10010,8600,3694.006,2284.006
UBER,1778527052000,1778527053606,1778527053606,1779437330619,1778527059010,1778527053695.752,1606,0,910277013,5404,89.752,7010,5404,1695.752,89.752
UBER,1778527053000,1778527054438,1778527054438,1779437330619,1778527059010,1778527057798.549,1438,0,910276181,4572,3360.549,6010,4572,4798.549,3360.549
UBER,1778527057000,1778527058440,1778527058441,1779437330619,1778527071120,1778527060701.587,1440,1,910272178,12679,2260.587,14120,12680,3701.587,2261.587
UBER,1778527060000,1778527061429,1778527061429,1779437330619,1778527071120,1778527063505.084,1429,0,910269190,9691,2076.084,11120,9691,3505.084,2076.084
UBER,1778527062000,1778527064421,1778527064421,1779437330620,1778527071120,1778527064506.022,2421,0,910266199,6699,85.022,9120,6699,2506.022,85.022
UBER,1778527064000,1778527065478,1778527065478,1779437330620,1778527071119,1778527065707.246,1478,0,910265142,5641,229.246,7119,5641,1707.246,229.246
UBER,1778527065000,1778527066550,1778527066550,1779437330620,1778527071120,1778527069711.332,1550,0,910264070,4570,3161.332,6120,4570,4711.332,3161.332
UBER,1778527069000,1778527070503,1778527070503,1779437330620,1778527071120,1778527070612.252,1503,0,910260117,617,109.252,2120,617,1612.252,109.252
UBER,1778527070000,1778527071384,1778527071384,1779437330620,1778527083733,1778527076619.331,1384,0,910259236,12349,5235.331,13733,12349,6619.331,5235.331
UBER,1778527077000,1778527078646,1778527078646,1779437330620,1778527083733,1778527078720.941,1646,0,910251974,5087,74.941,6733,5087,1720.941,74.941
UBER,1778527078000,1778527079452,1778527079452,1779437330620,1778527083733,1778527082724.402,1452,0,910251168,4281,3272.402,5733,4281,4724.402,3272.402
UBER,1778527083000,1778527084503,1778527084503,1779437330621,1778527096143,1778527085728.204,1503,0,910246118,11640,1225.204,13143,11640,2728.204,1225.204
UBER,1778527085000,1778527086446,1778527086446,1779437330621,1778527096143,1778527088730.467,1446,0,910244175,9697,2284.467,11143,9697,3730.467,2284.467
UBER,1778527089000,1778527090438,1778527090438,1779437330621,1778527096143,1778527094735.871,1438,0,910240183,5705,4297.871,7143,5705,5735.871,4297.871
UBER,1778527094000,1778527095453,1778527095454,1779437330621,1778527096143,1778527095536.41,1453,1,910235167,689,82.41,2143,690,1536.41,83.41
UBER,1778527095000,1778527096502,1778527096503,1779437330621,1778527108556,1778527096637.665,1502,1,910234118,12053,134.665,13556,12054,1637.665,135.665
UBER,1778527096000,1778527096562,1778527096562,1779437330621,1778527108556,1778527101542.455,562,0,910234059,11994,4980.455,12556,11994,5542.455,4980.455
UBER,1778527101000,1778527102455,1778527102455,1779437330622,1778527108556,1778527103744.037,1455,0,910228167,6101,1289.037,7556,6101,2744.037,1289.037
UBER,1778527102000,1778527104461,1778527104461,1779437330622,1778527108555,1778527104544.713,2461,0,910226161,4094,83.713,6555,4094,2544.713,83.713
UBER,1778527104000,1778527106408,1778527106408,1779437330622,1778527108556,1778527106546.754,2408,0,910224214,2148,138.754,4556,2148,2546.754,138.754
UBER,1778527106000,1778527107653,1778527107653,1779437330622,1778527120770,1778527108749.289,1653,0,910222969,13117,1096.289,14770,13117,2749.289,1096.289
UBER,1778527108000,1778527109510,1778527109510,1779437330622,1778527120770,1778527110550.445,1510,0,910221112,11260,1040.445,12770,11260,2550.445,1040.445
UBER,1778527109000,1778527111726,1778527111726,1779437330622,1778527120770,1778527111852.36,2726,0,910218896,9044,126.36,11770,9044,2852.36,126.36
UBER,1778527111000,1778527112460,1778527112460,1779437330622,1778527120770,1778527112753.058,1460,0,910218162,8310,293.058,9770,8310,1753.058,293.058
UBER,1778527112000,1778527113781,1778527113781,1779437330622,1778527120770,1778527114554.549,1781,0,910216841,6989,773.549,8770,6989,2554.549,773.549
UBER,1778527113000,1778527115623,1778527115623,1779437330622,1778527120770,1778527117758.076,2623,0,910214999,5147,2135.076,7770,5147,4758.076,2135.076
UBER,1778527117000,1778527118442,1778527118442,1779437330623,1778527120770,1778527118558.581,1442,0,910212181,2328,116.581,3770,2328,1558.581,116.581
UBER,1778527119000,1778527120492,1778527120492,1779437330623,1778527133582,1778527128668.408,1492,0,910210131,13090,8176.408,14582,13090,9668.408,8176.408
UBER,1778527128000,1778527129413,1778527129413,1779437330623,1778527133582,1778527129496.558,1413,0,910201210,4169,83.558,5582,4169,1496.558,83.558
UBER,1778527129000,1778527130637,1778527130637,1779437330623,1778527146694,1778527133573.845,1637,0,910199986,16057,2936.845,17694,16057,4573.845,2936.845
UBER,1778527133000,1778527134530,1778527134530,1779437330623,1778527146694,1778527134774.204,1530,0,910196093,12164,244.204,13694,12164,1774.204,244.204
UBER,1778527135000,1778527136664,1778527136664,1779437330624,1778527146634,1778527136754.686,1664,0,910193960,9970,90.686,11634,9970,1754.686,90.686
UBER,1778527137000,1778527137425,1778527137425,1779437330624,1778527146694,1778527138578.495,425,0,910193199,9269,1153.495,9694,9269,1578.495,1153.495
UBER,1778527139000,1778527140476,1778527140476,1779437330624,1778527146694,1778527142586.233,1476,0,910190148,6218,2110.233,7694,6218,3586.233,2110.233
UBER,1778527141000,1778527143486,1778527143486,1779437330624,1778527146694,1778527143783.208,2486,0,910187138,3208,297.208,5694,3208,2783.208,297.208
UBER,1778527143000,1778527144472,1778527144472,1779437330624,1778527146694,1778527145684.929,1472,0,910186152,2222,1212.929,3694,2222,2684.929,1212.929
UBER,1778527144000,1778527146758,1778527146758,1779437330624,1778527158606,1778527146886.911,2758,0,910183866,11848,128.911,14606,11848,2886.911,128.911
UBER,1778527146000,1778527147527,1778527147527,1779437330624,1778527158607,1778527148687.997,1527,0,910183097,11080,1160.997,12607,11080,2687.997,1160.997
UBER,1778527150000,1778527152540,1778527152540,1779437330624,1778527158607,1778527152692.609,2540,0,910178084,6067,152.609,8607,6067,2692.609,152.609
UBER,1778527152000,1778527153500,1778527153500,1779437330624,1778527158607,1778527154774.319,1500,0,910177124,5107,1274.319,6607,5107,2774.319,1274.319
UBER,1778527154000,1778527155626,1778527155626,1779437330625,1778527158607,1778527155795.8,1626,0,910174999,2981,169.8,4607,2981,1795.8,169.8
UBER,1778527155000,1778527156738,1778527156738,1779437330625,1778527158606,1778527156896.716,1738,0,910173887,1868,158.716,3606,1868,1896.716,158.716
UBER,1778527156000,1778527157490,1778527157490,1779437330625,1778527158607,1778527157597.82,1490,0,910173135,1117,107.82,2607,1117,1597.82,107.82
UBER,1778527157000,1778527158550,1778527158550,1779437330625,1778527170820,1778527158798.935,1550,0,910172075,12270,248.935,13820,12270,1798.935,248.935
UBER,1778527158000,1778527159477,1778527159478,1779437330625,1778527170820,1778527159580.995,1477,1,910171147,11342,102.995,12820,11343,1580.995,103.995
UBER,1778527159000,1778527160535,1778527160535,1779437330625,1778527170820,1778527163704.568,1535,0,910170090,10285,3169.568,11820,10285,4704.568,3169.568
UBER,1778527162000,1778527164469,1778527164469,1779437330625,1778527170819,1778527164605.002,2469,0,910166156,6350,136.002,8819,6350,2605.002,136.002
UBER,1778527164000,1778527165527,1778527165527,1779437330625,1778527170819,1778527165605.68,1527,0,910165098,5292,78.68,6819,5292,1605.68,78.68
UBER,1778527166000,1778527167545,1778527167545,1779437330625,1778527170820,1778527168589.242,1545,0,910163080,3275,1044.242,4820,3275,2589.242,1044.242
UBER,1778527167000,1778527169589,1778527169589,1779437330625,1778527170820,1778527169709.714,2589,0,910161036,1231,120.714,3820,1231,2709.714,120.714
UBER,1778527171000,1778527172676,1778527172676,1779437330625,1778527183131,1778527172812.882,1676,0,910157949,10455,136.882,12131,10455,1812.882,136.882
UBER,1778527172000,1778527173567,1778527173567,1779437330626,1778527183131,1778527173713.34,1567,0,910157059,9564,146.34,11131,9564,1713.34,146.34
UBER,1778527173000,1778527174487,1778527174488,1779437330626,1778527183131,1778527175615.633,1487,1,910156138,8643,1127.633,10131,8644,2615.633,1128.633
UBER,1778527175000,1778527176512,1778527176512,1779437330626,1778527183131,1778527178818.543,1512,0,910154114,6619,2306.543,8131,6619,3818.543,2306.543
UBER,1778527178000,1778527179490,1778527179490,1779437330626,1778527183131,1778527180620.818,1490,0,910151136,3641,1130.818,5131,3641,2620.818,1130.818
UBER,1778527181000,1778527182717,1778527182717,1779437330626,1778527195644,1778527183822.891,1717,0,910147909,12927,1105.891,14644,12927,2822.891,1105.891
UBER,1778527183000,1778527185527,1778527185527,1779437330626,1778527195644,1778527185625.354,2527,0,910145099,10117,98.354,12644,10117,2625.354,98.354
UBER,1778527184000,1778527186841,1778527186841,1779437330626,1778527195644,1778527186900.154,2841,0,910143785,8803,59.154,11644,8803,2900.154,59.154
UBER,1778527188000,1778527189515,1778527189515,1779437330626,1778527195644,1778527190797.856,1515,0,910141111,6129,1282.856,7644,6129,2797.856,1282.856
UBER,1778527190000,1778527191554,1778527191554,1779437330627,1778527195644,1778527192931.83,1554,0,910139073,4090,1377.83,5644,4090,2931.83,1377.83
UBER,1778527192000,1778527194536,1778527194536,1779437330627,1778527195644,1778527194633.628,2536,0,910136091,1108,97.628,3644,1108,2633.628,97.628
UBER,1778527194000,1778527195694,1778527195694,1779437330627,1778527207055,1778527196835.128,1694,0,910134933,11361,1141.128,13055,11361,2835.128,1141.128
UBER,1778527196000,1778527197497,1778527197497,1779437330627,1778527207055,1778527198738.315,1497,0,910133130,9558,1241.315,11055,9558,2738.315,1241.315
UBER,1778527198000,1778527200768,1778527200768,1779437330627,1778527207055,1778527202741.527,2768,0,910129859,6287,1973.527,9055,6287,4741.527,1973.527
UBER,1778527202000,1778527203565,1778527203565,1779437330627,1778527207055,1778527203842.539,1565,0,910127062,3490,277.539,5055,3490,1842.539,277.539
UBER,1778527203000,1778527204631,1778527204631,1779437330627,1778527207055,1778527204744.155,1631,0,910125996,2424,113.155,4055,2424,1744.155,113.155
UBER,1778527204000,1778527205510,1778527205510,1779437330627,1778527207055,1778527206845.326,1510,0,910125117,1545,1335.326,3055,1545,2845.326,1335.326
UBER,1778527208000,1778527209622,1778527209622,1779437330627,1778527218867,1778527209748.296,1622,0,910121005,9245,126.296,10867,9245,1748.296,126.296
UBER,1778527210000,1778527210674,1778527210675,1779437330628,1778527218867,1778527211750.339,674,1,910119953,8192,1075.339,8867,8193,1750.339,1076.339
UBER,1778527211000,1778527212729,1778527212729,1779437330628,1778527218867,1778527215053.205,1729,0,910117899,6138,2324.205,7867,6138,4053.205,2324.205
UBER,1778527214000,1778527215733,1778527215733,1779437330628,1778527218867,1778527217055.692,1733,0,910114895,3134,1322.692,4867,3134,3055.692,1322.692
UBER,1778527216000,1778527217690,1778527217690,1779437330628,1778527218867,1778527217956.432,1690,0,910112938,1177,266.432,2867,1177,1956.432,266.432
UBER,1778527217000,1778527218701,1778527218701,1779437330628,1778527218867,1778527218766.722,1701,0,910111927,166,65.722,1867,166,1766.722,65.722
UBER,1778527218000,1778527219686,1778527219686,1779437330628,1778527230877,1778527221059.667,1686,0,910110942,11191,1373.667,12877,11191,3059.667,1373.667
UBER,1778527220000,1778527221726,1778527221726,1779437330628,1778527230877,1778527221861.284,1726,0,910108902,9151,135.284,10877,9151,1861.284,135.284
UBER,1778527221000,1778527222711,1778527222711,1779437330628,1778527230877,1778527227766.382,1711,0,910107917,8166,5055.382,9877,8166,6766.382,5055.382
UBER,1778527226000,1778527228674,1778527228674,1779437330629,1778527230877,1778527228767.419,2674,0,910101955,2203,93.419,4877,2203,2767.419,93.419
UBER,1778527228000,1778527229694,1778527229694,1779437330629,1778527230877,1778527229768.561,1694,0,910100935,1183,74.561,2877,1183,1768.561,74.561
UBER,1778527230000,1778527230947,1778527230948,1779437330629,1778527242808,1778527233972.579,947,1,910099681,11860,3024.579,12808,11861,3972.579,3025.579
UBER,1778527233000,1778527234728,1778527234728,1779437330629,1778527242808,1778527234973.937,1728,0,910095901,8080,245.937,9808,8080,1973.937,245.937
UBER,1778527234000,1778527235720,1778527235720,1779437330629,1778527242806,1778527235777.027,1720,0,910094909,7086,57.027,8806,7086,1777.027,57.027
UBER,1778527235000,1778527236694,1778527236694,1779437330629,1778527242808,1778527238769.069,1694,0,910093935,6114,2075.069,7808,6114,3769.069,2075.069
UBER,1778527238000,1778527239677,1778527239678,1779437330630,1778527242808,1778527239778.507,1677,1,910090952,3130,100.507,4808,3131,1778.507,101.507
UBER,1778527239000,1778527240704,1778527240704,1779437330630,1778527242808,1778527240780.038,1704,0,910089926,2104,76.038,3808,2104,1780.038,76.038
UBER,1778527240000,1778527241916,1778527241916,1779437330630,1778527255115,1778527245944.073,1916,0,910088714,13199,4028.073,15115,13199,5944.073,4028.073
UBER,1778527246000,1778527247690,1778527247690,1779437330630,1778527255102,1778527247785.782,1690,0,910082940,7412,95.782,9102,7412,1785.782,95.782
UBER,1778527247000,1778527248761,1778527248761,1779437330630,1778527266815,1778527256975.329,1761,0,910081869,18054,8214.329,19815,18054,9975.329,8214.329
UBER,1778527256000,1778527257880,1778527257880,1779437330631,1778527266815,1778527257996.564,1880,0,910072751,8935,116.564,10815,8935,1996.564,116.564
UBER,1778527258000,1778527258701,1778527258701,1779437330631,1778527266814,1778527259998.386,701,0,910071930,8113,1297.386,8814,8113,1998.386,1297.386
UBER,1778527259000,1778527260840,1778527260840,1779437330631,1778527266815,1778527260999.679,1840,0,910069791,5975,159.679,7815,5975,1999.679,159.679
UBER,1778527262000,1778527263737,1778527263737,1779437330631,1778527266815,1778527265082.453,1737,0,910066894,3078,1345.453,4815,3078,3082.453,1345.453
UBER,1778527265000,1778527265772,1778527265772,1779437330631,1778527278927,1778527269008.317,772,0,910064859,13155,3236.317,13927,13155,4008.317,3236.317
UBER,1778527268000,1778527269806,1778527269806,1779437330631,1778527278927,1778527270008.739,1806,0,910060825,9121,202.739,10927,9121,2008.739,202.739
UBER,1778527270000,1778527271781,1778527271782,1779437330631,1778527278927,1778527273011.759,1781,1,910058849,7145,1229.759,8927,7146,3011.759,1230.759
UBER,1778527272000,1778527273848,1778527273848,1779437330631,1778527278927,1778527275006.666,1848,0,910056783,5079,1158.666,6927,5079,3006.666,1158.666
UBER,1778527274000,1778527275736,1778527275736,1779437330631,1778527278927,1778527275814.884,1736,0,910054895,3191,78.884,4927,3191,1814.884,78.884
UBER,1778527275000,1778527276776,1778527276776,1779437330632,1778527291346,1778527281020.199,1776,0,910053856,14570,4244.199,16346,14570,6020.199,4244.199
UBER,1778527281000,1778527282798,1778527282798,1779437330632,1778527291346,1778527283022.56,1798,0,910047834,8548,224.56,10346,8548,2022.56,224.56
UBER,1778527282000,1778527283922,1778527283923,1779437330632,1778527291346,1778527286826.173,1922,1,910046709,7423,2903.173,9346,7424,4826.173,2904.173
UBER,1778527287000,1778527287780,1778527287780,1779437330632,1778527291346,1778527288829.638,780,0,910042852,3566,1049.638,4346,3566,1829.638,1049.638
UBER,1778527288000,1778527289816,1778527289816,1779437330632,1778527291346,1778527291031.142,1816,0,910040816,1530,1215.142,3346,1530,3031.142,1215.142
UBER,1778527290000,1778527291980,1778527291980,1779437330632,1778527304055,1778527292132.744,1980,0,910038652,12075,152.744,14055,12075,2132.744,152.744
UBER,1778527291000,1778527292906,1778527292906,1779437330633,1778527304055,1778527294802.81,1906,0,910037727,11149,1896.81,13055,11149,3802.81,1896.81
UBER,1778527294000,1778527295821,1778527295821,1779437330633,1778527304055,1778527295937.213,1821,0,910034812,8234,116.213,10055,8234,1937.213,116.213
UBER,1778527295000,1778527296694,1778527296694,1779437330633,1778527304052,1778527296837.149,1694,0,910033939,7358,143.149,9052,7358,1837.149,143.149
UBER,1778527296000,1778527297762,1778527297762,1779437330633,1778527304055,1778527298839.961,1762,0,910032871,6293,1077.961,8055,6293,2839.961,1077.961
UBER,1778527298000,1778527299725,1778527299725,1779437330633,1778527304055,1778527301842.393,1725,0,910030908,4330,2117.393,6055,4330,3842.393,2117.393
UBER,1778527303000,1778527303833,1778527303833,1779437330633,1778527316866,1778527304946.282,833,0,910026800,13033,1113.282,13866,13033,1946.282,1113.282
UBER,1778527305000,1778527305749,1778527305750,1779437330633,1778527316866,1778527306947.586,749,1,910024883,11116,1197.586,11866,11117,1947.586,1198.586
UBER,1778527306000,1778527307720,1778527307720,1779437330634,1778527316866,1778527309049.705,1720,0,910022914,9146,1329.705,10866,9146,3049.705,1329.705
UBER,1778527309000,1778527310779,1778527310779,1779437330634,1778527316866,1778527311952.5,1779,0,910019855,6087,1173.5,7866,6087,2952.5,1173.5
UBER,1778527311000,1778527313110,1778527313110,1779437330634,1778527316866,1778527314856.155,2110,0,910017524,3756,1746.155,5866,3756,3856.155,1746.155
UBER,1778527313000,1778527315718,1778527315718,1779437330634,1778527329277,1778527317158.511,2718,0,910014916,13559,1440.511,16277,13559,4158.511,1440.511
UBER,1778527317000,1778527318748,1778527318748,1779437330634,1778527329277,1778527319860.862,1748,0,910011886,10529,1112.862,12277,10529,2860.862,1112.862
UBER,1778527320000,1778527321125,1778527321125,1779437330634,1778527329277,1778527321261.516,1125,0,910009509,8152,136.516,9277,8152,1261.516,136.516
UBER,1778527321000,1778527323770,1778527323770,1779437330634,1778527329177,1778527323973.057,2770,0,910006864,5407,203.057,8177,5407,2973.057,203.057
UBER,1778527324000,1778527325813,1778527325813,1779437330634,1778527329277,1778527326066.403,1813,0,910004821,3464,253.403,5277,3464,2066.403,253.403
UBER,1778527326000,1778527326816,1778527326816,1779437330634,1778527329177,1778527327067.497,816,0,910003818,2361,251.497,3177,2361,1067.497,251.497
UBER,1778527327000,1778527328763,1778527328763,1779437330635,1778527341990,1778527330071.57,1763,0,910001872,13227,1308.57,14990,13227,3071.57,1308.57
UBER,1778527330000,1778527330848,1778527330848,1779437330635,1778527341990,1778527330972.101,848,0,909999787,11142,124.101,11990,11142,972.101,124.101
UBER,1778527331000,1778527331782,1778527331782,1779437330635,1778527341990,1778527336076.278,782,0,909998853,10208,4294.278,10990,10208,5076.278,4294.278
UBER,1778527335000,1778527336876,1778527336876,1779437330635,1778527341990,1778527337879.023,1876,0,909993759,5114,1003.023,6990,5114,2879.023,1003.023
UBER,1778527337000,1778527339056,1778527339056,1779437330635,1778527341990,1778527339876.622,2056,0,909991579,2934,820.622,4990,2934,2876.622,820.622
UBER,1778527341000,1778527341825,1778527341825,1779437330635,1778527354207,1778527343028.843,825,0,909988810,12382,1203.843,13207,12382,2028.843,1203.843
UBER,1778527342000,1778527343754,1778527343754,1779437330635,1778527354207,1778527347187.805,1754,0,909986881,10453,3433.805,12207,10453,5187.805,3433.805
UBER,1778527346000,1778527347857,1778527347857,1779437330636,1778527366250,1778527358900.909,1857,0,909982779,18393,11043.909,20250,18393,12900.909,11043.909
UBER,1778527358000,1778527360001,1778527360001,1779437330636,1778527366250,1778527360101.511,2001,0,909970635,6249,100.511,8250,6249,2101.511,100.511
UBER,1778527359000,1778527360005,1778527360005,1779437330636,1778527366250,1778527361102.416,1005,0,909970631,6245,1097.416,7250,6245,2102.416,1097.416
UBER,1778527360000,1778527361847,1778527361847,1779437330636,1778527366250,1778527364905.435,1847,0,909968789,4403,3058.435,6250,4403,4905.435,3058.435
UBER,1778527365000,1778527366025,1778527366025,1779437330637,1778527379033,1778527366907.473,1025,0,909964612,13008,882.473,14033,13008,1907.473,882.473
UBER,1778527367000,1778527367819,1778527367819,1779437330637,1778527379033,1778527367908.545,819,0,909962818,11214,89.545,12033,11214,908.545,89.545
UBER,1778527368000,1778527369048,1778527369049,1779437330637,1778527379033,1778527369209.32,1048,1,909961588,9984,160.32,11033,9985,1209.32,161.32
UBER,1778527369000,1778527370059,1778527370059,1779437330637,1778527379033,1778527371011.635,1059,0,909960578,8974,952.635,10033,8974,2011.635,952.635
UBER,1778527370000,1778527371876,1778527371876,1779437330637,1778527379033,1778527372105.083,1876,0,909958761,7157,229.083,9033,7157,2105.083,229.083
UBER,1778527371000,1778527372898,1778527372898,1779437330637,1778527379032,1778527373012.871,1898,0,909957739,6134,114.871,8032,6134,2012.871,114.871
UBER,1778527372000,1778527373900,1778527373900,1779437330637,1778527379033,1778527373962.138,1900,0,909956737,5133,62.138,7033,5133,1962.138,62.138
UBER,1778527373000,1778527375051,1778527375051,1779437330637,1778527379033,1778527375114.894,2051,0,909955586,3982,63.894,6033,3982,2114.894,63.894
UBER,1778527374000,1778527375895,1778527375895,1779437330637,1778527379033,1778527376115.778,1895,0,909954742,3138,220.778,5033,3138,2115.778,220.778
UBER,1778527376000,1778527376878,1778527376879,1779437330637,1778527379033,1778527378018.348,878,1,909953758,2154,1139.348,3033,2155,2018.348,1140.348
UBER,1778527378000,1778527378962,1778527378962,1779437330638,1778527391043,1778527382021.458,962,0,909951676,12081,3059.458,13043,12081,4021.458,3059.458
UBER,1778527381000,1778527382898,1778527382898,1779437330638,1778527391043,1778527383222.897,1898,0,909947740,8145,324.897,10043,8145,2222.897,324.897
UBER,1778527383000,1778527383940,1778527383941,1779437330638,1778527391043,1778527385025.575,940,1,909946697,7102,1084.575,8043,7103,2025.575,1085.575
UBER,1778527387000,1778527387953,1778527387953,1779437330638,1778527391043,1778527389929.188,953,0,909942685,3090,1976.188,4043,3090,2929.188,1976.188
UBER,1778527390000,1778527391877,1778527391877,1779437330638,1778527403457,1778527394234.036,1877,0,909938761,11580,2357.036,13457,11580,4234.036,2357.036
UBER,1778527394000,1778527395129,1778527395129,1779437330638,1778527403454,1778527395195.784,1129,0,909935509,8325,66.784,9454,8325,1195.784,66.784
UBER,1778527395000,1778527396066,1778527396067,1779437330638,1778527403457,1778527397137.994,1066,1,909934571,7390,1070.994,8457,7391,2137.994,1071.994
UBER,1778527396000,1778527398068,1778527398068,1779437330639,1778527403454,1778527398137.494,2068,0,909932571,5386,69.494,7454,5386,2137.494,69.494
UBER,1778527400000,1778527402063,1778527402063,1779437330639,1778527403457,1778527402141.627,2063,0,909928576,1394,78.627,3457,1394,2141.627,78.627
UBER,1778527402000,1778527402972,1778527402972,1779437330639,1778527403454,1778527403243.151,972,0,909927667,482,271.151,1454,482,1243.151,271.151
UBER,1778527403000,1778527403904,1778527403905,1779437330639,1778527415367,1778527405945.298,904,1,909926734,11462,2040.298,12367,11463,2945.298,2041.298
UBER,1778527397000,1778527405553,1778527405553,1779437330639,1778527415367,1778527407847.445,8553,0,909925086,9814,2294.445,18367,9814,10847.445,2294.445
UBER,1778527406000,1778527407506,1778527407506,1779437330639,1778527415367,1778527410349.45,1506,0,909923133,7861,2843.45,9367,7861,4349.45,2843.45
UBER,1778527410000,1778527410986,1778527410986,1779437330639,1778527415367,1778527411250.574,986,0,909919653,4381,264.574,5367,4381,1250.574,264.574
UBER,1778527411000,1778527412121,1778527412121,1779437330639,1778527415367,1778527413052.259,1121,0,909918518,3246,931.259,4367,3246,2052.259,931.259
UBER,1778527413000,1778527413925,1778527413925,1779437330639,1778527415367,1778527414992.542,925,0,909916714,1442,1067.542,2367,1442,1992.542,1067.542
UBER,1778527414000,1778527416089,1778527416089,1779437330640,1778527427381,1778527416156.522,2089,0,909914551,11292,67.522,13381,11292,2156.522,67.522
UBER,1778527415000,1778527416886,1778527416886,1779437330640,1778527427378,1778527416956.611,1886,0,909913754,10492,70.611,12378,10492,1956.611,70.611
UBER,1778527416000,1778527417979,1778527417979,1779437330640,1778527427381,1778527419158.796,1979,0,909912661,9402,1179.796,11381,9402,3158.796,1179.796
UBER,1778527418000,1778527419918,1778527419918,1779437330640,1778527427381,1778527422061.244,1918,0,909910722,7463,2143.244,9381,7463,4061.244,2143.244
UBER,1778527421000,1778527422853,1778527422853,1779437330640,1778527427381,1778527422962.372,1853,0,909907787,4528,109.372,6381,4528,1962.372,109.372
UBER,1778527422000,1778527423875,1778527423875,1779437330640,1778527427381,1778527426266.114,1875,0,909906765,3506,2391.114,5381,3506,4266.114,2391.114
UBER,1778527425000,1778527427126,1778527427126,1779437330640,1778527439078,1778527428152.9,2126,0,909903514,11952,1026.9,14078,11952,3152.9,1026.9
UBER,1778527427000,1778527428925,1778527428925,1779437330640,1778527439079,1778527431070.612,1925,0,909901715,10154,2145.612,12079,10154,4070.612,2145.612
UBER,1778527430000,1778527431956,1778527431956,1779437330641,1778527439079,1778527434074.36,1956,0,909898685,7123,2118.36,9079,7123,4074.36,2118.36
UBER,1778527434000,1778527435274,1778527435274,1779437330641,1778527439078,1778527435375.149,1274,0,909895367,3804,101.149,5078,3804,1375.149,101.149
UBER,1778527435000,1778527435901,1778527435901,1779437330641,1778527439079,1778527437076.317,901,0,909894740,3178,1175.317,4079,3178,2076.317,1175.317
UBER,1778527436000,1778527437935,1778527437935,1779437330641,1778527451204,1778527440179.791,1935,0,909892706,13269,2244.791,15204,13269,4179.791,2244.791
UBER,1778527440000,1778527441038,1778527441038,1779437330641,1778527451204,1778527446986.827,1038,0,909889603,10166,5948.827,11204,10166,6986.827,5948.827
UBER,1778527447000,1778527448156,1778527448156,1779437330642,1778527451204,1778527449289.271,1156,0,909882486,3048,1133.271,4204,3048,2289.271,1133.271
UBER,1778527449000,1778527450008,1778527450009,1779437330642,1778527451204,1778527451091.487,1008,1,909880633,1195,1082.487,2204,1196,2091.487,1083.487
UBER,1778527452000,1778527453010,1778527453010,1779437330642,1778527463315,1778527458198.468,1010,0,909877632,10305,5188.468,11315,10305,6198.468,5188.468
UBER,1778527457000,1778527459011,1778527459011,1779437330642,1778527463315,1778527459099.191,2011,0,909871631,4304,88.191,6315,4304,2099.191,88.191
UBER,1778527458000,1778527459959,1778527459960,1779437330642,1778527463315,1778527460031.968,1959,1,909870682,3355,71.968,5315,3356,2031.968,72.968
UBER,1778527460000,1778527461998,1778527461998,1779437330642,1778527463315,1778527462202.569,1998,0,909868644,1317,204.569,3315,1317,2202.569,204.569
UBER,1778527462000,1778527463121,1778527463121,1779437330642,1778527475029,1778527465020.803,1121,0,909867521,11908,1899.803,13029,11908,3020.803,1899.803
UBER,1778527464000,1778527465936,1778527465936,1779437330643,1778527475029,1778527467207.49,1936,0,909864707,9093,1271.49,11029,9093,3207.49,1271.49
UBER,1778527466000,1778527467966,1778527467966,1779437330643,1778527475029,1778527468063.989,1966,0,909862677,7063,97.989,9029,7063,2063.989,97.989
UBER,1778527468000,1778527469009,1778527469009,1779437330643,1778527475029,1778527470109.912,1009,0,909861634,6020,1100.912,7029,6020,2109.912,1100.912
UBER,1778527470000,1778527471062,1778527471062,1779437330643,1778527475029,1778527473214.174,1062,0,909859581,3967,2152.174,5029,3967,3214.174,2152.174
UBER,1778527472000,1778527474134,1778527474134,1779437330643,1778527475029,1778527474314.97,2134,0,909856509,895,180.97,3029,895,2314.97,180.97
UBER,1778527474000,1778527476043,1778527476043,1779437330643,1778527486645,1778527476216.784,2043,0,909854600,10602,173.784,12645,10602,2216.784,173.784
UBER,1778527475000,1778527476910,1778527476911,1779437330643,1778527486645,1778527477016.898,1910,1,909853732,9734,105.898,11645,9735,2016.898,106.898
UBER,1778527476000,1778527478147,1778527478147,1779437330643,1778527486645,1778527478218.466,2147,0,909852496,8498,71.466,10645,8498,2218.466,71.466
UBER,1778527477000,1778527478927,1778527478927,1779437330643,1778527486645,1778527479018.82,1927,0,909851716,7718,91.82,9645,7718,2018.82,91.82
UBER,1778527479000,1778527480011,1778527480011,1779437330644,1778527486645,1778527481221.732,1011,0,909850633,6634,1210.732,7645,6634,2221.732,1210.732
UBER,1778527481000,1778527482047,1778527482047,1779437330644,1778527486644,1778527483122.788,1047,0,909848597,4597,1075.788,5644,4597,2122.788,1075.788
UBER,1778527482000,1778527484193,1778527484194,1779437330644,1778527486645,1778527486126.627,2193,1,909846450,2451,1932.627,4645,2452,4126.627,1933.627
UBER,1778527486000,1778527487069,1778527487069,1779437330644,1778527498253,1778527489029.108,1069,0,909843575,11184,1960.108,12253,11184,3029.108,1960.108
UBER,1778527488000,1778527489977,1778527489977,1779437330644,1778527498253,1778527493055.178,1977,0,909840667,8276,3078.178,10253,8276,5055.178,3078.178
UBER,1778527492000,1778527494001,1778527494001,1779437330644,1778527498253,1778527495336.037,2001,0,909836643,4252,1335.037,6253,4252,3336.037,1335.037
UBER,1778527494000,1778527495923,1778527495923,1779437330645,1778527498252,1778527496036.735,1923,0,909834722,2329,113.735,4252,2329,2036.735,113.735
UBER,1778527495000,1778527497028,1778527497028,1779437330645,1778527509562,1778527503243.935,2028,0,909833617,12534,6215.935,14562,12534,8243.935,6215.935
UBER,1778527502000,1778527503996,1778527503996,1779437330645,1778527522080,1778527510251.558,1996,0,909826649,18084,6255.558,20080,18084,8251.558,6255.558
UBER,1778527509000,1778527511264,1778527511264,1779437330645,1778527522080,1778527513254.616,2264,0,909819381,10816,1990.616,13080,10816,4254.616,1990.616
UBER,1778527512000,1778527514001,1778527514001,1779437330645,1778527522080,1778527516257.687,2001,0,909816644,8079,2256.687,10080,8079,4257.687,2256.687
UBER,1778527515000,1778527517019,1778527517019,1779437330646,1778527522080,1778527518459.778,2019,0,909813627,5061,1440.778,7080,5061,3459.778,1440.778
UBER,1778527517000,1778527519192,1778527519192,1779437330646,1778527522078,1778527520361.252,2192,0,909811454,2886,1169.252,5078,2886,3361.252,1169.252
UBER,1778527520000,1778527522005,1778527522005,1779437330646,1778527534190,1778527525166.492,2005,0,909808641,12185,3161.492,14190,12185,5166.492,3161.492
UBER,1778527524000,1778527526033,1778527526033,1779437330646,1778527534190,1778527526168.067,2033,0,909804613,8157,135.067,10190,8157,2168.067,135.067
UBER,1778527526000,1778527527054,1778527527055,1779437330646,1778527534190,1778527528069.995,1054,1,909803591,7135,1014.995,8190,7136,2069.995,1015.995
UBER,1778527527000,1778527528971,1778527528971,1779437330646,1778527534190,1778527531174.173,1971,0,909801675,5219,2203.173,7190,5219,4174.173,2203.173
UBER,1778527530000,1778527532149,1778527532149,1779437330647,1778527545702,1778527536209.634,2149,0,909798498,13553,4060.634,15702,13553,6209.634,4060.634
UBER,1778527535000,1778527537027,1778527537027,1779437330647,1778527545702,1778527538280.229,2027,0,909793620,8675,1253.229,10702,8675,3280.229,1253.229
UBER,1778527538000,1778527538969,1778527538969,1779437330647,1778527545702,1778527540234.416,969,0,909791678,6733,1265.416,7702,6733,2234.416,1265.416
UBER,1778527539000,1778527540950,1778527540950,1779437330647,1778527545702,1778527542285.043,1950,0,909789697,4752,1335.043,6702,4752,3285.043,1335.043
UBER,1778527541000,1778527542992,1778527542992,1779437330647,1778527558105,1778527546089.259,1992,0,909787655,15113,3097.259,17105,15113,5089.259,3097.259
UBER,1778527545000,1778527547096,1778527547096,1779437330648,1778527558105,1778527547315.486,2096,0,909783552,11009,219.486,13105,11009,2315.486,219.486
UBER,1778527546000,1778527547983,1778527547983,1779437330648,1778527558105,1778527548091.103,1983,0,909782665,10122,108.103,12105,10122,2091.103,108.103
UBER,1778527548000,1778527550081,1778527550081,1779437330648,1778527558102,1778527550293.456,2081,0,909780567,8021,212.456,10102,8021,2293.456,212.456
UBER,1778527549000,1778527551304,1778527551304,1779437330648,1778527558105,1778527553196.787,2304,0,909779344,6801,1892.787,9105,6801,4196.787,1892.787
UBER,1778527553000,1778527554115,1778527554115,1779437330648,1778527558105,1778527555298.075,1115,0,909776533,3990,1183.075,5105,3990,2298.075,1183.075
UBER,1778527554000,1778527556065,1778527556065,1779437330648,1778527569325,1778527559401.912,2065,0,909774583,13260,3336.912,15325,13260,5401.912,3336.912
UBER,1778527558000,1778527560019,1778527560019,1779437330648,1778527569325,1778527560103.423,2019,0,909770629,9306,84.423,11325,9306,2103.423,84.423
UBER,1778527559000,1778527561246,1778527561247,1779437330648,1778527569325,1778527561404.365,2246,1,909769401,8078,157.365,10325,8079,2404.365,158.365
UBER,1778527561000,1778527562105,1778527562105,1779437330648,1778527569325,1778527564306.971,1105,0,909768543,7220,2201.971,8325,7220,3306.971,2201.971
UBER,1778527563000,1778527565045,1778527565045,1779437330649,1778527569325,1778527566208.699,2045,0,909765604,4280,1163.699,6325,4280,3208.699,1163.699
UBER,1778527565000,1778527567036,1778527567036,1779437330649,1778527569325,1778527567109.907,2036,0,909763613,2289,73.907,4325,2289,2109.907,73.907
UBER,1778527566000,1778527568089,1778527568090,1779437330649,1778527569325,1778527568190.141,2089,1,909762559,1235,100.141,3325,1236,2190.141,101.141
UBER,1778527568000,1778527569102,1778527569102,1779437330649,1778527582139,1778527571113.499,1102,0,909761547,13037,2011.499,14139,13037,3113.499,2011.499
UBER,1778527570000,1778527572061,1778527572061,1779437330649,1778527582139,1778527572214.534,2061,0,909758588,10078,153.534,12139,10078,2214.534,153.534
UBER,1778527572000,1778527573073,1778527573073,1779437330649,1778527582139,1778527574216.747,1073,0,909757576,9066,1143.747,10139,9066,2216.747,1143.747
UBER,1778527573000,1778527575054,1778527575054,1779437330649,1778527582139,1778527579321.921,2054,0,909755595,7085,4267.921,9139,7085,6321.921,4267.921
UBER,1778527579000,1778527580005,1778527580006,1779437330650,1778527594451,1778527583370.041,1005,1,909750644,14445,3364.041,15451,14446,4370.041,3365.041
UBER,1778527582000,1778527584085,1778527584085,1779437330650,1778527594451,1778527584327.268,2085,0,909746565,10366,242.268,12451,10366,2327.268,242.268
UBER,1778527584000,1778527585151,1778527585151,1779437330650,1778527594450,1778527585328.21,1151,0,909745499,9299,177.21,10450,9299,1328.21,177.21
UBER,1778527586000,1778527588109,1778527588109,1779437330650,1778527594451,1778527589331.736,2109,0,909742541,6342,1222.736,8451,6342,3331.736,1222.736
UBER,1778527589000,1778527590018,1778527590018,1779437330650,1778527594451,1778527593135.462,1018,0,909740632,4433,3117.462,5451,4433,4135.462,3117.462
UBER,1778527593000,1778527594120,1778527594120,1779437330650,1778527606565,1778527595337.849,1120,0,909736530,12445,1217.849,13565,12445,2337.849,1217.849
UBER,1778527594000,1778527596088,1778527596088,1779437330651,1778527606565,1778527596238.392,2088,0,909734563,10477,150.392,12565,10477,2238.392,150.392
UBER,1778527596000,1778527597221,1778527597221,1779437330651,1778527606565,1778527599141.51,1221,0,909733430,9344,1920.51,10565,9344,3141.51,1920.51
UBER,1778527598000,1778527600083,1778527600083,1779437330651,1778527606565,1778527606249.662,2083,0,909730568,6482,6166.662,8565,6482,8249.662,6166.662
UBER,1778527605000,1778527607106,1778527607106,1779437330651,1778527618477,1778527608251.473,2106,0,909723545,11371,1145.473,13477,11371,3251.473,1145.473
UBER,1778527609000,1778527610115,1778527610115,1779437330651,1778527618477,1778527612279.635,1115,0,909720536,8362,2164.635,9477,8362,3279.635,2164.635
UBER,1778527611000,1778527613078,1778527613078,1779437330652,1778527618477,1778527613156.799,2078,0,909717574,5399,78.799,7477,5399,2156.799,78.799
UBER,1778527612000,1778527614095,1778527614095,1779437330652,1778527618477,1778527614158.682,2095,0,909716557,4382,63.682,6477,4382,2158.682,63.682
UBER,1778527614000,1778527615132,1778527615132,1779437330652,1778527618477,1778527615359.325,1132,0,909715520,3345,227.325,4477,3345,1359.325,227.325
UBER,1778527615000,1778527616088,1778527616088,1779437330652,1778527618477,1778527616161.972,1088,0,909714564,2389,73.972,3477,2389,1161.972,73.972
UBER,1778527616000,1778527617085,1778527617085,1779437330652,1778527618477,1778527617362.101,1085,0,909713567,1392,277.101,2477,1392,1362.101,277.101
UBER,1778527618000,1778527619112,1778527619112,1779437330652,1778527629589,1778527619200.844,1112,0,909711540,10477,88.844,11589,10477,1200.844,88.844
UBER,1778527619000,1778527620076,1778527620076,1779437330652,1778527629589,1778527620165.429,1076,0,909710576,9513,89.429,10589,9513,1165.429,89.429
UBER,1778527620000,1778527621186,1778527621187,1779437330652,1778527629589,1778527621264.089,1186,1,909709465,8402,77.089,9589,8403,1264.089,78.089
UBER,1778527621000,1778527622425,1778527622425,1779437330652,1778527629589,1778527623368.217,1425,0,909708227,7164,943.217,8589,7164,2368.217,943.217
UBER,1778527622000,1778527624141,1778527624141,1779437330652,1778527629589,1778527624269.5,2141,0,909706511,5448,128.5,7589,5448,2269.5,128.5
UBER,1778527624000,1778527625134,1778527625134,1779437330652,1778527629589,1778527627234.672,1134,0,909705518,4455,2100.672,5589,4455,3234.672,2100.672
UBER,1778527626000,1778527628135,1778527628135,1779437330653,1778527629589,1778527628274.595,2135,0,909702518,1454,139.595,3589,1454,2274.595,139.595
UBER,1778527627000,1778527629129,1778527629129,1779437330653,1778527641401,1778527630176.628,2129,0,909701524,12272,1047.628,14401,12272,3176.628,1047.628
UBER,1778527630000,1778527631309,1778527631309,1779437330653,1778527641401,1778527634380.835,1309,0,909699344,10092,3071.835,11401,10092,4380.835,3071.835
UBER,1778527634000,1778527636165,1778527636165,1779437330653,1778527641401,1778527638485.128,2165,0,909694488,5236,2320.128,7401,5236,4485.128,2320.128
UBER,1778527637000,1778527639174,1778527639174,1779437330653,1778527641401,1778527639286.518,2174,0,909691479,2227,112.518,4401,2227,2286.518,112.518
UBER,1778527639000,1778527640093,1778527640093,1779437330653,1778527653317,1778527641588.788,1093,0,909690560,13224,1495.788,14317,13224,2588.788,1495.788
UBER,1778527641000,1778527642147,1778527642147,1779437330654,1778527653318,1778527644291.537,1147,0,909688507,11171,2144.537,12318,11171,3291.537,2144.537
UBER,1778527644000,1778527645187,1778527645187,1779437330654,1778527653318,1778527645291.84,1187,0,909685467,8131,104.84,9318,8131,1291.84,104.84
UBER,1778527645000,1778527646093,1778527646093,1779437330654,1778527653318,1778527646192.741,1093,0,909684561,7225,99.741,8318,7225,1192.741,99.741
UBER,1778527647000,1778527648080,1778527648080,1779437330654,1778527653318,1778527648194.489,1080,0,909682574,5238,114.489,6318,5238,1194.489,114.489
UBER,1778527648000,1778527649237,1778527649238,1779437330654,1778527653318,1778527649395.704,1237,1,909681416,4080,157.704,5318,4081,1395.704,158.704
UBER,1778527649000,1778527650093,1778527650093,1779437330654,1778527653318,1778527650196.335,1093,0,909680561,3225,103.335,4318,3225,1196.335,103.335
UBER,1778527650000,1778527651225,1778527651225,1779437330654,1778527653318,1778527651298.648,1225,0,909679429,2093,73.648,3318,2093,1298.648,73.648
UBER,1778527651000,1778527652184,1778527652184,1779437330654,1778527664631,1778527653590.341,1184,0,909678470,12447,1406.341,13631,12447,2590.341,1406.341
UBER,1778527653000,1778527654284,1778527654284,1779437330654,1778527664631,1778527654404.071,1284,0,909676370,10347,120.071,11631,10347,1404.071,120.071
UBER,1778527654000,1778527655159,1778527655159,1779437330654,1778527664631,1778527655304.472,1159,0,909675495,9472,145.472,10631,9472,1304.472,145.472
UBER,1778527655000,1778527656132,1778527656132,1779437330654,1778527664631,1778527656205.19,1132,0,909674522,8499,73.19,9631,8499,1205.19,73.19
UBER,1778527656000,1778527657188,1778527657188,1779437330654,1778527664631,1778527658408.995,1188,0,909673466,7443,1220.995,8631,7443,2408.995,1220.995
UBER,1778527658000,1778527659310,1778527659310,1779437330655,1778527664631,1778527660410.625,1310,0,909671345,5321,1100.625,6631,5321,2410.625,1100.625
UBER,1778527660000,1778527661143,1778527661143,1779437330655,1778527664631,1778527661209.593,1143,0,909669512,3488,66.593,4631,3488,1209.593,66.593
UBER,1778527661000,1778527662333,1778527662333,1779437330655,1778527676653,1778527665216.136,1333,0,909668322,14320,2883.136,15653,14320,4216.136,2883.136
UBER,1778527665000,1778527666204,1778527666204,1779437330655,1778527676657,1778527668419.098,1204,0,909664451,10453,2215.098,11657,10453,3419.098,2215.098
UBER,1778527668000,1778527669315,1778527669315,1779437330655,1778527676657,1778527669420.118,1315,0,909661340,7342,105.118,8657,7342,1420.118,105.118
UBER,1778527669000,1778527670153,1778527670153,1779437330655,1778527676657,1778527673423.41,1153,0,909660502,6504,3270.41,7657,6504,4423.41,3270.41
UBER,1778527672000,1778527674185,1778527674185,1779437330656,1778527689309,1778527681331.381,2185,0,909656471,15124,7146.381,17309,15124,9331.381,7146.381
UBER,1778527681000,1778527683245,1778527683245,1779437330656,1778527700367,1778527691140.809,2245,0,909647411,17122,7895.809,19367,17122,10140.809,7895.809
UBER,1778527685000,1778527686443,1778527686443,1779437330656,1778527689309,1778527688329.52,1443,0,909644213,2866,1886.52,4309,2866,3329.52,1886.52
UBER,1778527688000,1778527689245,1778527689245,1779437330656,1778527700445,1778527689339.122,1245,0,909641411,11200,94.122,12445,11200,1339.122,94.122
UBER,1778527689000,1778527690379,1778527690379,1779437330657,1778527700445,1778527692341.655,1379,0,909640278,10066,1962.655,11445,10066,3341.655,1962.655
UBER,1778527692000,1778527693207,1778527693207,1779437330657,1778527700445,1778527694344.241,1207,0,909637450,7238,1137.241,8445,7238,2344.241,1137.241
UBER,1778527694000,1778527695266,1778527695266,1779437330657,1778527700445,1778527695345.803,1266,0,909635391,5179,79.803,6445,5179,1345.803,79.803
UBER,1778527695000,1778527696278,1778527696278,1779437330657,1778527700367,1778527696342.053,1278,0,909634379,4089,64.053,5367,4089,1342.053,64.053
UBER,1778527696000,1778527697307,1778527697307,1779437330657,1778527700445,1778527698348.698,1307,0,909633350,3138,1041.698,4445,3138,2348.698,1041.698
UBER,1778527698000,1778527699318,1778527699318,1779437330657,1778527700445,1778527699548.973,1318,0,909631339,1127,230.973,2445,1127,1548.973,230.973
UBER,1778527699000,1778527700220,1778527700220,1779437330657,1778527700445,1778527700350.621,1220,0,909630437,225,130.621,1445,225,1350.621,130.621
UBER,1778527700000,1778527701291,1778527701291,1779437330657,1778527711578,1778527701451.778,1291,0,909629366,10287,160.778,11578,10287,1451.778,160.778
UBER,1778527701000,1778527702195,1778527702195,1779437330657,1778527711578,1778527702352.312,1195,0,909628462,9383,157.312,10578,9383,1352.312,157.312
UBER,1778527702000,1778527703454,1778527703454,1779437330658,1778527711578,1778527704354.228,1454,0,909627204,8124,900.228,9578,8124,2354.228,900.228
UBER,1778527703000,1778527705392,1778527705392,1779437330658,1778527711578,1778527708758.642,2392,0,909625266,6186,3366.642,8578,6186,5758.642,3366.642
UBER,1778527708000,1778527709230,1778527709230,1779437330658,1778527711577,1778527709359.88,1230,0,909621428,2347,129.88,3577,2347,1359.88,129.88
UBER,1778527709000,1778527710659,1778527710659,1779437330658,1778527711578,1778527710761.584,1659,0,909619999,919,102.584,2578,919,1761.584,102.584
UBER,1778527710000,1778527711305,1778527711305,1779437330658,1778527723590,1778527714264.566,1305,0,909619353,12285,2959.566,13590,12285,4264.566,2959.566
UBER,1778527714000,1778527715400,1778527715400,1779437330658,1778527723590,1778527715565.827,1400,0,909615258,8190,165.827,9590,8190,1565.827,165.827
UBER,1778527715000,1778527716392,1778527716393,1779437330658,1778527723590,1778527717467.934,1392,1,909614265,7197,1074.934,8590,7198,2467.934,1075.934
UBER,1778527717000,1778527718426,1778527718426,1779437330659,1778527723590,1778527718487.737,1426,0,909612233,5164,61.737,6590,5164,1487.737,61.737
UBER,1778527718000,1778527719227,1778527719227,1779437330659,1778527723590,1778527720370.758,1227,0,909611432,4363,1143.758,5590,4363,2370.758,1143.758
UBER,1778527719000,1778527721270,1778527721271,1779437330659,1778527723590,1778527721471.756,2270,1,909609388,2319,200.756,4590,2320,2471.756,201.756
UBER,1778527721000,1778527722213,1778527722213,1779437330659,1778527723590,1778527723473.857,1213,0,909608446,1377,1260.857,2590,1377,2473.857,1260.857
UBER,1778527723000,1778527724301,1778527724302,1779437330659,1778527735601,1778527724474.633,1301,1,909606357,11299,172.633,12601,11300,1474.633,173.633
UBER,1778527725000,1778527726274,1778527726274,1779437330659,1778527735601,1778527726377.141,1274,0,909604385,9327,103.141,10601,9327,1377.141,103.141
UBER,1778527726000,1778527727272,1778527727272,1779437330659,1778527735601,1778527727493.501,1272,0,909603387,8329,221.501,9601,8329,1493.501,221.501
UBER,1778527727000,1778527728502,1778527728502,1779437330659,1778527735601,1778527728779.153,1502,0,909602157,7099,277.153,8601,7099,1779.153,277.153
UBER,1778527728000,1778527729232,1778527729232,1779437330659,1778527735601,1778527729379.809,1232,0,909601427,6369,147.809,7601,6369,1379.809,147.809
UBER,1778527729000,1778527730283,1778527730283,1779437330659,1778527735601,1778527731582.162,1283,0,909600376,5318,1299.162,6601,5318,2582.162,1299.162
UBER,1778527731000,1778527732226,1778527732226,1779437330659,1778527735601,1778527734484.745,1226,0,909598433,3375,2258.745,4601,3375,3484.745,2258.745
UBER,1778527734000,1778527735259,1778527735259,1779437330660,1778527735601,1778527735485.476,1259,0,909595401,342,226.476,1601,342,1485.476,226.476
UBER,1778527736000,1778527737252,1778527737252,1779437330660,1778527746415,1778527737387.81,1252,0,909593408,9163,135.81,10415,9163,1387.81,135.81
UBER,1778527737000,1778527738408,1778527738408,1779437330660,1778527746415,1778527738488.727,1408,0,909592252,8007,80.727,9415,8007,1488.727,80.727
UBER,1778527738000,1778527739313,1778527739313,1779437330660,1778527746415,1778527740590.771,1313,0,909591347,7102,1277.771,8415,7102,2590.771,1277.771
UBER,1778527739000,1778527741449,1778527741450,1779437330660,1778527746415,1778527743494.036,2449,1,909589210,4965,2044.036,7415,4966,4494.036,2045.036
UBER,1778527742000,1778527744336,1778527744336,1779437330660,1778527746413,1778527744494.462,2336,0,909586324,2077,158.462,4413,2077,2494.462,158.462
UBER,1778527744000,1778527745231,1778527745231,1779437330660,1778527746415,1778527745294.917,1231,0,909585429,1184,63.917,2415,1184,1294.917,63.917
UBER,1778527745000,1778527746299,1778527746299,1779437330660,1778527758423,1778527746546.767,1299,0,909584361,12124,247.767,13423,12124,1546.767,247.767
UBER,1778527746000,1778527747580,1778527747580,1779437330660,1778527758423,1778527747697.93,1580,0,909583080,10843,117.93,12423,10843,1697.93,117.93
UBER,1778527747000,1778527748315,1778527748315,1779437330660,1778527758423,1778527749298.76,1315,0,909582345,10108,983.76,11423,10108,2298.76,983.76
UBER,1778527749000,1778527750328,1778527750328,1779437330661,1778527758423,1778527753403.028,1328,0,909580333,8095,3075.028,9423,8095,4403.028,3075.028
UBER,1778527753000,1778527754271,1778527754271,1779437330661,1778527758423,1778527754348.564,1271,0,909576390,4152,77.564,5423,4152,1348.564,77.564
UBER,1778527754000,1778527756297,1778527756297,1779437330661,1778527758423,1778527757499.843,2297,0,909574364,2126,1202.843,4423,2126,3499.843,1202.843
UBER,1778527757000,1778527758320,1778527758320,1779437330661,1778527770433,1778527763012.627,1320,0,909572341,12113,4692.627,13433,12113,6012.627,4692.627
UBER,1778527760000,1778527761348,1778527761348,1779437330661,1778527770433,1778527761612.238,1348,0,909569313,9085,264.238,10433,9085,1612.238,264.238
UBER,1778527761000,1778527762275,1778527762275,1779437330661,1778527770432,1778527762412.739,1275,0,909568386,8157,137.739,9432,8157,1412.739,137.739
UBER,1778527762000,1778527763290,1778527763290,1779437330661,1778527770433,1778527763413.607,1290,0,909567371,7143,123.607,8433,7143,1413.607,123.607
UBER,1778527763000,1778527764845,1778527764845,1779437330662,1778527770433,1778527768618.815,1845,0,909565817,5588,3773.815,7433,5588,5618.815,3773.815
UBER,1778527767000,1778527769477,1778527769477,1779437330662,1778527781413,1778527770420.284,2477,0,909561185,11936,943.284,14413,11936,3420.284,943.284
UBER,1778527770000,1778527771361,1778527771361,1779437330662,1778527781430,1778527771422.504,1361,0,909559301,10069,61.504,11430,10069,1422.504,61.504
UBER,1778527772000,1778527773325,1778527773325,1779437330662,1778527781430,1778527773423.718,1325,0,909557337,8105,98.718,9430,8105,1423.718,98.718
UBER,1778527774000,1778527775237,1778527775237,1779437330662,1778527781430,1778527775326.398,1237,0,909555425,6193,89.398,7430,6193,1326.398,89.398
UBER,1778527775000,1778527776689,1778527776689,1779437330662,1778527781413,1778527776827.394,1689,0,909553973,4724,138.394,6413,4724,1827.394,138.394
UBER,1778527776000,1778527777256,1778527777256,1779437330662,1778527781430,1778527777328.032,1256,0,909553406,4174,72.032,5430,4174,1328.032,72.032
UBER,1778527777000,1778527778453,1778527778453,1779437330662,1778527781430,1778527779329.805,1453,0,909552209,2977,876.805,4430,2977,2329.805,876.805
UBER,1778527779000,1778527780351,1778527780351,1779437330662,1778527781413,1778527780624.075,1351,0,909550311,1062,273.075,2413,1062,1624.075,273.075
UBER,1778527780000,1778527781285,1778527781285,1779437330662,1778527792351,1778527782533.448,1285,0,909549377,11066,1248.448,12351,11066,2533.448,1248.448
UBER,1778527782000,1778527783399,1778527783399,1779437330663,1778527792351,1778527783542.878,1399,0,909547264,8952,143.878,10351,8952,1542.878,143.878
UBER,1778527783000,1778527784508,1778527784508,1779437330663,1778527792351,1778527784636.336,1508,0,909546155,7843,128.336,9351,7843,1636.336,128.336
UBER,1778527784000,1778527785367,1778527785368,1779437330663,1778527792350,1778527785609.976,1367,1,909545295,6982,241.976,8350,6983,1609.976,242.976
UBER,1778527785000,1778527786373,1778527786373,1779437330663,1778527792351,1778527786637.768,1373,0,909544290,5978,264.768,7351,5978,1637.768,264.768
UBER,1778527786000,1778527787660,1778527787661,1779437330663,1778527792350,1778527787743.607,1660,1,909543002,4689,82.607,6350,4690,1743.607,83.607
UBER,1778527787000,1778527788541,1778527788541,1779437330663,1778527792351,1778527790542.227,1541,0,909542122,3810,2001.227,5351,3810,3542.227,2001.227
UBER,1778527790000,1778527791518,1778527791518,1779437330663,1778527792351,1778527791578.883,1518,0,909539145,833,60.883,2351,833,1578.883,60.883
UBER,1778527791000,1778527792284,1778527792284,1779437330663,1778527803073,1778527792344.21,1284,0,909538379,10789,60.21,12073,10789,1344.21,60.21
UBER,1778527792000,1778527793389,1778527793389,1779437330663,1778527803073,1778527794520.028,1389,0,909537274,9684,1131.028,11073,9684,2520.028,1131.028
UBER,1778527794000,1778527795710,1778527795710,1779437330663,1778527803071,1778527796548.503,1710,0,909534953,7361,838.503,9071,7361,2548.503,838.503
UBER,1778527796000,1778527797306,1778527797306,1779437330664,1778527803073,1778527798516.902,1306,0,909533358,5767,1210.902,7073,5767,2516.902,1210.902
UBER,1778527798000,1778527799338,1778527799338,1779437330664,1778527803073,1778527801932.101,1338,0,909531326,3735,2594.101,5073,3735,3932.101,2594.101
UBER,1778527801000,1778527802517,1778527802517,1779437330664,1778527814483,1778527805558.679,1517,0,909528147,11966,3041.679,13483,11966,4558.679,3041.679
UBER,1778527807000,1778527808387,1778527808388,1779437330664,1778527814483,1778527809361.895,1387,1,909522276,6095,973.895,7483,6096,2361.895,974.895
UBER,1778527809000,1778527810325,1778527810325,1779437330664,1778527814483,1778527810462.955,1325,0,909520339,4158,137.955,5483,4158,1462.955,137.955
UBER,1778527810000,1778527811384,1778527811385,1779437330664,1778527814483,1778527812465.405,1384,1,909519279,3098,1080.405,4483,3099,2465.405,1081.405
UBER,1778527812000,1778527813321,1778527813321,1779437330665,1778527826382,1778527815468.309,1321,0,909517344,13061,2147.309,14382,13061,3468.309,2147.309
UBER,1778527815000,1778527816473,1778527816473,1779437330665,1778527826381,1778527816569.65,1473,0,909514192,9908,96.65,11381,9908,1569.65,96.65
UBER,1778527816000,1778527818380,1778527818380,1779437330665,1778527826381,1778527818471.961,2380,0,909512285,8001,91.961,10381,8001,2471.961,91.961
UBER,1778527817000,1778527819279,1778527819279,1779437330665,1778527826382,1778527819371.614,2279,0,909511386,7103,92.614,9382,7103,2371.614,92.614
UBER,1778527819000,1778527824916,1778527824916,1779437330665,1778527826382,1778527824977.955,5916,0,909505749,1466,61.955,7382,1466,5977.955,61.955
UBER,1778527821000,1778527825019,1778527825019,1779437330665,1778527826382,1778527825078.098,4019,0,909505646,1363,59.098,5382,1363,4078.098,59.098
UBER,1778527822000,1778527825562,1778527825563,1779437330665,1778527826381,1778527825679.549,3562,1,909505102,818,116.549,4381,819,3679.549,117.549
UBER,1778527823000,1778527825615,1778527825616,1779437330665,1778527837665,1778527826479.646,2615,1,909505049,12049,863.646,14665,12050,3479.646,864.646
UBER,1778527825000,1778527828499,1778527828499,1779437330665,1778527837707,1778527828582.625,3499,0,909502166,9208,83.625,12707,9208,3582.625,83.625
UBER,1778527826000,1778527828505,1778527828505,1779437330665,1778527837707,1778527831685.097,2505,0,909502160,9202,3180.097,11707,9202,5685.097,3180.097
UBER,1778527818000,1778527831286,1778527831286,1779437330666,1778527837707,1778527831384.85,13286,0,909499380,6421,98.85,19707,6421,13384.85,98.85
UBER,1778527831000,1778527832344,1778527832344,1779437330666,1778527837707,1778527835789.106,1344,0,909498322,5363,3445.106,6707,5363,4789.106,3445.106
UBER,1778527834000,1778527836660,1778527836661,1779437330666,1778527837707,1778527836789.804,2660,1,909494005,1046,128.804,3707,1047,2789.804,129.804
UBER,1778527835000,1778527837351,1778527837351,1779437330666,1778527849642,1778527838391.471,2351,0,909493315,12291,1040.471,14642,12291,3391.471,1040.471
UBER,1778527838000,1778527839380,1778527839380,1779437330666,1778527849642,1778527839543.92,1380,0,909491286,10262,163.92,11642,10262,1543.92,163.92
UBER,1778527839000,1778527840603,1778527840603,1779437330666,1778527849642,1778527840793.651,1603,0,909490063,9039,190.651,10642,9039,1793.651,190.651
UBER,1778527840000,1778527841298,1778527841298,1779437330666,1778527849642,1778527841494.403,1298,0,909489368,8344,196.403,9642,8344,1494.403,196.403
UBER,1778527841000,1778527842367,1778527842367,1779437330666,1778527849642,1778527843596.72,1367,0,909488299,7275,1229.72,8642,7275,2596.72,1229.72
UBER,1778527843000,1778527844412,1778527844412,1779437330666,1778527849642,1778527849630.286,1412,0,909486254,5230,5218.286,6642,5230,6630.286,5218.286
UBER,1778527849000,1778527850436,1778527850436,1779437330667,1778527861529,1778527852705.94,1436,0,909480231,11093,2269.94,12529,11093,3705.94,2269.94
UBER,1778527851000,1778527853507,1778527853507,1779437330667,1778527861529,1778527853606.763,2507,0,909477160,8022,99.763,10529,8022,2606.763,99.763
UBER,1778527853000,1778527854575,1778527854575,1779437330667,1778527861529,1778527854708.374,1575,0,909476092,6954,133.374,8529,6954,1708.374,133.374
UBER,1778527854000,1778527855411,1778527855411,1779437330667,1778527861529,1778527861514.484,1411,0,909475256,6118,6103.484,7529,6118,7514.484,6103.484
UBER,1778527860000,1778527862581,1778527862581,1779437330668,1778527872740,1778527862715.684,2581,0,909468087,10159,134.684,12740,10159,2715.684,134.684
UBER,1778527862000,1778527863360,1778527863360,1779437330668,1778527872740,1778527867519.922,1360,0,909467308,9380,4159.922,10740,9380,5519.922,4159.922
UBER,1778527867000,1778527868480,1778527868480,1779437330668,1778527884551,1778527873526.483,1480,0,909462188,16071,5046.483,17551,16071,6526.483,5046.483
UBER,1778527873000,1778527874561,1778527874561,1779437330668,1778527884551,1778527876528.645,1561,0,909456107,9990,1967.645,11551,9990,3528.645,1967.645
UBER,1778527878000,1778527881651,1778527881651,1779437330668,1778527884051,1778527881933.149,3651,0,909449017,2400,282.149,6051,2400,3933.149,282.149
UBER,1778527879000,1778527881690,1778527881690,1779437330668,1778527884551,1778527881933.159,2690,0,909448978,2861,243.159,5551,2861,2933.159,243.159
UBER,1778527880000,1778527882007,1778527882007,1779437330669,1778527884551,1778527883234.611,2007,0,909448662,2544,1227.611,4551,2544,3234.611,1227.611
UBER,1778527882000,1778527883395,1778527883395,1779437330669,1778527895664,1778527886037.399,1395,0,909447274,12269,2642.399,13664,12269,4037.399,2642.399
UBER,1778527885000,1778527886453,1778527886453,1779437330669,1778527895664,1778527886537.901,1453,0,909444216,9211,84.901,10664,9211,1537.901,84.901
UBER,1778527886000,1778527887441,1778527887441,1779437330669,1778527895664,1778527891642.662,1441,0,909443228,8223,4201.662,9664,8223,5642.662,4201.662
UBER,1778527877000,1778527887681,1778527887681,1779437330669,1778527895664,1778527887739.998,10681,0,909442988,7983,58.998,18664,7983,10739.998,58.998
UBER,1778527891000,1778527893534,1778527893534,1779437330669,1778527895664,1778527893607.861,2534,0,909437135,2130,73.861,4664,2130,2607.861,73.861
UBER,1778527893000,1778527894407,1778527894407,1779437330669,1778527895664,1778527895542.218,1407,0,909436262,1257,1135.218,2664,1257,2542.218,1135.218
UBER,1778527896000,1778527897536,1778527897536,1779437330670,1778527907575,1778527899650.921,1536,0,909433134,10039,2114.921,11575,10039,3650.921,2114.921
UBER,1778527899000,1778527900458,1778527900458,1779437330670,1778527907575,1778527902553.536,1458,0,909430212,7117,2095.536,8575,7117,3553.536,2095.536
UBER,1778527902000,1778527903505,1778527903505,1779437330670,1778527907575,1778527905555.97,1505,0,909427165,4070,2050.97,5575,4070,3555.97,2050.97
UBER,1778527906000,1778527907563,1778527907563,1779437330670,1778527919577,1778527909770.403,1563,0,909423107,12014,2207.403,13577,12014,3770.403,2207.403
UBER,1778527909000,1778527910581,1778527910581,1779437330670,1778527919578,1778527910764.106,1581,0,909420089,8997,183.106,10578,8997,1764.106,183.106
UBER,1778527910000,1778527911492,1778527911492,1779437330670,1778527919577,1778527911574.25,1492,0,909419178,8085,82.25,9577,8085,1574.25,82.25
UBER,1778527911000,1778527912531,1778527912531,1779437330671,1778527919577,1778527912687.239,1531,0,909418140,7046,156.239,8577,7046,1687.239,156.239
UBER,1778527912000,1778527913446,1778527913446,1779437330671,1778527919577,1778527913544.724,1446,0,909417225,6131,98.724,7577,6131,1544.724,98.724
UBER,1778527913000,1778527914497,1778527914497,1779437330671,1778527919578,1778527914576.349,1497,0,909416174,5081,79.349,6578,5081,1576.349,79.349
UBER,1778527914000,1778527915561,1778527915561,1779437330671,1778527919577,1778527916978.22,1561,0,909415110,4016,1417.22,5577,4016,2978.22,1417.22
UBER,1778527917000,1778527918545,1778527918545,1779437330671,1778527930599,1778527924670.152,1545,0,909412126,12054,6125.152,13599,12054,7670.152,6125.152
UBER,1778527924000,1778527925487,1778527925487,1779437330671,1778527930599,1778527925586.647,1487,0,909405184,5112,99.647,6599,5112,1586.647,99.647
UBER,1778527925000,1778527926583,1778527926583,1779437330671,1778527930599,1778527926887.146,1583,0,909404088,4016,304.146,5599,4016,1887.146,304.146
UBER,1778527926000,1778527927477,1778527927477,1779437330671,1778527942776,1778527931691.29,1477,0,909403194,15299,4214.29,16776,15299,5691.29,4214.29
UBER,1778527930000,1778527932664,1778527932664,1779437330672,1778527942776,1778527933730.558,2664,0,909398008,10112,1066.558,12776,10112,3730.558,1066.558
UBER,1778527933000,1778527934563,1778527934564,1779437330672,1778527942776,1778527934677.312,1563,1,909396108,8212,113.312,9776,8213,1677.312,114.312
UBER,1778527935000,1778527936829,1778527936829,1779437330672,1778527942776,1778527936996.633,1829,0,909393843,5947,167.633,7776,5947,1996.633,167.633
UBER,1778527936000,1778527937677,1778527937677,1779437330672,1778527942776,1778527937897.718,1677,0,909392995,5099,220.718,6776,5099,1897.718,220.718
UBER,1778527937000,1778527938585,1778527938585,1779437330672,1778527942776,1778527938798.205,1585,0,909392087,4191,213.205,5776,4191,1798.205,213.205
UBER,1778527938000,1778527939488,1778527939488,1779437330672,1778527942776,1778527941801.527,1488,0,909391184,3288,2313.527,4776,3288,3801.527,2313.527
UBER,1778527942000,1778527943036,1778527943036,1779437330672,1778527953824,1778527943803.286,1036,0,909387636,10788,767.286,11824,10788,1803.286,767.286
UBER,1778527943000,1778527944521,1778527944521,1779437330673,1778527953824,1778527944604.59,1521,0,909386152,9303,83.59,10824,9303,1604.59,83.59
UBER,1778527944000,1778527945494,1778527945495,1779437330673,1778527953824,1778527945604.773,1494,1,909385178,8329,109.773,9824,8330,1604.773,110.773
UBER,1778527945000,1778527946483,1778527946483,1779437330673,1778527953824,1778527946606.797,1483,0,909384190,7341,123.797,8824,7341,1606.797,123.797
UBER,1778527946000,1778527947558,1778527947558,1779437330673,1778527953824,1778527951712.389,1558,0,909383115,6266,4154.389,7824,6266,5712.389,4154.389
UBER,1778527951000,1778527952469,1778527952469,1779437330673,1778527965867,1778527957594.811,1469,0,909378204,13398,5125.811,14867,13398,6594.811,5125.811
UBER,1778527958000,1778527958518,1778527958518,1779437330673,1778527965867,1778527959918.815,518,0,909372155,7349,1400.815,7867,7349,1918.815,1400.815
UBER,1778527959000,1778527960577,1778527960577,1779437330673,1778527965867,1778527961892.859,1577,0,909370096,5290,1315.859,6867,5290,2892.859,1315.859
UBER,1778527961000,1778527962590,1778527962590,1779437330674,1778527965867,1778527963022.11,1590,0,909368084,3277,432.11,4867,3277,2022.11,432.11
UBER,1778527962000,1778527963563,1778527963563,1779437330674,1778527965867,1778527963622.89,1563,0,909367111,2304,59.89,3867,2304,1622.89,59.89
UBER,1778527963000,1778527964771,1778527964771,1779437330674,1778527965867,1778527965850.641,1771,0,909365903,1096,1079.641,2867,1096,2850.641,1079.641
UBER,1778527965000,1778527966779,1778527966779,1779437330674,1778527977834,1778527966925.722,1779,0,909363895,11055,146.722,12834,11055,1925.722,146.722
UBER,1778527966000,1778527967558,1778527967558,1779437330674,1778527977834,1778527970628.621,1558,0,909363116,10276,3070.621,11834,10276,4628.621,3070.621
UBER,1778527971000,1778527972568,1778527972568,1779437330674,1778527977831,1778527974632.576,1568,0,909358106,5263,2064.576,6831,5263,3632.576,2064.576
UBER,1778527974000,1778527975520,1778527975520,1779437330674,1778527977834,1778527976834.93,1520,0,909355154,2314,1314.93,3834,2314,2834.93,1314.93
UBER,1778527976000,1778527977512,1778527977512,1779437330674,1778527989759,1778527979838.428,1512,0,909353162,12247,2326.428,13759,12247,3838.428,2326.428
UBER,1778527980000,1778527981556,1778527981557,1779437330675,1778527989759,1778527987593.053,1556,1,909349118,8202,6036.053,9759,8203,7593.053,6037.053
UBER,1778527987000,1778527988703,1778527988703,1779437330675,1778528001872,1778527995650.752,1703,0,909341972,13169,6947.752,14872,13169,8650.752,6947.752
UBER,1778527995000,1778527996942,1778527996942,1779437330676,1778528001871,1778527997152.154,1942,0,909333734,4929,210.154,6871,4929,2152.154,210.154
UBER,1778527996000,1778527997526,1778527997526,1779437330676,1778528012885,1778528003458.4,1526,0,909333150,15359,5932.4,16885,15359,7458.4,5932.4
UBER,1778527999000,1778528003370,1778528003370,1779437330676,1778528012885,1778528003458.376,4370,0,909327306,9515,88.376,13885,9515,4458.376,88.376
UBER,1778528001000,1778528003475,1778528003475,1779437330676,1778528012885,1778528005159.755,2475,0,909327201,9410,1684.755,11885,9410,4159.755,1684.755
UBER,1778528004000,1778528005652,1778528005652,1779437330676,1778528012884,1778528005960.809,1652,0,909325024,7232,308.809,8884,7232,1960.809,308.809
UBER,1778528005000,1778528006508,1778528006508,1779437330676,1778528012885,1778528009964.949,1508,0,909324168,6377,3456.949,7885,6377,4964.949,3456.949
UBER,1778528009000,1778528010781,1778528010781,1779437330676,1778528024895,1778528018874.138,1781,0,909319895,14114,8093.138,15895,14114,9874.138,8093.138
UBER,1778528018000,1778528019766,1778528019766,1779437330677,1778528024895,1778528020875.492,1766,0,909310911,5129,1109.492,6895,5129,2875.492,1109.492
UBER,1778528019000,1778528021916,1778528021916,1779437330677,1778528024895,1778528022878.944,2916,0,909308761,2979,962.944,5895,2979,3878.944,962.944
UBER,1778528023000,1778528023542,1778528023542,1779437330677,1778528024895,1778528024880.065,542,0,909307135,1353,1338.065,1895,1353,1880.065,1338.065
UBER,1778528024000,1778528025721,1778528025721,1779437330677,1778528036805,1778528027881.907,1721,0,909304956,11084,2160.907,12805,11084,3881.907,2160.907
UBER,1778528027000,1778528028644,1778528028644,1779437330678,1778528036805,1778528028783.522,1644,0,909302034,8161,139.522,9805,8161,1783.522,139.522
UBER,1778528028000,1778528029719,1778528029719,1779437330678,1778528036805,1778528033589.37,1719,0,909300959,7086,3870.37,8805,7086,5589.37,3870.37
UBER,1778528033000,1778528034621,1778528034621,1779437330678,1778528036805,1778528034890.247,1621,0,909296057,2184,269.247,3805,2184,1890.247,269.247
UBER,1778528034000,1778528035605,1778528035605,1779437330678,1778528047815,1778528038609.557,1605,0,909295073,12210,3004.557,13815,12210,4609.557,3004.557
UBER,1778528037000,1778528039636,1778528039636,1779437330678,1778528047815,1778528040596.269,2636,0,909291042,8179,960.269,10815,8179,3596.269,960.269
UBER,1778528040000,1778528041813,1778528041813,1779437330678,1778528047815,1778528044099.419,1813,0,909288865,6002,2286.419,7815,6002,4099.419,2286.419
UBER,1778528042000,1778528044702,1778528044702,1779437330679,1778528059828,1778528049805.351,2702,0,909285977,15126,5103.351,17828,15126,7805.351,5103.351
UBER,1778528049000,1778528050599,1778528050600,1779437330679,1778528059828,1778528052909.422,1599,1,909280079,9228,2309.422,10828,9229,3909.422,2310.422
UBER,1778528052000,1778528053518,1778528053518,1779437330679,1778528059808,1778528053608.683,1518,0,909277161,6290,90.683,7808,6290,1608.683,90.683
UBER,1778528053000,1778528054564,1778528054565,1779437330679,1778528059828,1778528055811.295,1564,1,909276114,5263,1246.295,6828,5264,2811.295,1247.295
UBER,1778528055000,1778528056639,1778528056639,1779437330679,1778528071763,1778528059814.648,1639,0,909274040,15124,3175.648,16763,15124,4814.648,3175.648
UBER,1778528059000,1778528060801,1778528060801,1779437330680,1778528071763,1778528061716.087,1801,0,909269879,10962,915.087,12763,10962,2716.087,915.087
UBER,1778528062000,1778528062604,1778528062604,1779437330680,1778528071763,1778528065719.855,604,0,909268076,9159,3115.855,9763,9159,3719.855,3115.855
UBER,1778528065000,1778528066539,1778528066539,1779437330680,1778528071763,1778528066621.175,1539,0,909264141,5224,82.175,6763,5224,1621.175,82.175
UBER,1778528066000,1778528067858,1778528067858,1779437330680,1778528071763,1778528068123.653,1858,0,909262822,3905,265.653,5763,3905,2123.653,265.653
UBER,1778528067000,1778528068741,1778528068741,1779437330680,1778528071763,1778528068803.45,1741,0,909261939,3022,62.45,4763,3022,1803.45,62.45
UBER,1778528068000,1778528069785,1778528069785,1779437330680,1778528071763,1778528069854.88,1785,0,909260895,1978,69.88,3763,1978,1854.88,69.88
UBER,1778528069000,1778528070659,1778528070659,1779437330680,1778528082751,1778528073929.837,1659,0,909260021,12092,3270.837,13751,12092,4929.837,3270.837
UBER,1778528073000,1778528074542,1778528074542,1779437330681,1778528082751,1778528075729.499,1542,0,909256139,8209,1187.499,9751,8209,2729.499,1187.499
UBER,1778528077000,1778528077587,1778528077587,1779437330681,1778528082751,1778528078732.176,587,0,909253094,5164,1145.176,5751,5164,1732.176,1145.176
UBER,1778528078000,1778528079538,1778528079538,1779437330681,1778528082751,1778528079633.108,1538,0,909251143,3213,95.108,4751,3213,1633.108,95.108
UBER,1778528080000,1778528081786,1778528081786,1779437330681,1778528082751,1778528081878.824,1786,0,909248895,965,92.824,2751,965,1878.824,92.824
UBER,1778528081000,1778528083452,1778528083452,1779437330681,1778528093766,1778528083929.097,2452,0,909247229,10314,477.097,12766,10314,2929.097,477.097
UBER,1778528085000,1778528086677,1778528086677,1779437330681,1778528093766,1778528089907.637,1677,0,909244004,7089,3230.637,8766,7089,4907.637,3230.637
UBER,1778528089000,1778528090575,1778528090575,1779437330681,1778528093766,1778528091644.362,1575,0,909240106,3191,1069.362,4766,3191,2644.362,1069.362
UBER,1778528091000,1778528092860,1778528092860,1779437330682,1778528104774,1778528097005.113,1860,0,909237822,11914,4145.113,13774,11914,6005.113,4145.113
UBER,1778528096000,1778528097547,1778528097548,1779437330682,1778528104774,1778528103956.523,1547,1,909233134,7226,6408.523,8774,7227,7956.523,6409.523
UBER,1778528103000,1778528104818,1778528104818,1779437330682,1778528115782,1778528105156.988,1818,0,909225864,10964,338.988,12782,10964,2156.988,338.988
UBER,1778528104000,1778528105669,1778528105669,1779437330682,1778528115782,1778528105757.851,1669,0,909225013,10113,88.851,11782,10113,1757.851,88.851
UBER,1778528105000,1778528106653,1778528106653,1779437330682,1778528115783,1778528106759.647,1653,0,909224029,9130,106.647,10783,9130,1759.647,106.647
UBER,1778528106000,1778528107758,1778528107758,1779437330682,1778528115783,1778528108761.436,1758,0,909222924,8025,1003.436,9783,8025,2761.436,1003.436
UBER,1778528108000,1778528109572,1778528109572,1779437330683,1778528115783,1778528109661.759,1572,0,909221111,6211,89.759,7783,6211,1661.759,89.759
UBER,1778528109000,1778528110832,1778528110832,1779437330683,1778528115783,1778528111062.747,1832,0,909219851,4951,230.747,6783,4951,2062.747,230.747
UBER,1778528110000,1778528111667,1778528111667,1779437330683,1778528115782,1778528111763.616,1667,0,909219016,4115,96.616,5782,4115,1763.616,96.616
UBER,1778528111000,1778528112728,1778528112728,1779437330683,1778528115783,1778528113765.103,1728,0,909217955,3055,1037.103,4783,3055,2765.103,1037.103
UBER,1778528113000,1778528114694,1778528114694,1779437330683,1778528126993,1778528115867.924,1694,0,909215989,12299,1173.924,13993,12299,2867.924,1173.924
UBER,1778528115000,1778528117681,1778528117681,1779437330683,1778528126993,1778528119871.303,2681,0,909213002,9312,2190.303,11993,9312,4871.303,2190.303
UBER,1778528120000,1778528121560,1778528121560,1779437330683,1778528126993,1778528121672.706,1560,0,909209123,5433,112.706,6993,5433,1672.706,112.706
UBER,1778528121000,1778528122617,1778528122617,1779437330683,1778528126993,1778528124776.767,1617,0,909208066,4376,2159.767,5993,4376,3776.767,2159.767
UBER,1778528124000,1778528125614,1778528125614,1779437330684,1778528138868,1778528129983.874,1614,0,909205070,13254,4369.874,14868,13254,5983.874,4369.874
UBER,1778528130000,1778528130667,1778528130667,1779437330684,1778528138868,1778528133989.415,667,0,909200017,8201,3322.415,8868,8201,3989.415,3322.415
UBER,1778528134000,1778528134628,1778528134629,1779437330684,1778528138868,1778528135989.77,628,1,909196055,4239,1360.77,4868,4240,1989.77,1361.77
UBER,1778528135000,1778528136658,1778528136658,1779437330684,1778528138866,1778528136790.341,1658,0,909194026,2208,132.341,3866,2208,1790.341,132.341
UBER,1778528136000,1778528137710,1778528137710,1779437330684,1778528138868,1778528137891.53,1710,0,909192974,1158,181.53,2868,1158,1891.53,181.53
UBER,1778528138000,1778528138796,1778528138796,1779437330684,1778528149917,1778528141783.09,796,0,909191888,11121,2987.09,11917,11121,3783.09,2987.09
UBER,1778528142000,1778528142777,1778528142777,1779437330685,1778528149917,1778528143797.854,777,0,909187908,7140,1020.854,7917,7140,1797.854,1020.854
UBER,1778528143000,1778528144714,1778528144714,1779437330685,1778528149917,1778528144898.182,1714,0,909185971,5203,184.182,6917,5203,1898.182,184.182
UBER,1778528145000,1778528145594,1778528145594,1779437330685,1778528149917,1778528145698.989,594,0,909185091,4323,104.989,4917,4323,698.989,104.989
UBER,1778528146000,1778528147707,1778528147707,1779437330685,1778528149917,1778528148790.344,1707,0,909182978,2210,1083.344,3917,2210,2790.344,1083.344
UBER,1778528149000,1778528149584,1778528149584,1779437330685,1778528162228,1778528151704.292,584,0,909181101,12644,2120.292,13228,12644,2704.292,2120.292
UBER,1778528151000,1778528152828,1778528152828,1779437330685,1778528162228,1778528155907.703,1828,0,909177857,9400,3079.703,11228,9400,4907.703,3079.703
UBER,1778528156000,1778528157619,1778528157619,1779437330686,1778528162227,1778528157709.666,1619,0,909173067,4608,90.666,6227,4608,1709.666,90.666
UBER,1778528157000,1778528158830,1778528158830,1779437330686,1778528173840,1778528163114.402,1830,0,909171856,15010,4284.402,16840,15010,6114.402,4284.402
UBER,1778528162000,1778528163979,1778528163979,1779437330686,1778528173840,1778528164816.219,1979,0,909166707,9861,837.219,11840,9861,2816.219,837.219
UBER,1778528164000,1778528165675,1778528165675,1779437330686,1778528173840,1778528167018.317,1675,0,909165011,8165,1343.317,9840,8165,3018.317,1343.317
UBER,1778528166000,1778528167595,1778528167595,1779437330686,1778528173838,1778528167719.246,1595,0,909163091,6243,124.246,7838,6243,1719.246,124.246
UBER,1778528167000,1778528168630,1778528168630,1779437330686,1778528173840,1778528168719.808,1630,0,909162056,5210,89.808,6840,5210,1719.808,89.808
UBER,1778528168000,1778528169710,1778528169710,1779437330686,1778528173840,1778528170922.12,1710,0,909160976,4130,1212.12,5840,4130,2922.12,1212.12
UBER,1778528171000,1778528171674,1778528171674,1779437330686,1778528173838,1778528171824.026,674,0,909159012,2164,150.026,2838,2164,824.026,150.026
UBER,1778528172000,1778528173686,1778528173686,1779437330686,1778528185749,1778528174826.41,1686,0,909157000,12063,1140.41,13749,12063,2826.41,1140.41
UBER,1778528174000,1778528175644,1778528175645,1779437330687,1778528185749,1778528177028.487,1644,1,909155042,10104,1383.487,11749,10105,3028.487,1384.487
UBER,1778528177000,1778528177690,1778528177690,1779437330687,1778528185749,1778528178779.441,690,0,909152997,8059,1089.441,8749,8059,1779.441,1089.441
UBER,1778528178000,1778528179671,1778528179671,1779437330687,1778528185749,1778528181934.583,1671,0,909151016,6078,2263.583,7749,6078,3934.583,2263.583
UBER,1778528182000,1778528182881,1778528182881,1779437330687,1778528185749,1778528184035.825,881,0,909147806,2868,1154.825,3749,2868,2035.825,1154.825
UBER,1778528184000,1778528184851,1778528184851,1779437330687,1778528197958,1778528185899.151,851,0,909145836,13107,1048.151,13958,13107,1899.151,1048.151
UBER,1778528186000,1778528186842,1778528186842,1779437330687,1778528197958,1778528187940.408,842,0,909143845,11116,1098.408,11958,11116,1940.408,1098.408
UBER,1778528187000,1778528188850,1778528188850,1779437330687,1778528197958,1778528189041.095,1850,0,909141837,9108,191.095,10958,9108,2041.095,191.095
UBER,1778528189000,1778528190744,1778528190744,1779437330687,1778528197958,1778528191042.774,1744,0,909139943,7214,298.774,8958,7214,2042.774,298.774
UBER,1778528190000,1778528191869,1778528191869,1779437330687,1778528197958,1778528191943.45,1869,0,909138818,6089,74.45,7958,6089,1943.45,74.45
UBER,1778528191000,1778528192812,1778528192813,1779437330688,1778528197958,1778528192882.838,1812,1,909137875,5145,69.838,6958,5146,1882.838,70.838
UBER,1778528192000,1778528193844,1778528193844,1779437330688,1778528197958,1778528193946.628,1844,0,909136844,4114,102.628,5958,4114,1946.628,102.628
UBER,1778528193000,1778528194662,1778528194662,1779437330688,1778528197958,1778528194746.226,1662,0,909136026,3296,84.226,4958,3296,1746.226,84.226
UBER,1778528195000,1778528195713,1778528195713,1779437330688,1778528209773,1778528199953.454,713,0,909134975,14060,4240.454,14773,14060,4953.454,4240.454
UBER,1778528199000,1778528200802,1778528200802,1779437330688,1778528209773,1778528203912.718,1802,0,909129886,8971,3110.718,10773,8971,4912.718,3110.718
UBER,1778528202000,1778528204662,1778528204662,1779437330688,1778528209772,1778528204758.274,2662,0,909126026,5110,96.274,7772,5110,2758.274,96.274
UBER,1778528204000,1778528205859,1778528205859,1779437330688,1778528209773,1778528208060.273,1859,0,909124829,3914,2201.273,5773,3914,4060.273,2201.273
UBER,1778528208000,1778528208708,1778528208708,1779437330689,1778528221084,1778528209916.819,708,0,909121981,12376,1208.819,13084,12376,1916.819,1208.819
UBER,1778528211000,1778528212880,1778528212880,1779437330689,1778528221084,1778528213866.637,1880,0,909117809,8204,986.637,10084,8204,2866.637,986.637
UBER,1778528214000,1778528214774,1778528214774,1779437330689,1778528221084,1778528219071.638,774,0,909115915,6310,4297.638,7084,6310,5071.638,4297.638
UBER,1778528218000,1778528219678,1778528219679,1779437330689,1778528221084,1778528219771.99,1678,1,909111010,1405,92.99,3084,1406,1771.99,93.99
UBER,1778528219000,1778528220721,1778528220721,1779437330689,1778528221084,1778528220817.842,1721,0,909109968,363,96.842,2084,363,1817.842,96.842
UBER,1778528220000,1778528221983,1778528221983,1779437330689,1778528232936,1778528222474.461,1983,0,909108706,10953,491.461,12936,10953,2474.461,491.461
UBER,1778528221000,1778528222957,1778528222957,1779437330689,1778528232934,1778528223076.241,1957,0,909107732,9977,119.241,11934,9977,2076.241,119.241
UBER,1778528223000,1778528224046,1778528224046,1779437330689,1778528232936,1778528225977.905,1046,0,909106643,8890,1931.905,9936,8890,2977.905,1931.905
UBER,1778528225000,1778528226692,1778528226692,1779437330690,1778528232936,1778528227758.489,1692,0,909103998,6244,1066.489,7936,6244,2758.489,1066.489
UBER,1778528227000,1778528228749,1778528228749,1779437330690,1778528232936,1778528232921.764,1749,0,909101941,4187,4172.764,5936,4187,5921.764,4172.764
UBER,1778528232000,1778528233710,1778528233711,1779437330690,1778528244810,1778528233985.218,1710,1,909096979,11099,274.218,12810,11100,1985.218,275.218
UBER,1778528233000,1778528234891,1778528234891,1779437330690,1778528244809,1778528234987.574,1891,0,909095799,9918,96.574,11809,9918,1987.574,96.574
UBER,1778528234000,1778528235722,1778528235722,1779437330690,1778528244810,1778528235987.44,1722,0,909094968,9088,265.44,10810,9088,1987.44,265.44
UBER,1778528235000,1778528236724,1778528236725,1779437330690,1778528244810,1778528236788.199,1724,1,909093965,8085,63.199,9810,8086,1788.199,64.199
UBER,1778528238000,1778528238753,1778528238754,1779437330690,1778528244810,1778528242928.291,753,1,909091936,6056,4174.291,6810,6057,4928.291,4175.291
UBER,1778528242000,1778528243729,1778528243729,1779437330691,1778528244810,1778528243795.848,1729,0,909086962,1081,66.848,2810,1081,1795.848,66.848
UBER,1778528243000,1778528244853,1778528244853,1779437330691,1778528256022,1778528244998.191,1853,0,909085838,11169,145.191,13022,11169,1998.191,145.191
UBER,1778528244000,1778528245840,1778528245840,1779437330691,1778528256021,1778528246998.333,1840,0,909084851,10181,1158.333,12021,10181,2998.333,1158.333
UBER,1778528246000,1778528247791,1778528247791,1779437330691,1778528256022,1778528252889.199,1791,0,909082900,8231,5098.199,10022,8231,6889.199,5098.199
UBER,1778528253000,1778528254821,1778528254821,1779437330691,1778528267931,1778528257007.083,1821,0,909075870,13110,2186.083,14931,13110,4007.083,2186.083
UBER,1778528256000,1778528257810,1778528257810,1779437330691,1778528267931,1778528260911.002,1810,0,909072881,10121,3101.002,11931,10121,4911.002,3101.002
UBER,1778528261000,1778528261860,1778528261860,1779437330692,1778528267931,1778528264014.774,860,0,909068832,6071,2154.774,6931,6071,3014.774,2154.774
UBER,1778528263000,1778528264897,1778528264897,1779437330692,1778528267931,1778528267118.762,1897,0,909065795,3034,2221.762,4931,3034,4118.762,2221.762
UBER,1778528266000,1778528267832,1778528267832,1779437330692,1778528267931,1778528267918.946,1832,0,909062860,99,86.946,1931,99,1918.946,86.946
UBER,1778528267000,1778528268792,1778528268792,1779437330692,1778528279944,1778528270021.423,1792,0,909061900,11152,1229.423,12944,11152,3021.423,1229.423
UBER,1778528271000,1778528271704,1778528271704,1779437330692,1778528279944,1778528273924.927,704,0,909058988,8240,2220.927,8944,8240,2924.927,2220.927
UBER,1778528272000,1778528274803,1778528274803,1779437330692,1778528279944,1778528275025.763,2803,0,909055889,5141,222.763,7944,5141,3025.763,222.763
UBER,1778528275000,1778528276906,1778528276906,1779437330693,1778528279944,1778528278029.209,1906,0,909053787,3038,1123.209,4944,3038,3029.209,1123.209
UBER,1778528278000,1778528279854,1778528279854,1779437330693,1778528291754,1778528282233.919,1854,0,909050839,11900,2379.919,13754,11900,4233.919,2379.919
UBER,1778528281000,1778528282888,1778528282888,1779437330693,1778528291754,1778528287910.939,1888,0,909047805,8866,5022.939,10754,8866,6910.939,5022.939
UBER,1778528287000,1778528288857,1778528288857,1779437330693,1778528302964,1778528293144.939,1857,0,909041836,14107,4287.939,15964,14107,6144.939,4287.939
UBER,1778528293000,1778528293845,1778528293845,1779437330694,1778528302964,1778528295047.136,845,0,909036849,9119,1202.136,9964,9119,2047.136,1202.136
UBER,1778528294000,1778528295883,1778528295884,1779437330694,1778528302964,1778528296147.456,1883,1,909034810,7080,263.456,8964,7081,2147.456,264.456
UBER,1778528295000,1778528296926,1778528296926,1779437330694,1778528302964,1778528297949.171,1926,0,909033768,6038,1023.171,7964,6038,2949.171,1023.171
UBER,1778528297000,1778528298911,1778528298911,1779437330694,1778528302964,1778528299050.824,1911,0,909031783,4053,139.824,5964,4053,2050.824,139.824
UBER,1778528298000,1778528299831,1778528299831,1779437330694,1778528302964,1778528299919.936,1831,0,909030863,3133,88.936,4964,3133,1919.936,88.936
UBER,1778528300000,1778528300812,1778528300812,1779437330694,1778528314776,1778528306937.408,812,0,909029882,13964,6125.408,14776,13964,6937.408,6125.408
UBER,1778528306000,1778528307849,1778528307849,1779437330695,1778528314775,1778528307908.295,1849,0,909022846,6926,59.295,8775,6926,1908.295,59.295
UBER,1778528307000,1778528309014,1778528309014,1779437330695,1778528314775,1778528309159.591,2014,0,909021681,5761,145.591,7775,5761,2159.591,145.591
UBER,1778528309000,1778528310944,1778528310945,1779437330695,1778528314776,1778528311062.381,1944,1,909019750,3831,117.381,5776,3832,2062.381,118.381
UBER,1778528310000,1778528311941,1778528311941,1779437330695,1778528314776,1778528314064.608,1941,0,909018754,2835,2123.608,4776,2835,4064.608,2123.608
UBER,1778528313000,1778528314853,1778528314853,1779437330695,1778528326087,1778528316065.751,1853,0,909015842,11234,1212.751,13087,11234,3065.751,1212.751
UBER,1778528315000,1778528316935,1778528316935,1779437330695,1778528326085,1778528316993.218,1935,0,909013760,9150,58.218,11085,9150,1993.218,58.218
UBER,1778528317000,1778528317881,1778528317881,1779437330695,1778528326087,1778528319969.916,881,0,909012814,8206,2088.916,9087,8206,2969.916,2088.916
UBER,1778528319000,1778528320883,1778528320883,1779437330695,1778528326087,1778528320970.676,1883,0,909009812,5204,87.676,7087,5204,1970.676,87.676
UBER,1778528320000,1778528321919,1778528321919,1779437330695,1778528326087,1778528322071.046,1919,0,909008776,4168,152.046,6087,4168,2071.046,152.046
UBER,1778528321000,1778528322851,1778528322851,1779437330695,1778528326087,1778528324922.406,1851,0,909007844,3236,2071.406,5087,3236,3922.406,2071.406
UBER,1778528325000,1778528326049,1778528326049,1779437330696,1778528338097,1778528331981.609,1049,0,909004647,12048,5932.609,13097,12048,6981.609,5932.609
UBER,1778528331000,1778528332907,1778528332907,1779437330696,1778528350013,1778528339086.677,1907,0,908997789,17106,6179.677,19013,17106,8086.677,6179.677
UBER,1778528338000,1778528339870,1778528339871,1779437330697,1778528350013,1778528339987.761,1870,1,908990826,10142,116.761,12013,10143,1987.761,117.761
UBER,1778528339000,1778528341093,1778528341094,1779437330697,1778528350011,1778528341239.509,2093,1,908989603,8917,145.509,11011,8918,2239.509,146.509
UBER,1778528341000,1778528342263,1778528342263,1779437330697,1778528350013,1778528344091.874,1263,0,908988434,7750,1828.874,9013,7750,3091.874,1828.874
UBER,1778528343000,1778528344942,1778528344942,1779437330697,1778528350013,1778528348195.317,1942,0,908985755,5071,3253.317,7013,5071,5195.317,3253.317
UBER,1778528349000,1778528349950,1778528349950,1779437330697,1778528361219,1778528351999.245,950,0,908980747,11269,2049.245,12219,11269,2999.245,2049.245
UBER,1778528351000,1778528352935,1778528352935,1779437330697,1778528361219,1778528353001.116,1935,0,908977762,8284,66.116,10219,8284,2001.116,66.116
UBER,1778528352000,1778528353833,1778528353833,1779437330697,1778528361219,1778528355077.823,1833,0,908976864,7386,1244.823,9219,7386,3077.823,1244.823
UBER,1778528354000,1778528355952,1778528355952,1779437330698,1778528361219,1778528357975.645,1952,0,908974746,5267,2023.645,7219,5267,3975.645,2023.645
UBER,1778528358000,1778528359895,1778528359896,1779437330698,1778528372987,1778528363010.353,1895,1,908970802,13091,3114.353,14987,13092,5010.353,3115.353
UBER,1778528362000,1778528363961,1778528363961,1779437330698,1778528372987,1778528364210.26,1961,0,908966737,9026,249.26,10987,9026,2210.26,249.26
UBER,1778528364000,1778528364896,1778528364896,1779437330698,1778528372987,1778528366212.37,896,0,908965802,8091,1316.37,8987,8091,2212.37,1316.37
UBER,1778528365000,1778528366845,1778528366845,1779437330698,1778528372987,1778528370216.204,1845,0,908963853,6142,3371.204,7987,6142,5216.204,3371.204
UBER,1778528370000,1778528371005,1778528371005,1779437330698,1778528372987,1778528372317.844,1005,0,908959693,1982,1312.844,2987,1982,2317.844,1312.844
UBER,1778528371000,1778528372915,1778528372915,1779437330699,1778528384041,1778528374120.379,1915,0,908957784,11126,1205.379,13041,11126,3120.379,1205.379
UBER,1778528373000,1778528374849,1778528374850,1779437330699,1778528384040,1778528375020.772,1849,1,908955849,9190,170.772,11040,9191,2020.772,171.772
UBER,1778528375000,1778528375912,1778528375912,1779437330699,1778528384041,1778528378224.4,912,0,908954787,8129,2312.4,9041,8129,3224.4,2312.4
UBER,1778528379000,1778528379981,1778528379981,1779437330699,1778528395852,1778528387333.207,981,0,908950718,15871,7352.207,16852,15871,8333.207,7352.207
UBER,1778528386000,1778528387996,1778528387996,1779437330700,1778528395852,1778528390235.974,1996,0,908942704,7856,2239.974,9852,7856,4235.974,2239.974
UBER,1778528389000,1778528390983,1778528390983,1779437330700,1778528395852,1778528395140.21,1983,0,908939717,4869,4157.21,6852,4869,6140.21,4157.21
UBER,1778528394000,1778528395910,1778528395910,1779437330700,1778528406162,1778528399045.446,1910,0,908934790,10252,3135.446,12162,10252,5045.446,3135.446
UBER,1778528398000,1778528399910,1778528399910,1779437330700,1778528406162,1778528400045.753,1910,0,908930790,6252,135.753,8162,6252,2045.753,135.753
UBER,1778528400000,1778528400962,1778528400962,1779437330701,1778528406162,1778528402848.659,962,0,908929739,5200,1886.659,6162,5200,2848.659,1886.659
UBER,1778528401000,1778528402948,1778528402948,1779437330701,1778528417274,1778528406351.512,1948,0,908927753,14326,3403.512,16274,14326,5351.512,3403.512
UBER,1778528406000,1778528406950,1778528406950,1779437330701,1778528417274,1778528416361.074,950,0,908923751,10324,9411.074,11274,10324,10361.074,9411.074
UBER,1778528416000,1778528416963,1778528416963,1779437330701,1778528428785,1778528418063.425,963,0,908913738,11822,1100.425,12785,11822,2063.425,1100.425
UBER,1778528418000,1778528418920,1778528418921,1779437330702,1778528428785,1778528419064.62,920,1,908911781,9864,143.62,10785,9865,1064.62,144.62
UBER,1778528420000,1778528421011,1778528421011,1779437330702,1778528428785,1778528422267.244,1011,0,908909691,7774,1256.244,8785,7774,2267.244,1256.244
UBER,1778528421000,1778528422959,1778528422959,1779437330702,1778528428785,1778528423055.25,1959,0,908907743,5826,96.25,7785,5826,2055.25,96.25
UBER,1778528422000,1778528423858,1778528423858,1779437330702,1778528428785,1778528423969.292,1858,0,908906844,4927,111.292,6785,4927,1969.292,111.292
UBER,1778528424000,1778528424995,1778528424995,1779437330702,1778528428785,1778528428073.109,995,0,908905707,3790,3078.109,4785,3790,4073.109,3078.109
UBER,1778528428000,1778528429112,1778528429112,1779437330702,1778528440167,1778528430074.378,1112,0,908901590,11055,962.378,12167,11055,2074.378,962.378
UBER,1778528429000,1778528431142,1778528431142,1779437330702,1778528440097,1778528431275.757,2142,0,908899560,8955,133.757,11097,8955,2275.757,133.757
UBER,1778528431000,1778528431952,1778528431952,1779437330703,1778528440167,1778528433156.694,952,0,908898751,8215,1204.694,9167,8215,2156.694,1204.694
UBER,1778528432000,1778528433959,1778528433959,1779437330703,1778528440167,1778528434041.358,1959,0,908896744,6208,82.358,8167,6208,2041.358,82.358
UBER,1778528433000,1778528434922,1778528434922,1779437330703,1778528440167,1778528436081.586,1922,0,908895781,5245,1159.586,7167,5245,3081.586,1159.586
UBER,1778528436000,1778528436922,1778528436922,1779437330703,1778528440167,1778528438082.87,922,0,908893781,3245,1160.87,4167,3245,2082.87,1160.87
UBER,1778528438000,1778528438910,1778528438910,1779437330703,1778528452111,1778528440184.341,910,0,908891793,13201,1274.341,14111,13201,2184.341,1274.341
UBER,1778528440000,1778528440920,1778528440920,1779437330703,1778528452111,1778528442035.26,920,0,908889783,11191,1115.26,12111,11191,2035.26,1115.26
UBER,1778528441000,1778528442906,1778528442906,1779437330703,1778528452111,1778528448092.387,1906,0,908887797,9205,5186.387,11111,9205,7092.387,5186.387
UBER,1778528448000,1778528448986,1778528448986,1779437330704,1778528452111,1778528449093.94,986,0,908881718,3125,107.94,4111,3125,1093.94,107.94
UBER,1778528449000,1778528450026,1778528450026,1779437330704,1778528452111,1778528451295.514,1026,0,908880678,2085,1269.514,3111,2085,2295.514,1269.514
UBER,1778528450000,1778528452127,1778528452127,1779437330704,1778528463124,1778528452296.094,2127,0,908878577,10997,169.094,13124,10997,2296.094,169.094
UBER,1778528451000,1778528452954,1778528452954,1779437330704,1778528463124,1778528453017.052,1954,0,908877750,10170,63.052,12124,10170,2017.052,63.052
UBER,1778528452000,1778528454000,1778528454001,1779437330704,1778528463219,1778528455100.148,2000,1,908876703,9218,1099.148,11219,9219,3100.148,1100.148
UBER,1778528454000,1778528455972,1778528455972,1779437330704,1778528463219,1778528456299.851,1972,0,908874732,7247,327.851,9219,7247,2299.851,327.851
UBER,1778528455000,1778528457003,1778528457003,1779437330704,1778528463219,1778528457100.849,2003,0,908873701,6216,97.849,8219,6216,2100.849,97.849
UBER,1778528457000,1778528457934,1778528457934,1779437330704,1778528463219,1778528459991.283,934,0,908872770,5285,2057.283,6219,5285,2991.283,2057.283
UBER,1778528460000,1778528461017,1778528461017,1779437330704,1778528463124,1778528461105.205,1017,0,908869687,2107,88.205,3124,2107,1105.205,88.205
UBER,1778528461000,1778528462150,1778528462150,1779437330704,1778528475230,1778528463207.049,1150,0,908868554,13080,1057.049,14230,13080,2207.049,1057.049
UBER,1778528463000,1778528463996,1778528463996,1779437330705,1778528475230,1778528465109.653,996,0,908866709,11234,1113.653,12230,11234,2109.653,1113.653
UBER,1778528464000,1778528465969,1778528465969,1779437330705,1778528475230,1778528471014.949,1969,0,908864736,9261,5045.949,11230,9261,7014.949,5045.949
UBER,1778528470000,1778528471958,1778528471958,1779437330705,1778528486940,1778528475318.629,1958,0,908858747,14982,3360.629,16940,14982,5318.629,3360.629
UBER,1778528474000,1778528476066,1778528476066,1779437330705,1778528486939,1778528476219.767,2066,0,908854639,10873,153.767,12939,10873,2219.767,153.767
UBER,1778528475000,1778528477015,1778528477015,1779437330705,1778528486940,1778528477071.524,2015,0,908853690,9925,56.524,11940,9925,2071.524,56.524
UBER,1778528478000,1778528479160,1778528479160,1779437330705,1778528486940,1778528480123.793,1160,0,908851545,7780,963.793,8940,7780,2123.793,963.793
UBER,1778528479000,1778528480937,1778528480937,1779437330706,1778528486940,1778528481024.733,1937,0,908849769,6003,87.733,7940,6003,2024.733,87.733
UBER,1778528481000,1778528481971,1778528481971,1779437330706,1778528486940,1778528485328.437,971,0,908848735,4969,3357.437,5940,4969,4328.437,3357.437
UBER,1778528484000,1778528485954,1778528485955,1779437330706,1778528498153,1778528492134.93,1954,1,908844751,12198,6179.93,14153,12199,8134.93,6180.93
UBER,1778528492000,1778528492950,1778528492950,1779437330706,1778528498152,1778528493036.393,950,0,908837756,5202,86.393,6152,5202,1036.393,86.393
UBER,1778528493000,1778528494053,1778528494053,1779437330706,1778528498153,1778528494136.494,1053,0,908836653,4100,83.494,5153,4100,1136.494,83.494
UBER,1778528494000,1778528495000,1778528495000,1779437330706,1778528498153,1778528497240.008,1000,0,908835706,3153,2240.008,4153,3153,3240.008,2240.008
UBER,1778528497000,1778528498004,1778528498004,1779437330707,1778528509165,1778528499076.806,1004,0,908832703,11161,1072.806,12165,11161,2076.806,1072.806
UBER,1778528499000,1778528500059,1778528500059,1779437330707,1778528509165,1778528501243.59,1059,0,908830648,9106,1184.59,10165,9106,2243.59,1184.59
UBER,1778528500000,1778528502005,1778528502005,1779437330707,1778528509165,1778528503009.464,2005,0,908828702,7160,1004.464,9165,7160,3009.464,1004.464
UBER,1778528503000,1778528504089,1778528504090,1779437330707,1778528509163,1778528504346.679,1089,1,908826617,5073,256.679,6163,5074,1346.679,257.679
UBER,1778528504000,1778528504953,1778528504953,1779437330707,1778528509165,1778528509078.771,953,0,908825754,4212,4125.771,5165,4212,5078.771,4125.771
UBER,1778528509000,1778528509976,1778528509976,1779437330707,1778528521075,1778528510054.771,976,0,908820731,11099,78.771,12075,11099,1054.771,78.771
UBER,1778528510000,1778528511010,1778528511010,1779437330707,1778528521075,1778528514257.913,1010,0,908819697,10065,3247.913,11075,10065,4257.913,3247.913
UBER,1778528514000,1778528515039,1778528515039,1779437330708,1778528532086,1778528521163.917,1039,0,908815669,17047,6124.917,18086,17047,7163.917,6124.917
UBER,1778528521000,1778528522245,1778528522245,1779437330708,1778528532086,1778528522765.623,1245,0,908808463,9841,520.623,11086,9841,1765.623,520.623
UBER,1778528522000,1778528523153,1778528523153,1779437330708,1778528532087,1778528526026.999,1153,0,908807555,8934,2873.999,10087,8934,4026.999,2873.999
UBER,1778528525000,1778528526973,1778528526973,1779437330708,1778528532086,1778528527070.544,1973,0,908803735,5113,97.544,7086,5113,2070.544,97.544
UBER,1778528527000,1778528528010,1778528528010,1779437330708,1778528532087,1778528531073.864,1010,0,908802698,4077,3063.864,5087,4077,4073.864,3063.864
UBER,1778528531000,1778528532160,1778528532160,1779437330709,1778528543144,1778528534142.445,1160,0,908798549,10984,1982.445,12144,10984,3142.445,1982.445
UBER,1778528534000,1778528535124,1778528535124,1779437330709,1778528543144,1778528540483.25,1124,0,908795585,8020,5359.25,9144,8020,6483.25,5359.25
UBER,1778528540000,1778528541034,1778528541034,1779437330709,1778528554308,1778528545137.766,1034,0,908789675,13274,4103.766,14308,13274,5137.766,4103.766
UBER,1778528545000,1778528546014,1778528546015,1779437330710,1778528554308,1778528546082.343,1014,1,908784695,8293,67.343,9308,8294,1082.343,68.343
UBER,1778528546000,1778528547099,1778528547099,1779437330710,1778528554310,1778528548046.236,1099,0,908783611,7211,947.236,8310,7211,2046.236,947.236
UBER,1778528547000,1778528549148,1778528549148,1779437330710,1778528554310,1778528553196.028,2148,0,908781562,5162,4048.028,7310,5162,6196.028,4048.028
UBER,1778528553000,1778528555019,1778528555019,1779437330710,1778528566021,1778528556099.139,2019,0,908775691,11002,1080.139,13021,11002,3099.139,1080.139
UBER,1778528555000,1778528557042,1778528557042,1779437330710,1778528565923,1778528557300.188,2042,0,908773668,8881,258.188,10923,8881,2300.188,258.188
UBER,1778528557000,1778528558024,1778528558024,1779437330710,1778528566021,1778528560405.733,1024,0,908772686,7997,2381.733,9021,7997,3405.733,2381.733
UBER,1778528561000,1778528562202,1778528562203,1779437330711,1778528565923,1778528562272.028,1202,1,908768508,3720,69.028,4923,3721,1272.028,70.028
UBER,1778528562000,1778528563020,1778528563020,1779437330711,1778528576933,1778528567413.153,1020,0,908767691,13913,4393.153,14933,13913,5413.153,4393.153
UBER,1778528567000,1778528568035,1778528568035,1779437330711,1778528576933,1778528569215.205,1035,0,908762676,8898,1180.205,9933,8898,2215.205,1180.205
UBER,1778528569000,1778528570090,1778528570090,1779437330711,1778528576933,1778528571117.351,1090,0,908760621,6843,1027.351,7933,6843,2117.351,1027.351
UBER,1778528571000,1778528572195,1778528572196,1779437330711,1778528576933,1778528572318.25,1195,1,908758515,4737,122.25,5933,4738,1318.25,123.25
UBER,1778528572000,1778528573014,1778528573014,1779437330711,1778528576933,1778528573119.7,1014,0,908757697,3919,105.7,4933,3919,1119.7,105.7
UBER,1778528574000,1778528575056,1778528575056,1779437330711,1778528576933,1778528575221.844,1056,0,908755655,1877,165.844,2933,1877,1221.844,165.844
UBER,1778528575000,1778528576146,1778528576146,1779437330711,1778528588143,1778528577223.184,1146,0,908754565,11997,1077.184,13143,11997,2223.184,1077.184
UBER,1778528577000,1778528578003,1778528578003,1779437330712,1778528588143,1778528579129.023,1003,0,908752709,10140,1126.023,11143,10140,2129.023,1126.023
UBER,1778528578000,1778528580055,1778528580055,1779437330712,1778528588143,1778528580228.718,2055,0,908750657,8088,173.718,10143,8088,2228.718,173.718
UBER,1778528580000,1778528581136,1778528581136,1779437330712,1778528588143,1778528581230.999,1136,0,908749576,7007,94.999,8143,7007,1230.999,94.999
UBER,1778528582000,1778528584194,1778528584194,1779437330712,1778528588143,1778528584433.103,2194,0,908746518,3949,239.103,6143,3949,2433.103,239.103
UBER,1778528583000,1778528585051,1778528585051,1779437330712,1778528588143,1778528586234.522,2051,0,908745661,3092,1183.522,5143,3092,3234.522,1183.522
UBER,1778528586000,1778528586993,1778528586993,1779437330712,1778528588143,1778528587135.7,993,0,908743719,1150,142.7,2143,1150,1135.7,142.7
UBER,1778528587000,1778528588171,1778528588171,1779437330712,1778528599056,1778528591318.751,1171,0,908742541,10885,3147.751,12056,10885,4318.751,3147.751
UBER,1778528590000,1778528592010,1778528592010,1779437330712,1778528599056,1778528592141.312,2010,0,908738702,7046,131.312,9056,7046,2141.312,131.312
UBER,1778528591000,1778528593073,1778528593073,1779437330712,1778528599056,1778528593242.127,2073,0,908737639,5983,169.127,8056,5983,2242.127,169.127
UBER,1778528592000,1778528594001,1778528594002,1779437330712,1778528599056,1778528596245.464,2001,1,908736710,5054,2243.464,7056,5055,4245.464,2244.464
UBER,1778528595000,1778528597135,1778528597135,1779437330713,1778528599055,1778528597246.276,2135,0,908733578,1920,111.276,4055,1920,2246.276,111.276
UBER,1778528597000,1778528598053,1778528598054,1779437330713,1778528610137,1778528600249.241,1053,1,908732659,12083,2195.241,13137,12084,3249.241,2196.241
UBER,1778528599000,1778528601056,1778528601056,1779437330713,1778528610137,1778528601150.139,2056,0,908729657,9081,94.139,11137,9081,2150.139,94.139
UBER,1778528601000,1778528602060,1778528602060,1779437330713,1778528610137,1778528603152.472,1060,0,908728653,8077,1092.472,9137,8077,2152.472,1092.472
UBER,1778528602000,1778528604109,1778528604109,1779437330713,1778528610132,1778528604353.219,2109,0,908726604,6023,244.219,8132,6023,2353.219,244.219
UBER,1778528604000,1778528605031,1778528605031,1779437330713,1778528610137,1778528606255.082,1031,0,908725682,5106,1224.082,6137,5106,2255.082,1224.082
UBER,1778528605000,1778528607231,1778528607232,1779437330713,1778528610137,1778528608357.442,2231,1,908723481,2905,1125.442,5137,2906,3357.442,1126.442
UBER,1778528608000,1778528609175,1778528609175,1779437330713,1778528622030,1778528610158.718,1175,0,908721538,12855,983.718,14030,12855,2158.718,983.718
UBER,1778528609000,1778528611090,1778528611090,1779437330714,1778528622147,1778528612160.91,2090,0,908719624,11057,1070.91,13147,11057,3160.91,1070.91
UBER,1778528612000,1778528613030,1778528613030,1779437330714,1778528622147,1778528613161.733,1030,0,908717684,9117,131.733,10147,9117,1161.733,131.733
UBER,1778528613000,1778528614126,1778528614126,1779437330714,1778528622030,1778528614362.595,1126,0,908716588,7904,236.595,9030,7904,1362.595,236.595
UBER,1778528614000,1778528615072,1778528615072,1779437330714,1778528622147,1778528619367.701,1072,0,908715642,7075,4295.701,8147,7075,5367.701,4295.701
UBER,1778528619000,1778528620046,1778528620046,1779437330714,1778528633391,1778528623271.544,1046,0,908710668,13345,3225.544,14391,13345,4271.544,3225.544
UBER,1778528623000,1778528624214,1778528624214,1779437330714,1778528633391,1778528626277.855,1214,0,908706500,9177,2063.855,10391,9177,3277.855,2063.855
UBER,1778528625000,1778528627047,1778528627047,1779437330715,1778528633390,1778528627175.425,2047,0,908703668,6343,128.425,8390,6343,2175.425,128.425
UBER,1778528626000,1778528628300,1778528628300,1779437330715,1778528633391,1778528630378.175,2300,0,908702415,5091,2078.175,7391,5091,4378.175,2078.175
UBER,1778528630000,1778528631070,1778528631070,1779437330715,1778528633391,1778528633381.488,1070,0,908699645,2321,2311.488,3391,2321,3381.488,2311.488
UBER,1778528633000,1778528634039,1778528634040,1779437330715,1778528644201,1778528634182.614,1039,1,908696675,10161,142.614,11201,10162,1182.614,143.614
UBER,1778528634000,1778528635220,1778528635220,1779437330715,1778528644201,1778528638145.951,1220,0,908695495,8981,2925.951,10201,8981,4145.951,2925.951
UBER,1778528637000,1778528639120,1778528639120,1779437330715,1778528644201,1778528640189.626,2120,0,908691595,5081,1069.626,7201,5081,3189.626,1069.626
UBER,1778528640000,1778528641345,1778528641345,1779437330715,1778528644201,1778528641491.261,1345,0,908689370,2856,146.261,4201,2856,1491.261,146.261
UBER,1778528641000,1778528642288,1778528642289,1779437330716,1778528644201,1778528642391.457,1288,1,908688427,1912,102.457,3201,1913,1391.457,103.457
UBER,1778528642000,1778528643039,1778528643039,1779437330716,1778528655183,1778528644593.178,1039,0,908687677,12144,1554.178,13183,12144,2593.178,1554.178
UBER,1778528643000,1778528645059,1778528645059,1779437330716,1778528655183,1778528645194.661,2059,0,908685657,10124,135.661,12183,10124,2194.661,135.661
UBER,1778528644000,1778528646131,1778528646132,1779437330716,1778528655183,1778528647195.88,2131,1,908684584,9051,1063.88,11183,9052,3195.88,1064.88
UBER,1778528647000,1778528648068,1778528648068,1779437330716,1778528655183,1778528649199.165,1068,0,908682648,7115,1131.165,8183,7115,2199.165,1131.165
UBER,1778528648000,1778528650041,1778528650041,1779437330716,1778528655183,1778528650142.71,2041,0,908680675,5142,101.71,7183,5142,2142.71,101.71
UBER,1778528649000,1778528651124,1778528651124,1779437330716,1778528655183,1778528651400.177,2124,0,908679592,4059,276.177,6183,4059,2400.177,276.177
UBER,1778528651000,1778528652121,1778528652121,1779437330716,1778528655183,1778528653302.611,1121,0,908678595,3062,1181.611,4183,3062,2302.611,1181.611
UBER,1778528652000,1778528654204,1778528654205,1779437330716,1778528666924,1778528655304.15,2204,1,908676511,12719,1099.15,14924,12720,3304.15,1100.15
UBER,1778528655000,1778528656305,1778528656305,1779437330717,1778528666424,1778528656406.398,1305,0,908674412,10119,101.398,11424,10119,1406.398,101.398
UBER,1778528657000,1778528658167,1778528658167,1779437330717,1778528666924,1778528658286.405,1167,0,908672550,8757,119.405,9924,8757,1286.405,119.405
UBER,1778528658000,1778528659106,1778528659106,1779437330717,1778528666924,1778528661409.725,1106,0,908671611,7818,2303.725,8924,7818,3409.725,2303.725
UBER,1778528661000,1778528662038,1778528662038,1779437330717,1778528666924,1778528663411.61,1038,0,908668679,4886,1373.61,5924,4886,2411.61,1373.61
UBER,1778528662000,1778528664197,1778528664197,1779437330717,1778528677936,1778528670218.717,2197,0,908666520,13739,6021.717,15936,13739,8218.717,6021.717
UBER,1778528670000,1778528671300,1778528671300,1779437330717,1778528677936,1778528673320.933,1300,0,908659417,6636,2020.933,7936,6636,3320.933,2020.933
UBER,1778528672000,1778528674141,1778528674141,1779437330718,1778528677936,1778528675222.432,2141,0,908656577,3795,1081.432,5936,3795,3222.432,1081.432
UBER,1778528675000,1778528676157,1778528676157,1779437330718,1778528689148,1778528679141.443,1157,0,908654561,12991,2984.443,14148,12991,4141.443,2984.443
UBER,1778528678000,1778528680193,1778528680193,1779437330718,1778528689145,1778528680427.431,2193,0,908650525,8952,234.431,11145,8952,2427.431,234.431
UBER,1778528679000,1778528681086,1778528681086,1779437330718,1778528689148,1778528687251.486,2086,0,908649632,8062,6165.486,10148,8062,8251.486,6165.486
UBER,1778528687000,1778528688133,1778528688133,1779437330719,1778528699960,1778528689235.822,1133,0,908642586,11827,1102.822,12960,11827,2235.822,1102.822
UBER,1778528689000,1778528690195,1778528690195,1779437330719,1778528699960,1778528690336.98,1195,0,908640524,9765,141.98,10960,9765,1336.98,141.98
UBER,1778528690000,1778528691119,1778528691119,1779437330719,1778528699960,1778528696142.86,1119,0,908639600,8841,5023.86,9960,8841,6142.86,5023.86
UBER,1778528696000,1778528697323,1778528697324,1779437330719,1778528709266,1778528700346.376,1323,1,908633395,11942,3022.376,13266,11943,4346.376,3023.376
UBER,1778528700000,1778528701296,1778528701296,1779437330719,1778528709268,1778528702848.806,1296,0,908629423,7972,1552.806,9268,7972,2848.806,1552.806
UBER,1778528701000,1778528703128,1778528703128,1779437330720,1778528709268,1778528704550.478,2128,0,908627592,6140,1422.478,8268,6140,3550.478,1422.478
UBER,1778528704000,1778528705112,1778528705112,1779437330720,1778528709268,1778528707553.512,1112,0,908625608,4156,2441.512,5268,4156,3553.512,2441.512
UBER,1778528707000,1778528708113,1778528708113,1779437330720,1778528709268,1778528709155.835,1113,0,908622607,1155,1042.835,2268,1155,2155.835,1042.835
UBER,1778528709000,1778528710149,1778528710150,1779437330720,1778528721178,1778528711257.461,1149,1,908620570,11028,1107.461,12178,11029,2257.461,1108.461
UBER,1778528711000,1778528712091,1778528712091,1779437330720,1778528721178,1778528713159.415,1091,0,908618629,9087,1068.415,10178,9087,2159.415,1068.415
UBER,1778528713000,1778528714116,1778528714116,1779437330720,1778528721178,1778528714260.503,1116,0,908616604,7062,144.503,8178,7062,1260.503,144.503
UBER,1778528714000,1778528715270,1778528715270,1779437330720,1778528721178,1778528715461.635,1270,0,908615450,5908,191.635,7178,5908,1461.635,191.635
UBER,1778528715000,1778528716237,1778528716237,1779437330720,1778528721178,1778528716362.837,1237,0,908614483,4941,125.837,6178,4941,1362.837,125.837
UBER,1778528716000,1778528718174,1778528718174,1779437330721,1778528721178,1778528718259.922,2174,0,908612547,3004,85.922,5178,3004,2259.922,85.922
UBER,1778528718000,1778528719064,1778528719064,1779437330721,1778528721178,1778528719152.581,1064,0,908611657,2114,88.581,3178,2114,1152.581,88.581
UBER,1778528719000,1778528720200,1778528720200,1779437330721,1778528732189,1778528721270.667,1200,0,908610521,11989,1070.667,13189,11989,2270.667,1070.667
UBER,1778528720000,1778528722246,1778528722246,1779437330721,1778528732189,1778528722371.772,2246,0,908608475,9943,125.772,12189,9943,2371.772,125.772
UBER,1778528722000,1778528723240,1778528723240,1779437330721,1778528732189,1778528724173.892,1240,0,908607481,8949,933.892,10189,8949,2173.892,933.892
UBER,1778528723000,1778528725109,1778528725109,1779437330721,1778528732189,1778528725175.153,2109,0,908605612,7080,66.153,9189,7080,2175.153,66.153
UBER,1778528724000,1778528726154,1778528726154,1779437330721,1778528732189,1778528726276.83,2154,0,908604567,6035,122.83,8189,6035,2276.83,122.83
UBER,1778528726000,1778528727172,1778528727172,1779437330721,1778528732189,1778528728177.516,1172,0,908603549,5017,1005.516,6189,5017,2177.516,1005.516
UBER,1778528728000,1778528729198,1778528729198,1779437330721,1778528743399,1778528732482.896,1198,0,908601523,14201,3284.896,15399,14201,4482.896,3284.896
UBER,1778528732000,1778528733127,1778528733127,1779437330722,1778528743399,1778528733182.844,1127,0,908597595,10272,55.844,11399,10272,1182.844,55.844
UBER,1778528733000,1778528734290,1778528734290,1779437330722,1778528743399,1778528735484.52,1290,0,908596432,9109,1194.52,10399,9109,2484.52,1194.52
UBER,1778528736000,1778528737167,1778528737167,1779437330722,1778528743399,1778528739288.406,1167,0,908593555,6232,2121.406,7399,6232,3288.406,2121.406
UBER,1778528739000,1778528740135,1778528740135,1779437330722,1778528743399,1778528740205.604,1135,0,908590587,3264,70.604,4399,3264,1205.604,70.604
UBER,1778528740000,1778528741252,1778528741252,1779437330722,1778528743399,1778528742292.488,1252,0,908589470,2147,1040.488,3399,2147,2292.488,1040.488
UBER,1778528741000,1778528743138,1778528743138,1779437330722,1778528743399,1778528743275.581,2138,0,908587584,261,137.581,2399,261,2275.581,137.581
UBER,1778528743000,1778528744115,1778528744115,1779437330722,1778528755011,1778528745294.849,1115,0,908586607,10896,1179.849,12011,10896,2294.849,1179.849
UBER,1778528745000,1778528746218,1778528746218,1779437330722,1778528755011,1778528747297.277,1218,0,908584504,8793,1079.277,10011,8793,2297.277,1079.277
UBER,1778528746000,1778528748121,1778528748121,1779437330723,1778528755011,1778528748356.98,2121,0,908582602,6890,235.98,9011,6890,2356.98,235.98
UBER,1778528748000,1778528749131,1778528749131,1779437330723,1778528755011,1778528751200.851,1131,0,908581592,5880,2069.851,7011,5880,3200.851,2069.851
UBER,1778528751000,1778528752160,1778528752161,1779437330723,1778528766425,1778528756506.146,1160,1,908578562,14264,4345.146,15425,14265,5506.146,4346.146
UBER,1778528755000,1778528757104,1778528757104,1779437330723,1778528766425,1778528757207.302,2104,0,908573619,9321,103.302,11425,9321,2207.302,103.302
UBER,1778528757000,1778528758182,1778528758183,1779437330723,1778528766425,1778528758307.945,1182,1,908572540,8242,124.945,9425,8243,1307.945,125.945
UBER,1778528758000,1778528759073,1778528759073,1779437330723,1778528766425,1778528759171.115,1073,0,908571650,7352,98.115,8425,7352,1171.115,98.115
UBER,1778528759000,1778528760215,1778528760216,1779437330723,1778528766425,1778528761210.412,1215,1,908570507,6209,994.412,7425,6210,2210.412,995.412
UBER,1778528762000,1778528764201,1778528764201,1779437330723,1778528766425,1778528764413.827,2201,0,908566522,2224,212.827,4425,2224,2413.827,212.827
UBER,1778528763000,1778528765196,1778528765196,1779437330724,1778528766425,1778528765283.913,2196,0,908565528,1229,87.913,3425,1229,2283.913,87.913
UBER,1778528765000,1778528766274,1778528766274,1779437330724,1778528778165,1778528766416.72,1274,0,908564450,11891,142.72,13165,11891,1416.72,142.72
UBER,1778528766000,1778528767128,1778528767128,1779437330724,1778528778165,1778528770213.408,1128,0,908563596,11037,3085.408,12165,11037,4213.408,3085.408
UBER,1778528771000,1778528772164,1778528772164,1779437330724,1778528778165,1778528773215.078,1164,0,908558560,6001,1051.078,7165,6001,2215.078,1051.078
UBER,1778528773000,1778528774236,1778528774236,1779437330724,1778528778165,1778528774524.052,1236,0,908556488,3929,288.052,5165,3929,1524.052,288.052
UBER,1778528774000,1778528775161,1778528775161,1779437330724,1778528778165,1778528775225.917,1161,0,908555563,3004,64.917,4165,3004,1225.917,64.917
UBER,1778528775000,1778528776220,1778528776220,1779437330724,1778528778165,1778528777191.833,1220,0,908554504,1945,971.833,3165,1945,2191.833,971.833
UBER,1778528776000,1778528778292,1778528778292,1779437330724,1778528789325,1778528778428.26,2292,0,908552432,11033,136.26,13325,11033,2428.26,136.26
UBER,1778528777000,1778528779182,1778528779182,1779437330724,1778528789325,1778528779307.895,2182,0,908551542,10143,125.895,12325,10143,2307.895,125.895
UBER,1778528780000,1778528781222,1778528781222,1779437330724,1778528789325,1778528781530.882,1222,0,908549502,8103,308.882,9325,8103,1530.882,308.882
UBER,1778528781000,1778528782083,1778528782083,1779437330725,1778528789325,1778528783233.182,1083,0,908548642,7242,1150.182,8325,7242,2233.182,1150.182
UBER,1778528783000,1778528784283,1778528784283,1779437330725,1778528789325,1778528785335.2,1283,0,908546442,5042,1052.2,6325,5042,2335.2,1052.2
UBER,1778528785000,1778528786196,1778528786196,1779437330725,1778528789325,1778528786299.171,1196,0,908544529,3129,103.171,4325,3129,1299.171,103.171
UBER,1778528786000,1778528787183,1778528787183,1779437330725,1778528789325,1778528787322.703,1183,0,908543542,2142,139.703,3325,2142,1322.703,139.703
UBER,1778528787000,1778528788170,1778528788170,1779437330725,1778528800358,1778528791397.046,1170,0,908542555,12188,3227.046,13358,12188,4397.046,3227.046
UBER,1778528791000,1778528792180,1778528792180,1779437330725,1778528800357,1778528792342.166,1180,0,908538545,8177,162.166,9357,8177,1342.166,162.166
UBER,1778528792000,1778528793091,1778528793092,1779437330725,1778528800358,1778528794243.898,1091,1,908537633,7266,1151.898,8358,7267,2243.898,1152.898
UBER,1778528793000,1778528795118,1778528795118,1779437330725,1778528800358,1778528795235.501,2118,0,908535607,5240,117.501,7358,5240,2235.501,117.501
UBER,1778528797000,1778528798184,1778528798184,1779437330726,1778528800358,1778528800350.48,1184,0,908532542,2174,2166.48,3358,2174,3350.48,2166.48
UBER,1778528800000,1778528801081,1778528801081,1779437330726,1778528811972,1778528801150.674,1081,0,908529645,10891,69.674,11972,10891,1150.674,69.674
UBER,1778528802000,1778528803150,1778528803150,1779437330726,1778528811972,1778528803253.741,1150,0,908527576,8822,103.741,9972,8822,1253.741,103.741
UBER,1778528803000,1778528804263,1778528804263,1779437330726,1778528811972,1778528806256.457,1263,0,908526463,7709,1993.457,8972,7709,3256.457,1993.457
UBER,1778528807000,1778528808207,1778528808207,1779437330726,1778528811972,1778528809258.726,1207,0,908522519,3765,1051.726,4972,3765,2258.726,1051.726
UBER,1778528809000,1778528810183,1778528810183,1779437330726,1778528811972,1778528811260.622,1183,0,908520543,1789,1077.622,2972,1789,2260.622,1077.622
UBER,1778528812000,1778528813141,1778528813141,1779437330726,1778528823281,1778528813262.479,1141,0,908517585,10140,121.479,11281,10140,1262.479,121.479
UBER,1778528813000,1778528815227,1778528815227,1779437330726,1778528823281,1778528815464.708,2227,0,908515499,8054,237.708,10281,8054,2464.708,237.708
UBER,1778528814000,1778528816145,1778528816145,1779437330726,1778528823281,1778528816365.67,2145,0,908514581,7136,220.67,9281,7136,2365.67,220.67
UBER,1778528817000,1778528818297,1778528818297,1779437330727,1778528823281,1778528818467.603,1297,0,908512430,4984,170.603,6281,4984,1467.603,170.603
UBER,1778528818000,1778528819226,1778528819226,1779437330727,1778528823280,1778528819368.285,1226,0,908511501,4054,142.285,5280,4054,1368.285,142.285
UBER,1778528819000,1778528820082,1778528820082,1779437330727,1778528834494,1778528823339.2,1082,0,908510645,14412,3257.2,15494,14412,4339.2,3257.2
UBER,1778528823000,1778528824294,1778528824294,1779437330727,1778528834493,1778528824473.365,1294,0,908506433,10199,179.365,11493,10199,1473.365,179.365
UBER,1778528824000,1778528825162,1778528825162,1779437330727,1778528834494,1778528825374.061,1162,0,908505565,9332,212.061,10494,9332,1374.061,212.061
UBER,1778528825000,1778528826349,1778528826349,1779437330727,1778528834494,1778528827676.387,1349,0,908504378,8145,1327.387,9494,8145,2676.387,1327.387
UBER,1778528826000,1778528828205,1778528828205,1779437330727,1778528834494,1778528828319.987,2205,0,908502522,6289,114.987,8494,6289,2319.987,114.987
UBER,1778528827000,1778528829260,1778528829260,1779437330727,1778528834494,1778528830579.599,2260,0,908501467,5234,1319.599,7494,5234,3579.599,1319.599
UBER,1778528829000,1778528831272,1778528831272,1779437330727,1778528834494,1778528831380.139,2272,0,908499455,3222,108.139,5494,3222,2380.139,108.139
UBER,1778528831000,1778528832332,1778528832332,1779437330727,1778528834494,1778528833382.655,1332,0,908498395,2162,1050.655,3494,2162,2382.655,1050.655
UBER,1778528833000,1778528834213,1778528834214,1779437330728,1778528834494,1778528834383.17,1213,1,908496514,280,169.17,1494,281,1383.17,170.17
UBER,1778528834000,1778528835307,1778528835307,1779437330728,1778528846211,1778528839291.415,1307,0,908495421,10904,3984.415,12211,10904,5291.415,3984.415
UBER,1778528839000,1778528840201,1778528840201,1779437330728,1778528846211,1778528842294.316,1201,0,908490527,6010,2093.316,7211,6010,3294.316,2093.316
UBER,1778528842000,1778528843180,1778528843180,1779437330728,1778528846211,1778528844495.566,1180,0,908487548,3031,1315.566,4211,3031,2495.566,1315.566
UBER,1778528844000,1778528845231,1778528845231,1779437330728,1778528846211,1778528845396.77,1231,0,908485497,980,165.77,2211,980,1396.77,165.77
UBER,1778528845000,1778528846128,1778528846128,1779437330728,1778528858020,1778528847280.372,1128,0,908484600,11892,1152.372,13020,11892,2280.372,1152.372
UBER,1778528847000,1778528848226,1778528848226,1779437330728,1778528858020,1778528848499.124,1226,0,908482502,9794,273.124,11020,9794,1499.124,273.124
UBER,1778528849000,1778528850245,1778528850245,1779437330729,1778528858020,1778528851502.52,1245,0,908480484,7775,1257.52,9020,7775,2502.52,1257.52
UBER,1778528851000,1778528852192,1778528852192,1779437330729,1778528858020,1778528856307.428,1192,0,908478537,5828,4115.428,7020,5828,5307.428,4115.428
UBER,1778528856000,1778528857274,1778528857274,1779437330729,1778528858020,1778528857332.533,1274,0,908473455,746,58.533,2020,746,1332.533,58.533
UBER,1778528857000,1778528858184,1778528858184,1779437330729,1778528868534,1778528859410.883,1184,0,908472545,10350,1226.883,11534,10350,2410.883,1226.883
UBER,1778528859000,1778528860234,1778528860234,1779437330729,1778528868531,1778528860312.096,1234,0,908470495,8297,78.096,9531,8297,1312.096,78.096
UBER,1778528860000,1778528861278,1778528861278,1779437330729,1778528868534,1778528862413.714,1278,0,908469451,7256,1135.714,8534,7256,2413.714,1135.714
UBER,1778528861000,1778528863411,1778528863411,1779437330729,1778528868534,1778528863475.966,2411,0,908467318,5123,64.966,7534,5123,2475.966,64.966
UBER,1778528863000,1778528864342,1778528864342,1779437330729,1778528868534,1778528864515.686,1342,0,908466387,4192,173.686,5534,4192,1515.686,173.686
UBER,1778528865000,1778528866660,1778528866660,1779437330730,1778528868534,1778528866818.185,1660,0,908464070,1874,158.185,3534,1874,1818.185,158.185
UBER,1778528866000,1778528867300,1778528867300,1779437330730,1778528880445,1778528869421.508,1300,0,908463430,13145,2121.508,14445,13145,3421.508,2121.508
UBER,1778528869000,1778528870295,1778528870295,1779437330730,1778528880443,1778528870422.184,1295,0,908460435,10148,127.184,11443,10148,1422.184,127.184
UBER,1778528871000,1778528872247,1778528872247,1779437330730,1778528880445,1778528872323.856,1247,0,908458483,8198,76.856,9445,8198,1323.856,76.856
UBER,1778528872000,1778528873398,1778528873399,1779437330730,1778528880443,1778528873525.183,1398,1,908457331,7044,126.183,8443,7045,1525.183,127.183
UBER,1778528874000,1778528876510,1778528876511,1779437330730,1778528880445,1778528876646.299,2510,1,908454219,3934,135.299,6445,3935,2646.299,136.299
UBER,1778528876000,1778528877254,1778528877254,1779437330730,1778528891359,1778528881373.376,1254,0,908453476,14105,4119.376,15359,14105,5373.376,4119.376
UBER,1778528881000,1778528882528,1778528882528,1779437330730,1778528891359,1778528883635.261,1528,0,908448202,8831,1107.261,10359,8831,2635.261,1107.261
UBER,1778528883000,1778528884335,1778528884335,1779437330731,1778528891359,1778528884636.357,1335,0,908446396,7024,301.357,8359,7024,1636.357,301.357
UBER,1778528884000,1778528885271,1778528885271,1779437330731,1778528891359,1778528886338.32,1271,0,908445460,6088,1067.32,7359,6088,2338.32,1067.32
UBER,1778528886000,1778528887288,1778528887289,1779437330731,1778528891359,1778528887539.166,1288,1,908443442,4070,250.166,5359,4071,1539.166,251.166
UBER,1778528887000,1778528888313,1778528888313,1779437330731,1778528891359,1778528888395.346,1313,0,908442418,3046,82.346,4359,3046,1395.346,82.346
UBER,1778528888000,1778528889228,1778528889228,1779437330731,1778528891359,1778528890342.617,1228,0,908441503,2131,1114.617,3359,2131,2342.617,1114.617
UBER,1778528889000,1778528891292,1778528891292,1779437330731,1778528902373,1778528891443.424,2292,0,908439439,11081,151.424,13373,11081,2443.424,151.424
UBER,1778528891000,1778528892305,1778528892305,1779437330731,1778528902372,1778528892444.891,1305,0,908438426,10067,139.891,11372,10067,1444.891,139.891
UBER,1778528892000,1778528893282,1778528893282,1779437330731,1778528902373,1778528895447.735,1282,0,908437449,9091,2165.735,10373,9091,3447.735,2165.735
UBER,1778528895000,1778528896337,1778528896337,1779437330731,1778528902373,1778528897450.221,1337,0,908434394,6036,1113.221,7373,6036,2450.221,1113.221
UBER,1778528897000,1778528898297,1778528898297,1779437330732,1778528902373,1778528899351.748,1297,0,908432435,4076,1054.748,5373,4076,2351.748,1054.748
UBER,1778528899000,1778528900486,1778528900486,1779437330732,1778528902373,1778528900553.511,1486,0,908430246,1887,67.511,3373,1887,1553.511,67.511
UBER,1778528900000,1778528901327,1778528901327,1779437330732,1778528902373,1778528901553.938,1327,0,908429405,1046,226.938,2373,1046,1553.938,226.938
UBER,1778528901000,1778528902241,1778528902241,1779437330732,1778528914077,1778528902355.598,1241,0,908428491,11836,114.598,13077,11836,1355.598,114.598
UBER,1778528902000,1778528903460,1778528903460,1779437330732,1778528914077,1778528903556.519,1460,0,908427272,10617,96.519,12077,10617,1556.519,96.519
UBER,1778528903000,1778528904304,1778528904304,1779437330732,1778528914077,1778528904557.088,1304,0,908426428,9773,253.088,11077,9773,1557.088,253.088
UBER,1778528904000,1778528906418,1778528906418,1779437330732,1778528914077,1778528911391.678,2418,0,908424314,7659,4973.678,10077,7659,7391.678,4973.678
UBER,1778528911000,1778528912301,1778528912301,1779437330732,1778528914077,1778528912465.335,1301,0,908418431,1776,164.335,3077,1776,1465.335,164.335
UBER,1778528912000,1778528913457,1778528913457,1779437330732,1778528914077,1778528913566.394,1457,0,908417275,620,109.394,2077,620,1566.394,109.394
UBER,1778528913000,1778528914300,1778528914300,1779437330732,1778528925389,1778528914467.744,1300,0,908416432,11089,167.744,12389,11089,1467.744,167.744
UBER,1778528914000,1778528915432,1778528915432,1779437330733,1778528925389,1778528915569.291,1432,0,908415301,9957,137.291,11389,9957,1569.291,137.291
UBER,1778528915000,1778528916310,1778528916310,1779437330733,1778528925389,1778528917570.546,1310,0,908414423,9079,1260.546,10389,9079,2570.546,1260.546
UBER,1778528917000,1778528918211,1778528918211,1779437330733,1778528925393,1778528923376.827,1211,0,908412522,7182,5165.827,8393,7182,6376.827,5165.827
UBER,1778528923000,1778528924470,1778528924470,1779437330733,1778528925389,1778528924577.375,1470,0,908406263,919,107.375,2389,919,1577.375,107.375
UBER,1778528924000,1778528925270,1778528925270,1779437330733,1778528937102,1778528927481.058,1270,0,908405463,11832,2211.058,13102,11832,3481.058,2211.058
UBER,1778528927000,1778528928456,1778528928456,1779437330733,1778528937101,1778528929382.894,1456,0,908402277,8645,926.894,10101,8645,2382.894,926.894
UBER,1778528929000,1778528930340,1778528930341,1779437330733,1778528937102,1778528930484.376,1340,1,908400392,6761,143.376,8102,6762,1484.376,144.376
UBER,1778528930000,1778528932291,1778528932291,1779437330733,1778528937102,1778528933387.808,2291,0,908398442,4811,1096.808,7102,4811,3387.808,1096.808
UBER,1778528932000,1778528934312,1778528934312,1779437330734,1778528937102,1778528934403.259,2312,0,908396422,2790,91.259,5102,2790,2403.259,91.259
UBER,1778528934000,1778528935396,1778528935396,1779437330734,1778528937102,1778528935489.36,1396,0,908395338,1706,93.36,3102,1706,1489.36,93.36
UBER,1778528935000,1778528936383,1778528936384,1779437330734,1778528937102,1778528936490.634,1383,1,908394350,718,106.634,2102,719,1490.634,107.634
UBER,1778528936000,1778528937223,1778528937223,1779437330734,1778528947409,1778528938409.104,1223,0,908393511,10186,1186.104,11409,10186,2409.104,1186.104
UBER,1778528937000,1778528939450,1778528939450,1779437330734,1778528947409,1778528939593.226,2450,0,908391284,7959,143.226,10409,7959,2593.226,143.226
UBER,1778528940000,1778528941358,1778528941358,1779437330734,1778528947409,1778528941495.105,1358,0,908389376,6051,137.105,7409,6051,1495.105,137.105
UBER,1778528941000,1778528942796,1778528942796,1779437330734,1778528947409,1778528943296.674,1796,0,908387938,4613,500.674,6409,4613,2296.674,500.674
UBER,1778528942000,1778528944573,1778528944573,1779437330734,1778528947409,1778528945399.072,2573,0,908386161,2836,826.072,5409,2836,3399.072,826.072
UBER,1778528944000,1778528946392,1778528946392,1779437330734,1778528947409,1778528946499.943,2392,0,908384342,1017,107.943,3409,1017,2499.943,107.943
UBER,1778528946000,1778528947260,1778528947260,1779437330734,1778528958530,1778528947400.889,1260,0,908383474,11270,140.889,12530,11270,1400.889,140.889
UBER,1778528947000,1778528948338,1778528948338,1779437330734,1778528958530,1778528949378.199,1338,0,908382396,10192,1040.199,11530,10192,2378.199,1040.199
UBER,1778528949000,1778528950440,1778528950440,1779437330735,1778528958530,1778528950504.493,1440,0,908380295,8090,64.493,9530,8090,1504.493,64.493
UBER,1778528950000,1778528951534,1778528951534,1779437330735,1778528958530,1778528953308.148,1534,0,908379201,6996,1774.148,8530,6996,3308.148,1774.148
UBER,1778528954000,1778528955254,1778528955254,1779437330735,1778528958528,1778528955309.98,1254,0,908375481,3274,55.98,4528,3274,1309.98,55.98
UBER,1778528955000,1778528956399,1778528956399,1779437330735,1778528958528,1778528956453.846,1399,0,908374336,2129,54.846,3528,2129,1453.846,54.846
UBER,1778528956000,1778528957351,1778528957351,1779437330735,1778528958530,1778528958513.275,1351,0,908373384,1179,1162.275,2530,1179,2513.275,1162.275
UBER,1778528958000,1778528959305,1778528959305,1779437330735,1778528970039,1778528960414.774,1305,0,908371430,10734,1109.774,12039,10734,2414.774,1109.774
UBER,1778528960000,1778528961295,1778528961295,1779437330735,1778528970039,1778528961416.226,1295,0,908369440,8744,121.226,10039,8744,1416.226,121.226
UBER,1778528961000,1778528962287,1778528962287,1779437330735,1778528970039,1778528963376.615,1287,0,908368448,7752,1089.615,9039,7752,2376.615,1089.615
UBER,1778528966000,1778528967318,1778528967318,1779437330735,1778528970039,1778528968307.032,1318,0,908363417,2721,989.032,4039,2721,2307.032,989.032
UBER,1778528968000,1778528969372,1778528969372,1779437330736,1778528981047,1778528971582.542,1372,0,908361364,11675,2210.542,13047,11675,3582.542,2210.542
UBER,1778528970000,1778528972339,1778528972339,1779437330736,1778528981047,1778528975429.633,2339,0,908358397,8708,3090.633,11047,8708,5429.633,3090.633
UBER,1778528975000,1778528976264,1778528976264,1779437330736,1778528981045,1778528976330.473,1264,0,908354472,4781,66.473,6045,4781,1330.473,66.473
UBER,1778528976000,1778528977360,1778528977361,1779437330736,1778528981047,1778528977433.611,1360,1,908353375,3686,72.611,5047,3687,1433.611,73.611
UBER,1778528977000,1778528978258,1778528978259,1779437330736,1778528981047,1778528979435.106,1258,1,908352477,2788,1176.106,4047,2789,2435.106,1177.106
UBER,1778528979000,1778528980348,1778528980348,1779437330736,1778528981047,1778528980409.737,1348,0,908350388,699,61.737,2047,699,1409.737,61.737
UBER,1778528981000,1778528982310,1778528982310,1779437330736,1778528992056,1778528982437.948,1310,0,908348426,9746,127.948,11056,9746,1437.948,127.948
UBER,1778528982000,1778528983326,1778528983326,1779437330736,1778528992056,1778528983439.352,1326,0,908347410,8730,113.352,10056,8730,1439.352,113.352
UBER,1778528983000,1778528985336,1778528985336,1779437330736,1778528992056,1778528985541.267,2336,0,908345400,6720,205.267,9056,6720,2541.267,205.267
UBER,1778528984000,1778528986486,1778528986486,1779437330737,1778528992056,1778528986642.491,2486,0,908344251,5570,156.491,8056,5570,2642.491,156.491
UBER,1778528985000,1778528986585,1778528986585,1779437330737,1778528992056,1778528987443.956,1585,0,908344152,5471,858.956,7056,5471,2443.956,858.956
UBER,1778528987000,1778528988515,1778528988515,1779437330737,1778528992056,1778528990545.959,1515,0,908342222,3541,2030.959,5056,3541,3545.959,2030.959
UBER,1778528990000,1778528991366,1778528991366,1779437330737,1778528992055,1778528991546.907,1366,0,908339371,689,180.907,2055,689,1546.907,180.907
UBER,1778528991000,1778528992378,1778528992378,1779437330737,1778529002467,1778528993549.213,1378,0,908338359,10089,1171.213,11467,10089,2549.213,1171.213
UBER,1778528993000,1778528994374,1778528994374,1779437330737,1778529002467,1778528995450.83,1374,0,908336363,8093,1076.83,9467,8093,2450.83,1076.83
UBER,1778528994000,1778528996301,1778528996301,1779437330737,1778529002467,1778528996451.966,2301,0,908334436,6166,150.966,8467,6166,2451.966,150.966
UBER,1778528995000,1778528997323,1778528997324,1779437330737,1778529002467,1778528997405.797,2323,1,908333413,5143,81.797,7467,5144,2405.797,82.797
UBER,1778528996000,1778528998325,1778528998326,1779437330737,1778529002465,1778528998454.104,2325,1,908332411,4139,128.104,6465,4140,2454.104,129.104
UBER,1778528999000,1778529000342,1778529000342,1779437330737,1778529002467,1778529001622.641,1342,0,908330395,2125,1280.641,3467,2125,2622.641,1280.641
UBER,1778529000000,1778529002397,1778529002398,1779437330738,1778529008573,1778529004760.676,2397,1,908328340,6175,2362.676,8573,6176,4760.676,2363.676
UBER,1778529001000,1778529005325,1778529005325,1779437330738,1778529008573,1778529005762.441,4325,0,908325413,3248,437.441,7573,3248,4762.441,437.441
UBER,1778529002000,1778529006316,1778529006317,1779437330738,1778529008573,1778529007665.374,4316,1,908324421,2256,1348.374,6573,2257,5665.374,1349.374
UBER,1778529006000,1778529008419,1778529008419,1779437330738,1778529018064,1778529008665.769,2419,0,908322319,9645,246.769,12064,9645,2665.769,246.769
UBER,1778529007000,1778529009385,1778529009386,1779437330738,1778529018064,1778529011568.219,2385,1,908321352,8678,2182.219,11064,8679,4568.219,2183.219
UBER,1778529011000,1778529012344,1778529012344,1779437330739,1778529018064,1778529014671.649,1344,0,908318395,5720,2327.649,7064,5720,3671.649,2327.649
UBER,1778529013000,1778529014542,1778529014543,1779437330739,1778529018064,1778529014671.722,1542,1,908316196,3521,128.722,5064,3522,1671.722,129.722
UBER,1778529014000,1778529015321,1778529015322,1779437330739,1778529018064,1778529016674.3,1321,1,908315417,2742,1352.3,4064,2743,2674.3,1353.3
UBER,1778529016000,1778529017396,1778529017396,1779437330739,1778529018064,1778529017574.588,1396,0,908313343,668,178.588,2064,668,1574.588,178.588
UBER,1778529017000,1778529018440,1778529018441,1779437330739,1778529028494,1778529018676.262,1440,1,908312298,10053,235.262,11494,10054,1676.262,236.262
UBER,1778529018000,1778529019419,1778529019420,1779437330739,1778529028496,1778529020477.839,1419,1,908311319,9076,1057.839,10496,9077,2477.839,1058.839
UBER,1778529022000,1778529023357,1778529023357,1779437330739,1778529028496,1778529024481.767,1357,0,908307382,5139,1124.767,6496,5139,2481.767,1124.767
UBER,1778529023000,1778529025385,1778529025385,1779437330739,1778529028496,1778529027586.168,2385,0,908305354,3111,2201.168,5496,3111,4586.168,2201.168
UBER,1778529027000,1778529028317,1778529028317,1779437330740,1778529039203,1778529032591.531,1317,0,908302423,10886,4274.531,12203,10886,5591.531,4274.531
UBER,1778529032000,1778529033383,1778529033383,1779437330740,1778529039203,1778529033592.06,1383,0,908297357,5820,209.06,7203,5820,1592.06,209.06
UBER,1778529033000,1778529034367,1778529034368,1779437330740,1778529039203,1778529034592.859,1367,1,908296372,4835,224.859,6203,4836,1592.859,225.859
UBER,1778529034000,1778529035405,1778529035405,1779437330740,1778529039203,1778529037395.622,1405,0,908295335,3798,1990.622,5203,3798,3395.622,1990.622
UBER,1778529037000,1778529038287,1778529038287,1779437330740,1778529049614,1778529039487.613,1287,0,908292453,11327,1200.613,12614,11327,2487.613,1200.613
UBER,1778529039000,1778529040340,1778529040340,1779437330740,1778529049614,1778529040599.16,1340,0,908290400,9274,259.16,10614,9274,1599.16,259.16
UBER,1778529040000,1778529041316,1778529041317,1779437330741,1778529049614,1778529042404.196,1316,1,908289424,8297,1087.196,9614,8298,2404.196,1088.196
UBER,1778529041000,1778529043589,1778529043590,1779437330741,1778529049614,1778529043701.861,2589,1,908287151,6024,111.861,8614,6025,2701.861,112.861
UBER,1778529043000,1778529044498,1778529044498,1779437330741,1778529049614,1778529044702.886,1498,0,908286243,5116,204.886,6614,5116,1702.886,204.886
UBER,1778529044000,1778529045318,1778529045319,1779437330741,1778529049614,1778529046705.37,1318,1,908285422,4295,1386.37,5614,4296,2705.37,1387.37
UBER,1778529045000,1778529046584,1778529046584,1779437330741,1778529049614,1778529046705.322,1584,0,908284157,3030,121.322,4614,3030,1705.322,121.322
UBER,1778529046000,1778529047489,1778529047489,1779437330741,1778529049614,1778529047544.846,1489,0,908283252,2125,55.846,3614,2125,1544.846,55.846
UBER,1778529047000,1778529048414,1778529048414,1779437330741,1778529049614,1778529048599.789,1414,0,908282327,1200,185.789,2614,1200,1599.789,185.789
UBER,1778529048000,1778529049309,1778529049309,1779437330741,1778529049614,1778529049407.482,1309,0,908281432,305,98.482,1614,305,1407.482,98.482
UBER,1778529049000,1778529050533,1778529050533,1779437330741,1778529060525,1778529050592.035,1533,0,908280208,9992,59.035,11525,9992,1592.035,59.035
UBER,1778529050000,1778529051321,1778529051321,1779437330741,1778529060525,1778529052603.006,1321,0,908279420,9204,1282.006,10525,9204,2603.006,1282.006
UBER,1778529052000,1778529053359,1778529053359,1779437330741,1778529060525,1778529053512.354,1359,0,908277382,7166,153.354,8525,7166,1512.354,153.354
UBER,1778529053000,1778529054363,1778529054363,1779437330741,1778529060525,1778529054512.384,1363,0,908276378,6162,149.384,7525,6162,1512.384,149.384
UBER,1778529054000,1778529055292,1778529055292,1779437330742,1778529060525,1778529057417.072,1292,0,908275450,5233,2125.072,6525,5233,3417.072,2125.072
UBER,1778529057000,1778529058468,1778529058468,1779437330742,1778529060525,1778529058652.865,1468,0,908272274,2057,184.865,3525,2057,1652.865,184.865
UBER,1778529058000,1778529060392,1778529060392,1779437330742,1778529070538,1778529060519.148,2392,0,908270350,10146,127.148,12538,10146,2519.148,127.148
UBER,1778529060000,1778529061559,1778529061559,1779437330742,1778529070539,1778529061720.397,1559,0,908269183,8980,161.397,10539,8980,1720.397,161.397
UBER,1778529061000,1778529062371,1778529062372,1779437330742,1778529070538,1778529062620.94,1371,1,908268370,8166,248.94,9538,8167,1620.94,249.94
UBER,1778529062000,1778529063524,1778529063524,1779437330742,1778529070538,1778529063722.644,1524,0,908267218,7014,198.644,8538,7014,1722.644,198.644
UBER,1778529063000,1778529064687,1778529064687,1779437330742,1778529070539,1778529064823.678,1687,0,908266055,5852,136.678,7539,5852,1823.678,136.678
UBER,1778529064000,1778529065386,1778529065386,1779437330742,1778529070539,1778529067426.563,1386,0,908265356,5153,2040.563,6539,5153,3426.563,2040.563
UBER,1778529067000,1778529068359,1778529068359,1779437330742,1778529070539,1778529069409.809,1359,0,908262383,2180,1050.809,3539,2180,2409.809,1050.809
UBER,1778529068000,1778529070585,1778529070585,1779437330743,1778529080519,1778529070698.122,2585,0,908260158,9934,113.122,12519,9934,2698.122,113.122
UBER,1778529070000,1778529071554,1778529071554,1779437330743,1778529080519,1778529071730.708,1554,0,908259189,8965,176.708,10519,8965,1730.708,176.708
UBER,1778529071000,1778529072446,1778529072446,1779437330743,1778529080519,1778529072533.976,1446,0,908258297,8073,87.976,9519,8073,1533.976,87.976
UBER,1778529073000,1778529075442,1778529075442,1779437330743,1778529080519,1778529075534.698,2442,0,908255301,5077,92.698,7519,5077,2534.698,92.698
UBER,1778529075000,1778529076586,1778529076586,1779437330743,1778529080519,1778529076738.525,1586,0,908254157,3933,152.525,5519,3933,1738.525,152.525
UBER,1778529076000,1778529077354,1778529077354,1779437330743,1778529080488,1778529077437.113,1354,0,908253389,3134,83.113,4488,3134,1437.113,83.113
UBER,1778529077000,1778529078458,1778529078458,1779437330743,1778529080519,1778529079438.331,1458,0,908252285,2061,980.331,3519,2061,2438.331,980.331
UBER,1778529079000,1778529080399,1778529080399,1779437330743,1778529080519,1778529080475.232,1399,0,908250344,120,76.232,1519,120,1475.232,76.232
UBER,1778529081000,1778529082546,1778529082546,1779437330743,1778529091559,1778529082741.908,1546,0,908248197,9013,195.908,10559,9013,1741.908,195.908
UBER,1778529083000,1778529084315,1778529084315,1779437330743,1778529091559,1778529084443.114,1315,0,908246428,7244,128.114,8559,7244,1443.114,128.114
UBER,1778529084000,1778529085450,1778529085450,1779437330743,1778529091559,1778529086645.504,1450,0,908245293,6109,1195.504,7559,6109,2645.504,1195.504
UBER,1778529085000,1778529087463,1778529087464,1779437330744,1778529091559,1778529087547.362,2463,1,908243280,4095,83.362,6559,4096,2547.362,84.362
UBER,1778529087000,1778529088472,1778529088472,1779437330744,1778529091559,1778529088655.8,1472,0,908242272,3087,183.8,4559,3087,1655.8,183.8
UBER,1778529088000,1778529089584,1778529089584,1779437330744,1778529091559,1778529089648.511,1584,0,908241160,1975,64.511,3559,1975,1648.511,64.511
UBER,1778529089000,1778529090400,1778529090400,1779437330744,1778529091559,1778529090649.311,1400,0,908240344,1159,249.311,2559,1159,1649.311,249.311
UBER,1778529090000,1778529091626,1778529091626,1779437330744,1778529101669,1778529091751.558,1626,0,908239118,10043,125.558,11669,10043,1751.558,125.558
UBER,1778529091000,1778529092427,1778529092427,1779437330744,1778529101637,1778529092511.768,1427,0,908238317,9210,84.768,10637,9210,1511.768,84.768
UBER,1778529092000,1778529093594,1778529093594,1779437330744,1778529101637,1778529093652.691,1594,0,908237150,8043,58.691,9637,8043,1652.691,58.691
UBER,1778529094000,1778529095401,1778529095401,1779437330744,1778529101669,1778529095464.927,1401,0,908235343,6268,63.927,7669,6268,1464.927,63.927
UBER,1778529095000,1778529096549,1778529096549,1779437330744,1778529101669,1778529097556.174,1549,0,908234195,5120,1007.174,6669,5120,2556.174,1007.174
UBER,1778529096000,1778529098369,1778529098369,1779437330744,1778529101669,1778529099658.083,2369,0,908232375,3300,1289.083,5669,3300,3658.083,1289.083
UBER,1778529099000,1778529100583,1778529100583,1779437330744,1778529112082,1778529101660.283,1583,0,908230161,11499,1077.283,13082,11499,2660.283,1077.283
UBER,1778529101000,1778529102690,1778529102690,1779437330744,1778529112082,1778529102762.043,1690,0,908228054,9392,72.043,11082,9392,1762.043,72.043
UBER,1778529103000,1778529103420,1778529103420,1779437330745,1778529112082,1778529104564.365,420,0,908227325,8662,1144.365,9082,8662,1564.365,1144.365
UBER,1778529104000,1778529105547,1778529105547,1779437330745,1778529112082,1778529108642.562,1547,0,908225198,6535,3095.562,8082,6535,4642.562,3095.562
UBER,1778529108000,1778529109554,1778529109555,1779437330745,1778529112082,1778529109669.239,1554,1,908221190,2527,114.239,4082,2528,1669.239,115.239
UBER,1778529109000,1778529110629,1778529110629,1779437330745,1778529122599,1778529112574.211,1629,0,908220116,11970,1945.211,13599,11970,3574.211,1945.211
UBER,1778529112000,1778529113447,1778529113447,1779437330745,1778529122599,1778529113675.314,1447,0,908217298,9152,228.314,10599,9152,1675.314,228.314
UBER,1778529114000,1778529115554,1778529115554,1779437330745,1778529122599,1778529115678.771,1554,0,908215191,7045,124.771,8599,7045,1678.771,124.771
UBER,1778529115000,1778529116363,1778529116364,1779437330745,1778529122599,1778529116479.456,1363,1,908214381,6235,115.456,7599,6236,1479.456,116.456
UBER,1778529116000,1778529117576,1778529117577,1779437330746,1778529122599,1778529119707.721,1576,1,908213169,5022,2130.721,6599,5023,3707.721,2131.721
UBER,1778529119000,1778529120570,1778529120570,1779437330746,1778529122599,1778529120684.282,1570,0,908210176,2029,114.282,3599,2029,1684.282,114.282
UBER,1778529120000,1778529121435,1778529121435,1779437330746,1778529132660,1778529123473.064,1435,0,908209311,11225,2038.064,12660,11225,3473.064,2038.064
UBER,1778529122000,1778529124612,1778529124613,1779437330746,1778529132660,1778529124688.311,2612,1,908206133,8047,75.311,10660,8048,2688.311,76.311
UBER,1778529124000,1778529125400,1778529125400,1779437330746,1778529132660,1778529125489.23,1400,0,908205346,7260,89.23,8660,7260,1489.23,89.23
UBER,1778529125000,1778529126548,1778529126548,1779437330746,1778529132660,1778529126694.374,1548,0,908204198,6112,146.374,7660,6112,1694.374,146.374
UBER,1778529126000,1778529127411,1778529127411,1779437330746,1778529132660,1778529130697.578,1411,0,908203335,5249,3286.578,6660,5249,4697.578,3286.578
UBER,1778529130000,1778529131548,1778529131548,1779437330747,1778529132660,1778529131698.821,1548,0,908199199,1112,150.821,2660,1112,1698.821,150.821
UBER,1778529131000,1778529132388,1778529132389,1779437330747,1778529132660,1778529132499.17,1388,1,908198358,271,110.17,1660,272,1499.17,111.17
UBER,1778529132000,1778529133572,1778529133573,1779437330747,1778529143319,1778529133701.264,1572,1,908197174,9746,128.264,11319,9747,1701.264,129.264
UBER,1778529133000,1778529134457,1778529134457,1779437330747,1778529143319,1778529134601.27,1457,0,908196290,8862,144.27,10319,8862,1601.27,144.27
UBER,1778529134000,1778529135532,1778529135532,1779437330747,1778529143319,1778529135703.031,1532,0,908195215,7787,171.031,9319,7787,1703.031,171.031
UBER,1778529135000,1778529136641,1778529136641,1779437330747,1778529143319,1778529136803.96,1641,0,908194106,6678,162.96,8319,6678,1803.96,162.96
UBER,1778529136000,1778529137419,1778529137419,1779437330747,1778529143319,1778529137481.509,1419,0,908193328,5900,62.509,7319,5900,1481.509,62.509
UBER,1778529137000,1778529138500,1778529138500,1779437330747,1778529143319,1778529138606.453,1500,0,908192247,4819,106.453,6319,4819,1606.453,106.453
UBER,1778529138000,1778529139481,1778529139481,1779437330747,1778529143319,1778529139607.574,1481,0,908191266,3838,126.574,5319,3838,1607.574,126.574
UBER,1778529139000,1778529140492,1778529140492,1779437330747,1778529143319,1778529141709.599,1492,0,908190255,2827,1217.599,4319,2827,2709.599,1217.599
UBER,1778529141000,1778529142463,1778529142463,1779437330747,1778529143319,1778529142609.964,1463,0,908188284,856,146.964,2319,856,1609.964,146.964
UBER,1778529142000,1778529143436,1778529143436,1779437330748,1778529153734,1778529143610.528,1436,0,908187312,10298,174.528,11734,10298,1610.528,174.528
UBER,1778529143000,1778529144620,1778529144620,1779437330748,1778529153734,1778529144699.478,1620,0,908186128,9114,79.478,10734,9114,1699.478,79.478
UBER,1778529144000,1778529145605,1778529145605,1779437330748,1778529153734,1778529145713.088,1605,0,908185143,8129,108.088,9734,8129,1713.088,108.088
UBER,1778529145000,1778529146478,1778529146478,1779437330748,1778529153732,1778529146713.566,1478,0,908184270,7254,235.566,8732,7254,1713.566,235.566
UBER,1778529146000,1778529147588,1778529147589,1779437330748,1778529153734,1778529147674.631,1588,1,908183159,6145,85.631,7734,6146,1674.631,86.631
UBER,1778529147000,1778529148685,1778529148685,1779437330748,1778529153732,1778529148815.793,1685,0,908182063,5047,130.793,6732,5047,1815.793,130.793
UBER,1778529148000,1778529149646,1778529149646,1779437330748,1778529153734,1778529150717.654,1646,0,908181102,4088,1071.654,5734,4088,2717.654,1071.654
UBER,1778529149000,1778529151556,1778529151556,1779437330748,1778529153734,1778529151618.702,2556,0,908179192,2178,62.702,4734,2178,2618.702,62.702
UBER,1778529151000,1778529151708,1778529151708,1779437330748,1778529153734,1778529152520.277,708,0,908179040,2026,812.277,2734,2026,1520.277,812.277
UBER,1778529152000,1778529153644,1778529153644,1779437330748,1778529164748,1778529154722.369,1644,0,908177104,11104,1078.369,12748,11104,2722.369,1078.369
UBER,1778529153000,1778529155630,1778529155630,1779437330748,1778529164748,1778529155722.918,2630,0,908175118,9118,92.918,11748,9118,2722.918,92.918
UBER,1778529155000,1778529156421,1778529156421,1779437330748,1778529164748,1778529156524.193,1421,0,908174327,8327,103.193,9748,8327,1524.193,103.193
UBER,1778529156000,1778529157511,1778529157511,1779437330749,1778529164745,1778529157625.424,1511,0,908173238,7234,114.424,8745,7234,1625.424,114.424
UBER,1778529157000,1778529158593,1778529158593,1779437330749,1778529164748,1778529158727.131,1593,0,908172156,6155,134.131,7748,6155,1727.131,134.131
UBER,1778529158000,1778529159485,1778529159485,1779437330749,1778529164748,1778529162630.194,1485,0,908171264,5263,3145.194,6748,5263,4630.194,3145.194
UBER,1778529162000,1778529163456,1778529163456,1779437330749,1778529164748,1778529163630.77,1456,0,908167293,1292,174.77,2748,1292,1630.77,174.77
UBER,1778529163000,1778529164392,1778529164392,1779437330749,1778529175153,1778529165733.288,1392,0,908166357,10761,1341.288,12153,10761,2733.288,1341.288
UBER,1778529165000,1778529166698,1778529166699,1779437330749,1778529175153,1778529166833.987,1698,1,908164050,8454,134.987,10153,8455,1833.987,135.987
UBER,1778529166000,1778529167621,1778529167621,1779437330749,1778529175153,1778529167735.774,1621,0,908163128,7532,114.774,9153,7532,1735.774,114.774
UBER,1778529167000,1778529168669,1778529168669,1779437330749,1778529175153,1778529169537.419,1669,0,908162080,6484,868.419,8153,6484,2537.419,868.419
UBER,1778529169000,1778529171488,1778529171489,1779437330749,1778529175153,1778529171741.448,2488,1,908159260,3664,252.448,6153,3665,2741.448,253.448
UBER,1778529171000,1778529172462,1778529172462,1779437330749,1778529175153,1778529172542.741,1462,0,908158287,2691,80.741,4153,2691,1542.741,80.741
UBER,1778529172000,1778529173443,1778529173443,1779437330750,1778529175153,1778529173544.439,1443,0,908157307,1710,101.439,3153,1710,1544.439,101.439
UBER,1778529173000,1778529174479,1778529174479,1779437330750,1778529184666,1778529175746.294,1479,0,908156271,10187,1267.294,11666,10187,2746.294,1267.294
UBER,1778529175000,1778529176437,1778529176437,1779437330750,1778529184666,1778529178650.852,1437,0,908154313,8229,2213.852,9666,8229,3650.852,2213.852
UBER,1778529178000,1778529179596,1778529179596,1779437330750,1778529184666,1778529180751.732,1596,0,908151154,5070,1155.732,6666,5070,2751.732,1155.732
UBER,1778529180000,1778529181610,1778529181610,1779437330750,1778529184665,1778529181869.855,1610,0,908149140,3055,259.855,4665,3055,1869.855,259.855
UBER,1778529181000,1778529182567,1778529182567,1779437330750,1778529184666,1778529182953.929,1567,0,908148183,2099,386.929,3666,2099,1953.929,386.929
UBER,1778529182000,1778529183481,1778529183481,1779437330750,1778529194575,1778529185557.543,1481,0,908147269,11094,2076.543,12575,11094,3557.543,2076.543
UBER,1778529185000,1778529186498,1778529186498,1779437330750,1778529194575,1778529187716.81,1498,0,908144252,8077,1218.81,9575,8077,2716.81,1218.81
UBER,1778529187000,1778529188520,1778529188520,1779437330751,1778529194431,1778529188760.538,1520,0,908142231,5911,240.538,7431,5911,1760.538,240.538
UBER,1778529188000,1778529189544,1778529189544,1779437330751,1778529194575,1778529189690.067,1544,0,908141207,5031,146.067,6575,5031,1690.067,146.067
UBER,1778529189000,1778529190666,1778529190666,1779437330751,1778529194575,1778529190862.513,1666,0,908140085,3909,196.513,5575,3909,1862.513,196.513
UBER,1778529190000,1778529191580,1778529191580,1779437330751,1778529194575,1778529191763.397,1580,0,908139171,2995,183.397,4575,2995,1763.397,183.397
UBER,1778529191000,1778529192728,1778529192728,1779437330751,1778529194575,1778529192864.813,1728,0,908138023,1847,136.813,3575,1847,1864.813,136.813
UBER,1778529192000,1778529193442,1778529193442,1779437330751,1778529204291,1778529195566.402,1442,0,908137309,10849,2124.402,12291,10849,3566.402,2124.402
UBER,1778529195000,1778529196558,1778529196558,1779437330751,1778529204291,1778529196668.345,1558,0,908134193,7733,110.345,9291,7733,1668.345,110.345
UBER,1778529196000,1778529197515,1778529197515,1779437330751,1778529204291,1778529197669.192,1515,0,908133236,6776,154.192,8291,6776,1669.192,154.192
UBER,1778529197000,1778529198555,1778529198555,1779437330751,1778529204291,1778529198770.717,1555,0,908132196,5736,215.717,7291,5736,1770.717,215.717
UBER,1778529198000,1778529199485,1778529199485,1779437330751,1778529204291,1778529199650.738,1485,0,908131266,4806,165.738,6291,4806,1650.738,165.738
UBER,1778529199000,1778529200658,1778529200659,1779437330751,1778529204291,1778529200772.796,1658,1,908130092,3632,113.796,5291,3633,1772.796,114.796
UBER,1778529200000,1778529201499,1778529201499,1779437330751,1778529204291,1778529202574.623,1499,0,908129252,2792,1075.623,4291,2792,2574.623,1075.623
UBER,1778529201000,1778529202502,1778529202502,1779437330752,1778529213601,1778529205877.293,1502,0,908128250,11099,3375.293,12601,11099,4877.293,3375.293
UBER,1778529205000,1778529206518,1778529206518,1779437330752,1778529213601,1778529208680.924,1518,0,908124234,7083,2162.924,8601,7083,3680.924,2162.924
UBER,1778529208000,1778529209591,1778529209591,1779437330752,1778529213601,1778529209881.207,1591,0,908121161,4010,290.207,5601,4010,1881.207,290.207
UBER,1778529209000,1778529210496,1778529210496,1779437330752,1778529213601,1778529210582.784,1496,0,908120256,3105,86.784,4601,3105,1582.784,86.784
UBER,1778529211000,1778529212484,1778529212484,1779437330752,1778529213598,1778529212584.812,1484,0,908118268,1114,100.812,2598,1114,1584.812,100.812
UBER,1778529212000,1778529213512,1778529213512,1779437330752,1778529224307,1778529213685.698,1512,0,908117240,10795,173.698,12307,10795,1685.698,173.698
UBER,1778529213000,1778529214463,1778529214464,1779437330752,1778529224354,1778529214586.77,1463,1,908116288,9890,122.77,11354,9891,1586.77,123.77
UBER,1778529214000,1778529215574,1778529215574,1779437330752,1778529224307,1778529215688.457,1574,0,908115178,8733,114.457,10307,8733,1688.457,114.457
UBER,1778529215000,1778529216497,1778529216497,1779437330752,1778529224354,1778529216589.726,1497,0,908114255,7857,92.726,9354,7857,1589.726,92.726
UBER,1778529216000,1778529217532,1778529217532,1779437330753,1778529224354,1778529219792.153,1532,0,908113221,6822,2260.153,8354,6822,3792.153,2260.153
UBER,1778529219000,1778529220622,1778529220622,1779437330753,1778529233618,1778529224697.127,1622,0,908110131,12996,4075.127,14618,12996,5697.127,4075.127
UBER,1778529224000,1778529225637,1778529225637,1779437330753,1778529233618,1778529225698.933,1637,0,908105116,7981,61.933,9618,7981,1698.933,61.933
UBER,1778529225000,1778529226668,1778529226669,1779437330753,1778529233618,1778529226899.382,1668,1,908104084,6949,230.382,8618,6950,1899.382,231.382
UBER,1778529226000,1778529227525,1778529227525,1779437330753,1778529233618,1778529227600.057,1525,0,908103228,6093,75.057,7618,6093,1600.057,75.057
UBER,1778529227000,1778529228551,1778529228551,1779437330753,1778529233618,1778529229592.677,1551,0,908102202,5067,1041.677,6618,5067,2592.677,1041.677
UBER,1778529229000,1778529230538,1778529230538,1779437330753,1778529233618,1778529230603.594,1538,0,908100215,3080,65.594,4618,3080,1603.594,65.594
UBER,1778529230000,1778529231606,1778529231606,1779437330754,1778529233618,1778529232604.686,1606,0,908099148,2012,998.686,3618,2012,2604.686,998.686
UBER,1778529231000,1778529233523,1778529233524,1779437330754,1778529243626,1778529233605.89,2523,1,908097230,10102,81.89,12626,10103,2605.89,82.89
UBER,1778529233000,1778529234749,1778529234750,1779437330754,1778529243629,1778529234807.722,1749,1,908096004,8879,57.722,10629,8880,1807.722,58.722
UBER,1778529234000,1778529235442,1778529235443,1779437330754,1778529243629,1778529235508.095,1442,1,908095311,8186,65.095,9629,8187,1508.095,66.095
UBER,1778529235000,1778529236502,1778529236502,1779437330754,1778529243629,1778529236569.564,1502,0,908094252,7127,67.564,8629,7127,1569.564,67.564
UBER,1778529236000,1778529237517,1778529237517,1779437330754,1778529243629,1778529237758.409,1517,0,908093237,6112,241.409,7629,6112,1758.409,241.409
UBER,1778529237000,1778529238509,1778529238509,1779437330754,1778529243629,1778529238597.108,1509,0,908092245,5120,88.108,6629,5120,1597.108,88.108
UBER,1778529238000,1778529239427,1778529239428,1779437330754,1778529243626,1778529239512.899,1427,1,908091326,4198,84.899,5626,4199,1512.899,85.899
UBER,1778529239000,1778529240521,1778529240522,1779437330754,1778529243629,1778529240613.946,1521,1,908090232,3107,91.946,4629,3108,1613.946,92.946
UBER,1778529240000,1778529242212,1778529242212,1779437330754,1778529243629,1778529242807.406,2212,0,908088542,1417,595.406,3629,1417,2807.406,595.406
UBER,1778529241000,1778529242921,1778529242921,1779437330754,1778529243629,1778529243417.129,1921,0,908087833,708,496.129,2629,708,2417.129,496.129
UBER,1778529242000,1778529243699,1778529243699,1779437330754,1778529252538,1778529244918.885,1699,0,908087055,8839,1219.885,10538,8839,2918.885,1219.885
UBER,1778529244000,1778529245651,1778529245651,1779437330755,1778529252538,1778529245719.918,1651,0,908085104,6887,68.918,8538,6887,1719.918,68.918
UBER,1778529245000,1778529246671,1778529246671,1779437330755,1778529252538,1778529246821.576,1671,0,908084084,5867,150.576,7538,5867,1821.576,150.576
UBER,1778529246000,1778529247477,1778529247477,1779437330755,1778529252537,1778529248623.515,1477,0,908083278,5060,1146.515,6537,5060,2623.515,1146.515
UBER,1778529248000,1778529249500,1778529249500,1779437330755,1778529252538,1778529249625.535,1500,0,908081255,3038,125.535,4538,3038,1625.535,125.535
UBER,1778529249000,1778529250583,1778529250584,1779437330755,1778529252538,1778529250925.359,1583,1,908080171,1954,341.359,3538,1955,1925.359,342.359
UBER,1778529250000,1778529251547,1778529251547,1779437330755,1778529252537,1778529251643.112,1547,0,908079208,990,96.112,2537,990,1643.112,96.112
UBER,1778529251000,1778529252606,1778529252606,1779437330755,1778529262350,1778529252827.372,1606,0,908078149,9744,221.372,11350,9744,1827.372,221.372
UBER,1778529252000,1778529253517,1778529253517,1779437330755,1778529262350,1778529254627.2,1517,0,908077238,8833,1110.2,10350,8833,2627.2,1110.2
UBER,1778529254000,1778529255474,1778529255474,1779437330755,1778529262350,1778529255599.635,1474,0,908075281,6876,125.635,8350,6876,1599.635,125.635
UBER,1778529255000,1778529256824,1778529256825,1779437330755,1778529262350,1778529256931.863,1824,1,908073930,5525,106.863,7350,5526,1931.863,107.863
UBER,1778529256000,1778529257646,1778529257646,1779437330755,1778529262350,1778529257733.325,1646,0,908073109,4704,87.325,6350,4704,1733.325,87.325
UBER,1778529257000,1778529258545,1778529258545,1779437330756,1778529262350,1778529259635.114,1545,0,908072211,3805,1090.114,5350,3805,2635.114,1090.114
UBER,1778529259000,1778529260513,1778529260513,1779437330756,1778529271956,1778529262638.601,1513,0,908070243,11443,2125.601,12956,11443,3638.601,2125.601
UBER,1778529263000,1778529263501,1778529263501,1779437330756,1778529271956,1778529264740.34,501,0,908067255,8455,1239.34,8956,8455,1740.34,1239.34
UBER,1778529265000,1778529265504,1778529265504,1779437330756,1778529271929,1778529266742.938,504,0,908065252,6425,1238.938,6929,6425,1742.938,1238.938
UBER,1778529267000,1778529268566,1778529268566,1779437330756,1778529271956,1778529269645.774,1566,0,908062190,3390,1079.774,4956,3390,2645.774,1079.774
UBER,1778529268000,1778529269628,1778529269628,1779437330756,1778529271956,1778529270565.415,1628,0,908061128,2328,937.415,3956,2328,2565.415,937.415
UBER,1778529270000,1778529271528,1778529271528,1779437330757,1778529271956,1778529271917.209,1528,0,908059229,428,389.209,1956,428,1917.209,389.209
UBER,1778529271000,1778529272577,1778529272577,1779437330757,1778529281770,1778529273649.124,1577,0,908058180,9193,1072.124,10770,9193,2649.124,1072.124
CSCO,1778525018000,1778525019659,1778525019660,1779437330757,1778525026801,1778525020737.428,1659,1,912311097,7141,1077.428,8801,7142,2737.428,1078.428
CSCO,1778525021000,1778525021622,1778525021622,1779437330757,1778525026801,1778525022739.775,622,0,912309135,5179,1117.775,5801,5179,1739.775,1117.775
CSCO,1778525022000,1778525023651,1778525023651,1779437330757,1778525026801,1778525023743.141,1651,0,912307106,3150,92.141,4801,3150,1743.141,92.141
CSCO,1778525024000,1778525025669,1778525025669,1779437330757,1778525026801,1778525026789.886,1669,0,912305088,1132,1120.886,2801,1132,2789.886,1120.886
CSCO,1778525026000,1778525027654,1778525027654,1779437330757,1778525039270,1778525027847.161,1654,0,912303103,11616,193.161,13270,11616,1847.161,193.161
CSCO,1778525027000,1778525028630,1778525028630,1779437330757,1778525039270,1778525031650.949,1630,0,912302127,10640,3020.949,12270,10640,4650.949,3020.949
CSCO,1778525030000,1778525032988,1778525032989,1779437330758,1778525051282,1778525040760.499,2988,1,912297769,18293,7771.499,21282,18294,10760.499,7772.499
CSCO,1778525040000,1778525041759,1778525041759,1779437330758,1778525051282,1778525042862.573,1759,0,912288999,9523,1103.573,11282,9523,2862.573,1103.573
CSCO,1778525042000,1778525043801,1778525043801,1779437330758,1778525051282,1778525044713.33,1801,0,912286957,7481,912.33,9282,7481,2713.33,912.33
CSCO,1778525044000,1778525045797,1778525045798,1779437330758,1778525064296,1778525052724.111,1797,1,912284960,18498,6926.111,20296,18499,8724.111,6927.111
CSCO,1778525051000,1778525053668,1778525053668,1779437330759,1778525064296,1778525053774.136,2668,0,912277091,10628,106.136,13296,10628,2774.136,106.136
CSCO,1778525053000,1778525054914,1778525054914,1779437330759,1778525064296,1778525054974.954,1914,0,912275845,9382,60.954,11296,9382,1974.954,60.954
CSCO,1778525055000,1778525056751,1778525056751,1779437330759,1778525064296,1778525057778.618,1751,0,912274008,7545,1027.618,9296,7545,2778.618,1027.618
CSCO,1778525057000,1778525058692,1778525058692,1779437330759,1778525064296,1778525059726.097,1692,0,912272067,5604,1034.097,7296,5604,2726.097,1034.097
CSCO,1778525059000,1778525060694,1778525060694,1779437330759,1778525064296,1778525061782.356,1694,0,912270065,3602,1088.356,5296,3602,2782.356,1088.356
CSCO,1778525062000,1778525063823,1778525063823,1779437330759,1778525064296,1778525063884.096,1823,0,912266936,473,61.096,2296,473,1884.096,61.096
CSCO,1778525064000,1778525065815,1778525065815,1779437330759,1778525077808,1778525068689.547,1815,0,912264944,11993,2874.547,13808,11993,4689.547,2874.547
CSCO,1778525068000,1778525069686,1778525069687,1779437330760,1778525077808,1778525069790.227,1686,1,912261073,8121,103.227,9808,8122,1790.227,104.227
CSCO,1778525069000,1778525070686,1778525070687,1779437330760,1778525077609,1778525070791.628,1686,1,912260073,6922,104.628,8609,6923,1791.628,105.628
CSCO,1778525070000,1778525071744,1778525071744,1779437330760,1778525077808,1778525071947.369,1744,0,912259016,6064,203.369,7808,6064,1947.369,203.369
CSCO,1778525072000,1778525073841,1778525073841,1779437330760,1778525077808,1778525075895.822,1841,0,912256919,3967,2054.822,5808,3967,3895.822,2054.822
CSCO,1778525075000,1778525076836,1778525076836,1779437330760,1778525090322,1778525077798.576,1836,0,912253924,13486,962.576,15322,13486,2798.576,962.576
CSCO,1778525078000,1778525079679,1778525079679,1779437330760,1778525090322,1778525079800.246,1679,0,912251081,10643,121.246,12322,10643,1800.246,121.246
CSCO,1778525079000,1778525080696,1778525080697,1779437330760,1778525090322,1778525085005.424,1696,1,912250063,9625,4308.424,11322,9626,6005.424,4309.424
CSCO,1778525085000,1778525085646,1778525085646,1779437330761,1778525090322,1778525085706.065,646,0,912245115,4676,60.065,5322,4676,706.065,60.065
CSCO,1778525086000,1778525087633,1778525087633,1779437330761,1778525090322,1778525087707.948,1633,0,912243128,2689,74.948,4322,2689,1707.948,74.948
CSCO,1778525087000,1778525088729,1778525088729,1779437330761,1778525103034,1778525090810.95,1729,0,912242032,14305,2081.95,16034,14305,3810.95,2081.95
CSCO,1778525091000,1778525091714,1778525091714,1779437330761,1778525103034,1778525099819.704,714,0,912239047,11320,8105.704,12034,11320,8819.704,8105.704
CSCO,1778525100000,1778525100777,1778525100777,1779437330761,1778525115856,1778525105025.65,777,0,912229984,15079,4248.65,15856,15079,5025.65,4248.65
CSCO,1778525105000,1778525105818,1778525105818,1779437330762,1778525115856,1778525108829.404,818,0,912224944,10038,3011.404,10856,10038,3829.404,3011.404
CSCO,1778525109000,1778525109925,1778525109925,1779437330762,1778525115856,1778525111804.937,925,0,912220837,5931,1879.937,6856,5931,2804.937,1879.937
CSCO,1778525111000,1778525113104,1778525113104,1779437330762,1778525127893,1778525119040.402,2104,0,912217658,14789,5936.402,16893,14789,8040.402,5936.402
CSCO,1778525118000,1778525119818,1778525119818,1779437330763,1778525127893,1778525120841.793,1818,0,912210945,8075,1023.793,9893,8075,2841.793,1023.793
CSCO,1778525120000,1778525121691,1778525121691,1779437330763,1778525127893,1778525121842.252,1691,0,912209072,6202,151.252,7893,6202,1842.252,151.252
CSCO,1778525121000,1778525122960,1778525122960,1779437330763,1778525127893,1778525123044.047,1960,0,912207803,4933,84.047,6893,4933,2044.047,84.047
CSCO,1778525122000,1778525123745,1778525123746,1779437330763,1778525127893,1778525124044.52,1745,1,912207017,4147,298.52,5893,4148,2044.52,299.52
CSCO,1778525123000,1778525124950,1778525124950,1779437330763,1778525127893,1778525126947.398,1950,0,912205813,2943,1997.398,4893,2943,3947.398,1997.398
CSCO,1778525126000,1778525128044,1778525128044,1779437330763,1778525140875,1778525132052.902,2044,0,912202719,12831,4008.902,14875,12831,6052.902,4008.902
CSCO,1778525131000,1778525132705,1778525132706,1779437330764,1778525140875,1778525132772.174,1705,1,912198058,8169,66.174,9875,8170,1772.174,67.174
CSCO,1778525132000,1778525133943,1778525133944,1779437330764,1778525140875,1778525134855.558,1943,1,912196820,6931,911.558,8875,6932,2855.558,912.558
CSCO,1778525134000,1778525135809,1778525135809,1779437330764,1778525140875,1778525136857.659,1809,0,912194955,5066,1048.659,6875,5066,2857.659,1048.659
CSCO,1778525136000,1778525137783,1778525137783,1779437330764,1778525153889,1778525146067.553,1783,0,912192981,16106,8284.553,17889,16106,10067.553,8284.553
CSCO,1778525145000,1778525146982,1778525146982,1779437330764,1778525153889,1778525148269.672,1982,0,912183782,6907,1287.672,8889,6907,3269.672,1287.672
CSCO,1778525148000,1778525148782,1778525148782,1779437330765,1778525153889,1778525151772.679,782,0,912181983,5107,2990.679,5889,5107,3772.679,2990.679
CSCO,1778525152000,1778525153790,1778525153790,1779437330765,1778525166400,1778525153975.273,1790,0,912176975,12610,185.273,14400,12610,1975.273,185.273
CSCO,1778525153000,1778525154936,1778525154936,1779437330765,1778525166400,1778525161087.042,1936,0,912175829,11464,6151.042,13400,11464,8087.042,6151.042
CSCO,1778525161000,1778525162012,1778525162012,1779437330765,1778525166400,1778525164089.78,1012,0,912168753,4388,2077.78,5400,4388,3089.78,2077.78
CSCO,1778525165000,1778525165860,1778525165860,1779437330765,1778525179370,1778525170896.322,860,0,912164905,13510,5036.322,14370,13510,5896.322,5036.322
CSCO,1778525171000,1778525171780,1778525171781,1779437330766,1778525179370,1778525173899.944,780,1,912158985,7589,2118.944,8370,7590,2899.944,2119.944
CSCO,1778525173000,1778525174825,1778525174825,1779437330766,1778525179370,1778525174900.83,1825,0,912155941,4545,75.83,6370,4545,1900.83,75.83
CSCO,1778525174000,1778525175761,1778525175761,1779437330766,1778525179370,1778525176898.16,1761,0,912155005,3609,1137.16,5370,3609,2898.16,1137.16
CSCO,1778525176000,1778525177792,1778525177792,1779437330766,1778525192224,1778525180005.682,1792,0,912152974,14432,2213.682,16224,14432,4005.682,2213.682
CSCO,1778525180000,1778525181802,1778525181802,1779437330766,1778525192224,1778525183039.301,1802,0,912148964,10422,1237.301,12224,10422,3039.301,1237.301
CSCO,1778525182000,1778525183921,1778525183921,1779437330766,1778525192224,1778525184009.645,1921,0,912146845,8303,88.645,10224,8303,2009.645,88.645
CSCO,1778525183000,1778525184795,1778525184795,1779437330767,1778525192224,1778525184910.537,1795,0,912145972,7429,115.537,9224,7429,1910.537,115.537
CSCO,1778525184000,1778525185733,1778525185733,1779437330767,1778525192224,1778525185804.961,1733,0,912145034,6491,71.961,8224,6491,1804.961,71.961
CSCO,1778525187000,1778525187942,1778525187942,1779437330767,1778525192224,1778525192118.733,942,0,912142825,4282,4176.733,5224,4282,5118.733,4176.733
CSCO,1778525191000,1778525192031,1778525192031,1779437330767,1778525206037,1778525194120.714,1031,0,912138736,14006,2089.714,15037,14006,3120.714,2089.714
CSCO,1778525193000,1778525194828,1778525194828,1779437330767,1778525206037,1778525196822.391,1828,0,912135939,11209,1994.391,13037,11209,3822.391,1994.391
CSCO,1778525197000,1778525197798,1778525197799,1779437330767,1778525206037,1778525198924.321,798,1,912132968,8238,1125.321,9037,8239,1924.321,1126.321
CSCO,1778525199000,1778525201955,1778525201955,1779437330767,1778525206037,1778525202828.286,2955,0,912128812,4082,873.286,7037,4082,3828.286,873.286
CSCO,1778525203000,1778525203811,1778525203811,1779437330768,1778525219351,1778525207132.94,811,0,912126957,15540,3321.94,16351,15540,4132.94,3321.94
CSCO,1778525206000,1778525207954,1778525207954,1779437330768,1778525219351,1778525208033.427,1954,0,912122814,11397,79.427,13351,11397,2033.427,79.427
CSCO,1778525207000,1778525208806,1778525208806,1779437330768,1778525219351,1778525208934.143,1806,0,912121962,10545,128.143,12351,10545,1934.143,128.143
CSCO,1778525208000,1778525209799,1778525209799,1779437330768,1778525219351,1778525210035.4,1799,0,912120969,9552,236.4,11351,9552,2035.4,236.4
CSCO,1778525209000,1778525210791,1778525210791,1779437330768,1778525219351,1778525213839.694,1791,0,912119977,8560,3048.694,10351,8560,4839.694,3048.694
CSCO,1778525214000,1778525215816,1778525215817,1779437330768,1778525219351,1778525217042.602,1816,1,912114951,3534,1225.602,5351,3535,3042.602,1226.602
CSCO,1778525216000,1778525217861,1778525217861,1779437330768,1778525219351,1778525217943.848,1861,0,912112907,1490,82.848,3351,1490,1943.848,82.848
CSCO,1778525217000,1778525219017,1778525219017,1779437330769,1778525232416,1778525219840.19,2017,0,912111752,13399,823.19,15416,13399,2840.19,823.19
CSCO,1778525220000,1778525220760,1778525220760,1779437330769,1778525232416,1778525222047.427,760,0,912110009,11656,1287.427,12416,11656,2047.427,1287.427
CSCO,1778525222000,1778525223819,1778525223819,1779437330769,1778525232416,1778525225952.086,1819,0,912106950,8597,2133.086,10416,8597,3952.086,2133.086
CSCO,1778525225000,1778525226836,1778525226836,1779437330769,1778525232416,1778525229955.58,1836,0,912103933,5580,3119.58,7416,5580,4955.58,3119.58
CSCO,1778525230000,1778525230877,1778525230877,1779437330769,1778525232416,1778525231957.712,877,0,912099892,1539,1080.712,2416,1539,1957.712,1080.712
CSCO,1778525231000,1778525232833,1778525232833,1779437330769,1778525245078,1778525232950.348,1833,0,912097936,12245,117.348,14078,12245,1950.348,117.348
CSCO,1778525232000,1778525233789,1778525233789,1779437330770,1778525245078,1778525233855.823,1789,0,912096981,11289,66.823,13078,11289,1855.823,66.823
CSCO,1778525233000,1778525235090,1778525235090,1779437330770,1778525245078,1778525236062.772,2090,0,912095680,9988,972.772,12078,9988,3062.772,972.772
CSCO,1778525236000,1778525237132,1778525237132,1779437330770,1778525245078,1778525239165.53,1132,0,912093638,7946,2033.53,9078,7946,3165.53,2033.53
CSCO,1778525238000,1778525239765,1778525239765,1779437330770,1778525245078,1778525241067.537,1765,0,912091005,5313,1302.537,7078,5313,3067.537,1302.537
CSCO,1778525240000,1778525241894,1778525241894,1779437330770,1778525245078,1778525241967.712,1894,0,912088876,3184,73.712,5078,3184,1967.712,73.712
CSCO,1778525241000,1778525242857,1778525242857,1779437330770,1778525257437,1778525247873.794,1857,0,912087913,14580,5016.794,16437,14580,6873.794,5016.794
CSCO,1778525248000,1778525248820,1778525248820,1779437330771,1778525257437,1778525251177.072,820,0,912081951,8617,2357.072,9437,8617,3177.072,2357.072
CSCO,1778525252000,1778525252810,1778525252810,1779437330771,1778525270000,1778525260086.425,810,0,912077961,17190,7276.425,18000,17190,8086.425,7276.425
CSCO,1778525259000,1778525260836,1778525260836,1779437330771,1778525270000,1778525264091.298,1836,0,912069935,9164,3255.298,11000,9164,5091.298,3255.298
CSCO,1778525263000,1778525264823,1778525264823,1779437330772,1778525270000,1778525264991.783,1823,0,912065949,5177,168.783,7000,5177,1991.783,168.783
CSCO,1778525264000,1778525266021,1778525266022,1779437330772,1778525270000,1778525268195.583,2021,1,912064750,3978,2173.583,6000,3979,4195.583,2174.583
CSCO,1778525267000,1778525268837,1778525268837,1779437330772,1778525270000,1778525269095.399,1837,0,912061935,1163,258.399,3000,1163,2095.399,258.399
CSCO,1778525269000,1778525270031,1778525270031,1779437330772,1778525283113,1778525273199.342,1031,0,912060741,13082,3168.342,14113,13082,4199.342,3168.342
CSCO,1778525273000,1778525274838,1778525274838,1779437330772,1778525283113,1778525275000.994,1838,0,912055934,8275,162.994,10113,8275,2000.994,162.994
CSCO,1778525274000,1778525275855,1778525275855,1779437330772,1778525283113,1778525278005.14,1855,0,912054917,7258,2150.14,9113,7258,4005.14,2150.14
CSCO,1778525279000,1778525281018,1778525281018,1779437330772,1778525283113,1778525281104.77,2018,0,912049754,2095,86.77,4113,2095,2104.77,86.77
CSCO,1778525280000,1778525282082,1778525282082,1779437330772,1778525295625,1778525286112.41,2082,0,912048690,13543,4030.41,15625,13543,6112.41,4030.41
CSCO,1778525285000,1778525286782,1778525286783,1779437330773,1778525295625,1778525288214.528,1782,1,912043990,8842,1431.528,10625,8843,3214.528,1432.528
CSCO,1778525287000,1778525288996,1778525288997,1779437330773,1778525295625,1778525289115.325,1996,1,912041776,6628,118.325,8625,6629,2115.325,119.325
CSCO,1778525288000,1778525289991,1778525289991,1779437330773,1778525295625,1778525290917.149,1991,0,912040782,5634,926.149,7625,5634,2917.149,926.149
CSCO,1778525290000,1778525291838,1778525291838,1779437330773,1778525295625,1778525291919.025,1838,0,912038935,3787,81.025,5625,3787,1919.025,81.025
CSCO,1778525291000,1778525292840,1778525292840,1779437330773,1778525295625,1778525295021.102,1840,0,912037933,2785,2181.102,4625,2785,4021.102,2181.102
CSCO,1778525294000,1778525295875,1778525295875,1779437330773,1778525308442,1778525297024.272,1875,0,912034898,12567,1149.272,14442,12567,3024.272,1149.272
CSCO,1778525296000,1778525297803,1778525297803,1779437330774,1778525308442,1778525297924.133,1803,0,912032971,10639,121.133,12442,10639,1924.133,121.133
CSCO,1778525297000,1778525299058,1778525299058,1779437330774,1778525308442,1778525301128.109,2058,0,912031716,9384,2070.109,11442,9384,4128.109,2070.109
CSCO,1778525300000,1778525301840,1778525301840,1779437330774,1778525308442,1778525304131.069,1840,0,912028934,6602,2291.069,8442,6602,4131.069,2291.069
CSCO,1778525303000,1778525304801,1778525304802,1779437330774,1778525308442,1778525305058.329,1801,1,912025972,3640,256.329,5442,3641,2058.329,257.329
CSCO,1778525304000,1778525305992,1778525305992,1779437330774,1778525308442,1778525306132.224,1992,0,912024782,2450,140.224,4442,2450,2132.224,140.224
CSCO,1778525305000,1778525307022,1778525307022,1779437330774,1778525308442,1778525307133.032,2022,0,912023752,1420,111.032,3442,1420,2133.032,111.032
CSCO,1778525307000,1778525307796,1778525307797,1779437330774,1778525308442,1778525307933.357,796,1,912022977,645,136.357,1442,646,933.357,137.357
CSCO,1778525308000,1778525308867,1778525308867,1779437330774,1778525321152,1778525312137.784,867,0,912021907,12285,3270.784,13152,12285,4137.784,3270.784
CSCO,1778525311000,1778525312873,1778525312873,1779437330775,1778525321152,1778525312939.795,1873,0,912017902,8279,66.795,10152,8279,1939.795,66.795
CSCO,1778525313000,1778525314006,1778525314006,1779437330775,1778525321152,1778525316943.274,1006,0,912016769,7146,2937.274,8152,7146,3943.274,2937.274
CSCO,1778525316000,1778525318017,1778525318018,1779437330775,1778525321152,1778525318145.385,2017,1,912012757,3134,127.385,5152,3135,2145.385,128.385
CSCO,1778525317000,1778525318816,1778525318816,1779437330775,1778525321152,1778525320106.221,1816,0,912011959,2336,1290.221,4152,2336,3106.221,1290.221
CSCO,1778525319000,1778525321001,1778525321001,1779437330775,1778525321152,1778525321147.842,2001,0,912009774,151,146.842,2152,151,2147.842,146.842
CSCO,1778525320000,1778525321851,1778525321851,1779437330775,1778525333969,1778525328155.796,1851,0,912008924,12118,6304.796,13969,12118,8155.796,6304.796
CSCO,1778525327000,1778525328812,1778525328812,1779437330776,1778525333969,1778525328955.626,1812,0,912001964,5157,143.626,6969,5157,1955.626,143.626
CSCO,1778525328000,1778525329911,1778525329911,1779437330776,1778525333969,1778525333159.527,1911,0,912000865,4058,3248.527,5969,4058,5159.527,3248.527
CSCO,1778525332000,1778525334016,1778525334016,1779437330776,1778525346080,1778525335862.535,2016,0,911996760,12064,1846.535,14080,12064,3862.535,1846.535
CSCO,1778525335000,1778525336916,1778525336916,1779437330776,1778525346080,1778525337120.655,1916,0,911993860,9164,204.655,11080,9164,2120.655,204.655
CSCO,1778525337000,1778525337809,1778525337810,1779437330776,1778525346080,1778525341068.554,809,1,911992966,8270,3258.554,9080,8271,4068.554,3259.554
CSCO,1778525340000,1778525341934,1778525341934,1779437330776,1778525346080,1778525343269.937,1934,0,911988842,4146,1335.937,6080,4146,3269.937,1335.937
CSCO,1778525343000,1778525344856,1778525344856,1779437330777,1778525359161,1778525346973.383,1856,0,911985921,14305,2117.383,16161,14305,3973.383,2117.383
CSCO,1778525346000,1778525347898,1778525347898,1779437330777,1778525359160,1778525347974.697,1898,0,911982879,11262,76.697,13160,11262,1974.697,76.697
CSCO,1778525347000,1778525348808,1778525348808,1779437330777,1778525359161,1778525348871.099,1808,0,911981969,10353,63.099,12161,10353,1871.099,63.099
CSCO,1778525348000,1778525350041,1778525350041,1779437330777,1778525359161,1778525350177.203,2041,0,911980736,9120,136.203,11161,9120,2177.203,136.203
CSCO,1778525350000,1778525350997,1778525350997,1779437330777,1778525359160,1778525351878.456,997,0,911979780,8163,881.456,9160,8163,1878.456,881.456
CSCO,1778525351000,1778525353049,1778525353049,1779437330777,1778525359161,1778525354076.276,2049,0,911977728,6112,1027.276,8161,6112,3076.276,1027.276
CSCO,1778525353000,1778525354964,1778525354964,1779437330777,1778525359161,1778525355081.983,1964,0,911975813,4197,117.983,6161,4197,2081.983,117.983
CSCO,1778525355000,1778525355928,1778525355928,1779437330777,1778525359161,1778525357984.641,928,0,911974849,3233,2056.641,4161,3233,2984.641,2056.641
CSCO,1778525357000,1778525358894,1778525358894,1779437330778,1778525359161,1778525358985.565,1894,0,911971884,267,91.565,2161,267,1985.565,91.565
CSCO,1778525358000,1778525359843,1778525359843,1779437330778,1778525372005,1778525361888.404,1843,0,911970935,12162,2045.404,14005,12162,3888.404,2045.404
CSCO,1778525361000,1778525363074,1778525363074,1779437330778,1778525372005,1778525364090.924,2074,0,911967704,8931,1016.924,11005,8931,3090.924,1016.924
CSCO,1778525363000,1778525365070,1778525365070,1779437330778,1778525372005,1778525365192.782,2070,0,911965708,6935,122.782,9005,6935,2192.782,122.782
CSCO,1778525364000,1778525365864,1778525365864,1779437330778,1778525372005,1778525367194.25,1864,0,911964914,6141,1330.25,8005,6141,3194.25,1330.25
CSCO,1778525366000,1778525367851,1778525367851,1779437330778,1778525372005,1778525369996.696,1851,0,911962927,4154,2145.696,6005,4154,3996.696,2145.696
CSCO,1778525369000,1778525371042,1778525371042,1779437330778,1778525385018,1778525377094.117,2042,0,911959736,13976,6052.117,16018,13976,8094.117,6052.117
CSCO,1778525375000,1778525377952,1778525377952,1779437330779,1778525385018,1778525379105.721,2952,0,911952827,7066,1153.721,10018,7066,4105.721,1153.721
CSCO,1778525378000,1778525379929,1778525379929,1779437330779,1778525385018,1778525380006.887,1929,0,911950850,5089,77.887,7018,5089,2006.887,77.887
CSCO,1778525379000,1778525380930,1778525380930,1779437330779,1778525385018,1778525384970.582,1930,0,911949849,4088,4040.582,6018,4088,5970.582,4040.582
CSCO,1778525384000,1778525386028,1778525386028,1779437330779,1778525398029,1778525388188.489,2028,0,911944751,12001,2160.489,14029,12001,4188.489,2160.489
CSCO,1778525388000,1778525388947,1778525388947,1779437330779,1778525398029,1778525391218.058,947,0,911941832,9082,2271.058,10029,9082,3218.058,2271.058
CSCO,1778525390000,1778525391918,1778525391919,1779437330780,1778525398029,1778525392018.436,1918,1,911938861,6110,99.436,8029,6111,2018.436,100.436
CSCO,1778525393000,1778525394068,1778525394068,1779437330780,1778525410443,1778525399924.84,1068,0,911936712,16375,5856.84,17443,16375,6924.84,5856.84
CSCO,1778525399000,1778525401120,1778525401120,1779437330780,1778525410443,1778525401326.993,2120,0,911929660,9323,206.993,11443,9323,2326.993,206.993
CSCO,1778525401000,1778525402167,1778525402167,1779437330780,1778525410443,1778525402327.12,1167,0,911928613,8276,160.12,9443,8276,1327.12,160.12
CSCO,1778525402000,1778525404219,1778525404219,1779437330780,1778525410443,1778525404429.454,2219,0,911926561,6224,210.454,8443,6224,2429.454,210.454
CSCO,1778525404000,1778525406100,1778525406101,1779437330780,1778525410443,1778525408020.256,2100,1,911924679,4342,1919.256,6443,4343,4020.256,1920.256
CSCO,1778525407000,1778525408978,1778525408978,1779437330781,1778525410443,1778525409035.239,1978,0,911921803,1465,57.239,3443,1465,2035.239,57.239
CSCO,1778525408000,1778525409968,1778525409968,1779437330781,1778525410443,1778525410035.656,1968,0,911920813,475,67.656,2443,475,2035.656,67.656
CSCO,1778525409000,1778525410941,1778525410941,1779437330781,1778525423154,1778525411982.919,1941,0,911919840,12213,1041.919,14154,12213,2982.919,1041.919
CSCO,1778525411000,1778525412958,1778525412958,1779437330781,1778525423154,1778525413037.653,1958,0,911917823,10196,79.653,12154,10196,2037.653,79.653
CSCO,1778525412000,1778525413918,1778525413918,1779437330781,1778525423154,1778525418042.535,1918,0,911916863,9236,4124.535,11154,9236,6042.535,4124.535
CSCO,1778525418000,1778525419157,1778525419157,1779437330781,1778525423154,1778525420045.102,1157,0,911911624,3997,888.102,5154,3997,2045.102,888.102
CSCO,1778525420000,1778525421010,1778525421010,1779437330781,1778525423154,1778525423086.359,1010,0,911909771,2144,2076.359,3154,2144,3086.359,2076.359
CSCO,1778525422000,1778525423976,1778525423976,1779437330782,1778525436197,1778525426051.193,1976,0,911906806,12221,2075.193,14197,12221,4051.193,2075.193
CSCO,1778525425000,1778525426920,1778525426920,1779437330782,1778525436197,1778525427051.699,1920,0,911903862,9277,131.699,11197,9277,2051.699,131.699
CSCO,1778525427000,1778525427897,1778525427897,1779437330782,1778525436197,1778525427952.142,897,0,911902885,8300,55.142,9197,8300,952.142,55.142
CSCO,1778525428000,1778525428965,1778525428965,1779437330782,1778525436197,1778525431255.942,965,0,911901817,7232,2290.942,8197,7232,3255.942,2290.942
CSCO,1778525430000,1778525432155,1778525432155,1779437330782,1778525436197,1778525432256.947,2155,0,911898627,4042,101.947,6197,4042,2256.947,101.947
CSCO,1778525431000,1778525432895,1778525432895,1779437330782,1778525449183,1778525436261.121,1895,0,911897887,16288,3366.121,18183,16288,5261.121,3366.121
CSCO,1778525435000,1778525436971,1778525436971,1779437330782,1778525449183,1778525439063.682,1971,0,911893811,12212,2092.682,14183,12212,4063.682,2092.682
CSCO,1778525438000,1778525440193,1778525440194,1779437330783,1778525449183,1778525440265.433,2193,1,911890589,8989,71.433,11183,8990,2265.433,72.433
CSCO,1778525439000,1778525440970,1778525440970,1779437330783,1778525449183,1778525441066.165,1970,0,911889813,8213,96.165,10183,8213,2066.165,96.165
CSCO,1778525440000,1778525442012,1778525442012,1779437330783,1778525449183,1778525442221.066,2012,0,911888771,7171,209.066,9183,7171,2221.066,209.066
CSCO,1778525441000,1778525442981,1778525442981,1779437330783,1778525449183,1778525443216.711,1981,0,911887802,6202,235.711,8183,6202,2216.711,235.711
CSCO,1778525444000,1778525444909,1778525444909,1779437330783,1778525449183,1778525446272.027,909,0,911885874,4274,1363.027,5183,4274,2272.027,1363.027
CSCO,1778525446000,1778525447007,1778525447007,1779437330783,1778525449183,1778525448274.606,1007,0,911883776,2176,1267.606,3183,2176,2274.606,1267.606
CSCO,1778525447000,1778525448948,1778525448948,1779437330783,1778525462096,1778525452078.639,1948,0,911881835,13148,3130.639,15096,13148,5078.639,3130.639
CSCO,1778525451000,1778525453049,1778525453049,1779437330783,1778525462096,1778525455081.099,2049,0,911877734,9047,2032.099,11096,9047,4081.099,2032.099
CSCO,1778525454000,1778525456218,1778525456218,1779437330784,1778525462096,1778525456282.394,2218,0,911874566,5878,64.394,8096,5878,2282.394,64.394
CSCO,1778525456000,1778525456985,1778525456985,1779437330784,1778525462096,1778525459985.923,985,0,911873799,5111,3000.923,6096,5111,3985.923,3000.923
CSCO,1778525461000,1778525462221,1778525462221,1779437330784,1778525474607,1778525464290.392,1221,0,911868563,12386,2069.392,13607,12386,3290.392,2069.392
CSCO,1778525463000,1778525464918,1778525464918,1779437330784,1778525474607,1778525464991.09,1918,0,911865866,9689,73.09,11607,9689,1991.09,73.09
CSCO,1778525464000,1778525466069,1778525466069,1779437330784,1778525474607,1778525466175.432,2069,0,911864715,8538,106.432,10607,8538,2175.432,106.432
CSCO,1778525465000,1778525466083,1778525466083,1779437330784,1778525474607,1778525473299.851,1083,0,911864701,8524,7216.851,9607,8524,8299.851,7216.851
CSCO,1778525473000,1778525473975,1778525473975,1779437330785,1778525487123,1778525477303.725,975,0,911856810,13148,3328.725,14123,13148,4303.725,3328.725
CSCO,1778525477000,1778525477969,1778525477970,1779437330785,1778525487123,1778525479103.724,969,1,911852815,9153,1133.724,10123,9154,2103.724,1134.724
CSCO,1778525479000,1778525479996,1778525479996,1779437330785,1778525487123,1778525483008.42,996,0,911850789,7127,3012.42,8123,7127,4008.42,3012.42
CSCO,1778525482000,1778525483949,1778525483949,1779437330785,1778525487122,1778525485311.42,1949,0,911846836,3173,1362.42,5122,3173,3311.42,1362.42
CSCO,1778525484000,1778525486004,1778525486004,1779437330785,1778525500126,1778525488113.5,2004,0,911844781,14122,2109.5,16126,14122,4113.5,2109.5
CSCO,1778525487000,1778525489192,1778525489192,1779437330786,1778525500126,1778525489315.611,2192,0,911841594,10934,123.611,13126,10934,2315.611,123.611
CSCO,1778525488000,1778525490269,1778525490269,1779437330786,1778525500126,1778525491416.726,2269,0,911840517,9857,1147.726,12126,9857,3416.726,1147.726
CSCO,1778525490000,1778525492000,1778525492000,1779437330786,1778525500126,1778525492317.361,2000,0,911838786,8126,317.361,10126,8126,2317.361,317.361
CSCO,1778525491000,1778525493173,1778525493173,1779437330786,1778525500126,1778525493310.233,2173,0,911837613,6953,137.233,9126,6953,2310.233,137.233
CSCO,1778525492000,1778525493992,1778525493992,1779437330786,1778525500126,1778525494076.221,1992,0,911836794,6134,84.221,8126,6134,2076.221,84.221
CSCO,1778525493000,1778525495027,1778525495027,1779437330786,1778525500126,1778525498323.431,2027,0,911835759,5099,3296.431,7126,5099,5323.431,3296.431
CSCO,1778525497000,1778525499031,1778525499031,1779437330786,1778525512549,1778525501126.137,2031,0,911831755,13518,2095.137,15549,13518,4126.137,2095.137
CSCO,1778525501000,1778525502029,1778525502030,1779437330787,1778525512549,1778525504128.741,1029,1,911828757,10519,2098.741,11549,10520,3128.741,2099.741
CSCO,1778525505000,1778525506995,1778525506995,1779437330787,1778525512549,1778525508133.951,1995,0,911823792,5554,1138.951,7549,5554,3133.951,1138.951
CSCO,1778525507000,1778525509003,1778525509003,1779437330787,1778525512549,1778525509234.218,2003,0,911821784,3546,231.218,5549,3546,2234.218,231.218
CSCO,1778525508000,1778525510060,1778525510060,1779437330787,1778525512549,1778525511235.993,2060,0,911820727,2489,1175.993,4549,2489,3235.993,1175.993
CSCO,1778525511000,1778525511998,1778525511999,1779437330787,1778525525160,1778525515298.209,998,1,911818788,13161,3299.209,14160,13162,4298.209,3300.209
CSCO,1778525515000,1778525516024,1778525516024,1779437330787,1778525525160,1778525520246.076,1024,0,911814763,9136,4222.076,10160,9136,5246.076,4222.076
CSCO,1778525520000,1778525521067,1778525521067,1779437330788,1778525525160,1778525521146.377,1067,0,911809721,4093,79.377,5160,4093,1146.377,79.377
CSCO,1778525521000,1778525522301,1778525522301,1779437330788,1778525525160,1778525523348.515,1301,0,911808487,2859,1047.515,4160,2859,2348.515,1047.515
CSCO,1778525523000,1778525524022,1778525524023,1779437330788,1778525538173,1778525531356.281,1022,1,911806765,14150,7333.281,15173,14151,8356.281,7334.281
CSCO,1778525530000,1778525532121,1778525532121,1779437330788,1778525538173,1778525533158.103,2121,0,911798667,6052,1037.103,8173,6052,3158.103,1037.103
CSCO,1778525532000,1778525534218,1778525534218,1779437330788,1778525538172,1778525534359.485,2218,0,911796570,3954,141.485,6172,3954,2359.485,141.485
CSCO,1778525534000,1778525535599,1778525535599,1779437330789,1778525551286,1778525539164.069,1599,0,911795190,15687,3565.069,17286,15687,5164.069,3565.069
CSCO,1778525539000,1778525539985,1778525539986,1779437330789,1778525551286,1778525543168.492,985,1,911790803,11300,3182.492,12286,11301,4168.492,3183.492
CSCO,1778525543000,1778525544194,1778525544194,1779437330789,1778525551286,1778525544269.647,1194,0,911786595,7092,75.647,8286,7092,1269.647,75.647
CSCO,1778525544000,1778525545202,1778525545202,1779437330789,1778525551286,1778525550276.705,1202,0,911785587,6084,5074.705,7286,6084,6276.705,5074.705
CSCO,1778525550000,1778525551087,1778525551087,1779437330789,1778525564302,1778525557383.918,1087,0,911779702,13215,6296.918,14302,13215,7383.918,6296.918
CSCO,1778525557000,1778525559004,1778525559004,1779437330790,1778525564302,1778525561187.858,2004,0,911771786,5298,2183.858,7302,5298,4187.858,2183.858
CSCO,1778525560000,1778525562267,1778525562267,1779437330790,1778525564302,1778525562388.739,2267,0,911768523,2035,121.739,4302,2035,2388.739,121.739
CSCO,1778525561000,1778525563044,1778525563044,1779437330790,1778525564300,1778525563189.819,2044,0,911767746,1256,145.819,3300,1256,2189.819,145.819
CSCO,1778525562000,1778525564130,1778525564130,1779437330790,1778525577712,1778525573099.23,2130,0,911766660,13582,8969.23,15712,13582,11099.23,8969.23
CSCO,1778525573000,1778525574220,1778525574220,1779437330791,1778525577712,1778525574300.757,1220,0,911756571,3492,80.757,4712,3492,1300.757,80.757
CSCO,1778525574000,1778525576186,1778525576186,1779437330791,1778525590626,1778525578204.62,2186,0,911754605,14440,2018.62,16626,14440,4204.62,2018.62
CSCO,1778525577000,1778525579288,1778525579289,1779437330791,1778525590626,1778525579405.419,2288,1,911751502,11337,116.419,13626,11338,2405.419,117.419
CSCO,1778525579000,1778525580075,1778525580075,1779437330791,1778525590626,1778525580207.049,1075,0,911750716,10551,132.049,11626,10551,1207.049,132.049
CSCO,1778525580000,1778525581304,1778525581304,1779437330791,1778525590626,1778525582208.656,1304,0,911749487,9322,904.656,10626,9322,2208.656,904.656
CSCO,1778525582000,1778525583217,1778525583217,1779437330791,1778525590626,1778525590216.652,1217,0,911747574,7409,6999.652,8626,7409,8216.652,6999.652
CSCO,1778525590000,1778525591125,1778525591125,1779437330792,1778525603639,1778525592218.26,1125,0,911739667,12514,1093.26,13639,12514,2218.26,1093.26
CSCO,1778525593000,1778525594105,1778525594105,1779437330792,1778525603639,1778525600226.252,1105,0,911736687,9534,6121.252,10639,9534,7226.252,6121.252
CSCO,1778525600000,1778525601057,1778525601057,1779437330792,1778525603639,1778525601126.785,1057,0,911729735,2582,69.785,3639,2582,1126.785,69.785
CSCO,1778525601000,1778525602094,1778525602094,1779437330792,1778525616650,1778525613139.799,1094,0,911728698,14556,11045.799,15650,14556,12139.799,11045.799
CSCO,1778525612000,1778525614111,1778525614111,1779437330793,1778525616650,1778525616243.329,2111,0,911716682,2539,2132.329,4650,2539,4243.329,2132.329
CSCO,1778525617000,1778525618139,1778525618139,1779437330793,1778525630163,1778525618445.136,1139,0,911712654,12024,306.136,13163,12024,1445.136,306.136
CSCO,1778525618000,1778525619307,1778525619307,1779437330794,1778525630163,1778525619447.803,1307,0,911711487,10856,140.803,12163,10856,1447.803,140.803
CSCO,1778525619000,1778525620174,1778525620174,1779437330794,1778525630163,1778525620248.393,1174,0,911710620,9989,74.393,11163,9989,1248.393,74.393
CSCO,1778525620000,1778525621110,1778525621110,1779437330794,1778525630163,1778525623150.465,1110,0,911709684,9053,2040.465,10163,9053,3150.465,2040.465
CSCO,1778525623000,1778525624123,1778525624123,1779437330794,1778525630163,1778525625252.404,1123,0,911706671,6040,1129.404,7163,6040,2252.404,1129.404
CSCO,1778525625000,1778525626178,1778525626178,1779437330794,1778525630163,1778525626253.846,1178,0,911704616,3985,75.846,5163,3985,1253.846,75.846
CSCO,1778525626000,1778525628111,1778525628111,1779437330794,1778525642976,1778525632359.308,2111,0,911702683,14865,4248.308,16976,14865,6359.308,4248.308
CSCO,1778525632000,1778525634099,1778525634099,1779437330794,1778525642976,1778525634161.442,2099,0,911696695,8877,62.442,10976,8877,2161.442,62.442
CSCO,1778525633000,1778525635078,1778525635079,1779437330794,1778525642976,1778525637264.929,2078,1,911695715,7897,2185.929,9976,7898,4264.929,2186.929
CSCO,1778525637000,1778525638096,1778525638096,1779437330795,1778525642976,1778525639226.861,1096,0,911692699,4880,1130.861,5976,4880,2226.861,1130.861
CSCO,1778525638000,1778525640074,1778525640074,1779437330795,1778525642976,1778525640141.812,2074,0,911690721,2902,67.812,4976,2902,2141.812,67.812
CSCO,1778525639000,1778525641182,1778525641182,1779437330795,1778525642976,1778525641268.71,2182,0,911689613,1794,86.71,3976,1794,2268.71,86.71
CSCO,1778525640000,1778525642306,1778525642307,1779437330795,1778525655489,1778525644171.608,2306,1,911688488,13182,1864.608,15489,13183,4171.608,1865.608
CSCO,1778525643000,1778525645110,1778525645110,1779437330795,1778525655492,1778525645173.395,2110,0,911685685,10382,63.395,12492,10382,2173.395,63.395
CSCO,1778525645000,1778525646176,1778525646176,1779437330795,1778525655492,1778525647774.784,1176,0,911684619,9316,1598.784,10492,9316,2774.784,1598.784
CSCO,1778525647000,1778525648101,1778525648101,1779437330795,1778525655492,1778525651278.433,1101,0,911682694,7391,3177.433,8492,7391,4278.433,3177.433
CSCO,1778525652000,1778525653338,1778525653338,1779437330795,1778525655489,1778525653481.267,1338,0,911677457,2151,143.267,3489,2151,1481.267,143.267
CSCO,1778525654000,1778525655254,1778525655254,1779437330796,1778525655492,1778525655482.853,1254,0,911675542,238,228.853,1492,238,1482.853,228.853
CSCO,1778525655000,1778525656207,1778525656207,1779437330796,1778525667702,1778525657484.807,1207,0,911674589,11495,1277.807,12702,11495,2484.807,1277.807
CSCO,1778525657000,1778525658148,1778525658148,1779437330796,1778525667702,1778525658285.8,1148,0,911672648,9554,137.8,10702,9554,1285.8,137.8
CSCO,1778525658000,1778525659225,1778525659226,1779437330796,1778525667702,1778525660187.874,1225,1,911671570,8476,961.874,9702,8477,2187.874,962.874
CSCO,1778525660000,1778525661122,1778525661122,1779437330796,1778525667702,1778525663190.979,1122,0,911669674,6580,2068.979,7702,6580,3190.979,2068.979
CSCO,1778525662000,1778525664130,1778525664130,1779437330796,1778525667702,1778525666193.314,2130,0,911666666,3572,2063.314,5702,3572,4193.314,2063.314
CSCO,1778525666000,1778525667295,1778525667295,1779437330796,1778525667702,1778525667353.688,1295,0,911663501,407,58.688,1702,407,1353.688,58.688
CSCO,1778525668000,1778525669163,1778525669163,1779437330796,1778525680513,1778525670397.431,1163,0,911661633,11350,1234.431,12513,11350,2397.431,1234.431
CSCO,1778525669000,1778525671193,1778525671194,1779437330797,1778525680513,1778525671298.599,2193,1,911659603,9319,104.599,11513,9320,2298.599,105.599
CSCO,1778525671000,1778525672134,1778525672134,1779437330797,1778525680513,1778525675202.595,1134,0,911658663,8379,3068.595,9513,8379,4202.595,3068.595
CSCO,1778525675000,1778525676146,1778525676146,1779437330797,1778525680513,1778525680292.678,1146,0,911654651,4367,4146.678,5513,4367,5292.678,4146.678
CSCO,1778525679000,1778525681082,1778525681083,1779437330797,1778525693524,1778525681208.437,2082,1,911649714,12441,125.437,14524,12442,2208.437,126.437
CSCO,1778525680000,1778525682235,1778525682235,1779437330797,1778525693524,1778525682309.891,2235,0,911648562,11289,74.891,13524,11289,2309.891,74.891
CSCO,1778525682000,1778525683116,1778525683116,1779437330797,1778525693524,1778525685212.658,1116,0,911647681,10408,2096.658,11524,10408,3212.658,2096.658
CSCO,1778525685000,1778525686235,1778525686235,1779437330798,1778525693524,1778525689416.518,1235,0,911644563,7289,3181.518,8524,7289,4416.518,3181.518
CSCO,1778525689000,1778525690113,1778525690113,1779437330798,1778525693524,1778525691268.441,1113,0,911640685,3411,1155.441,4524,3411,2268.441,1155.441
CSCO,1778525691000,1778525692083,1778525692083,1779437330798,1778525693524,1778525693220.415,1083,0,911638715,1441,1137.415,2524,1441,2220.415,1137.415
CSCO,1778525693000,1778525694148,1778525694148,1779437330798,1778525706339,1778525694222.359,1148,0,911636650,12191,74.359,13339,12191,1222.359,74.359
CSCO,1778525694000,1778525695123,1778525695123,1779437330798,1778525706339,1778525695222.183,1123,0,911635675,11216,99.183,12339,11216,1222.183,99.183
CSCO,1778525695000,1778525696176,1778525696176,1779437330798,1778525706339,1778525697411.658,1176,0,911634622,10163,1235.658,11339,10163,2411.658,1235.658
CSCO,1778525696000,1778525698126,1778525698126,1779437330798,1778525706339,1778525698425.052,2126,0,911632672,8213,299.052,10339,8213,2425.052,299.052
CSCO,1778525698000,1778525699180,1778525699181,1779437330799,1778525706339,1778525700427.311,1180,1,911631618,7158,1246.311,8339,7159,2427.311,1247.311
CSCO,1778525700000,1778525701245,1778525701246,1779437330799,1778525706339,1778525702629.94,1245,1,911629553,5093,1383.94,6339,5094,2629.94,1384.94
CSCO,1778525701000,1778525703300,1778525703300,1779437330799,1778525706339,1778525704432.118,2300,0,911627499,3039,1132.118,5339,3039,3432.118,1132.118
CSCO,1778525703000,1778525705170,1778525705170,1779437330799,1778525706339,1778525706233.912,2170,0,911625629,1169,1063.912,3339,1169,3233.912,1063.912
CSCO,1778525705000,1778525707136,1778525707136,1779437330799,1778525718251,1778525707235.252,2136,0,911623663,11115,99.252,13251,11115,2235.252,99.252
CSCO,1778525707000,1778525708337,1778525708337,1779437330799,1778525718251,1778525712539.871,1337,0,911622462,9914,4202.871,11251,9914,5539.871,4202.871
CSCO,1778525712000,1778525713304,1778525713304,1779437330799,1778525718251,1778525714442.397,1304,0,911617495,4947,1138.397,6251,4947,2442.397,1138.397
CSCO,1778525713000,1778525715116,1778525715116,1779437330800,1778525730561,1778525718545.9,2116,0,911615684,15445,3429.9,17561,15445,5545.9,3429.9
CSCO,1778525718000,1778525719201,1778525719201,1779437330800,1778525730561,1778525720237.264,1201,0,911611599,11360,1036.264,12561,11360,2237.264,1036.264
CSCO,1778525720000,1778525721209,1778525721209,1779437330800,1778525730561,1778525724452.119,1209,0,911609591,9352,3243.119,10561,9352,4452.119,3243.119
CSCO,1778525724000,1778525725215,1778525725215,1779437330800,1778525730561,1778525725452.858,1215,0,911605585,5346,237.858,6561,5346,1452.858,237.858
CSCO,1778525725000,1778525726145,1778525726145,1779437330800,1778525730561,1778525729238.112,1145,0,911604655,4416,3093.112,5561,4416,4238.112,3093.112
CSCO,1778525730000,1778525731287,1778525731287,1779437330801,1778525742773,1778525732259.906,1287,0,911599514,11486,972.906,12773,11486,2259.906,972.906
CSCO,1778525731000,1778525733435,1778525733436,1779437330801,1778525742773,1778525734462.229,2435,1,911597365,9337,1026.229,11773,9338,3462.229,1027.229
CSCO,1778525733000,1778525735138,1778525735138,1779437330801,1778525742773,1778525737241.915,2138,0,911595663,7635,2103.915,9773,7635,4241.915,2103.915
CSCO,1778525737000,1778525738193,1778525738193,1779437330801,1778525742773,1778525739467.431,1193,0,911592608,4580,1274.431,5773,4580,2467.431,1274.431
CSCO,1778525739000,1778525740331,1778525740332,1779437330801,1778525742773,1778525741216.442,1331,1,911590469,2441,884.442,3773,2442,2216.442,885.442
CSCO,1778525741000,1778525742370,1778525742370,1779437330801,1778525742773,1778525742470.276,1370,0,911588431,403,100.276,1773,403,1470.276,100.276
CSCO,1778525742000,1778525744226,1778525744226,1779437330802,1778525755312,1778525744321.29,2226,0,911586576,11086,95.29,13312,11086,2321.29,95.29
CSCO,1778525744000,1778525745144,1778525745144,1779437330802,1778525755312,1778525747275.154,1144,0,911585658,10168,2131.154,11312,10168,3275.154,2131.154
CSCO,1778525746000,1778525748279,1778525748279,1779437330802,1778525755312,1778525748576.377,2279,0,911582523,7033,297.377,9312,7033,2576.377,297.377
CSCO,1778525747000,1778525749212,1778525749212,1779437330802,1778525755312,1778525749477.791,2212,0,911581590,6100,265.791,8312,6100,2477.791,265.791
CSCO,1778525749000,1778525750345,1778525750345,1779437330802,1778525755312,1778525752481.319,1345,0,911580457,4967,2136.319,6312,4967,3481.319,2136.319
CSCO,1778525751000,1778525753139,1778525753139,1779437330802,1778525755312,1778525753281.241,2139,0,911577663,2173,142.241,4312,2173,2281.241,142.241
CSCO,1778525753000,1778525754316,1778525754317,1779437330802,1778525767598,1778525758387.644,1316,1,911576485,13281,4070.644,14598,13282,5387.644,4071.644
CSCO,1778525758000,1778525759418,1778525759418,1779437330802,1778525767598,1778525760288.863,1418,0,911571384,8180,870.863,9598,8180,2288.863,870.863
CSCO,1778525759000,1778525761384,1778525761384,1779437330803,1778525767598,1778525761690.173,2384,0,911569419,6214,306.173,8598,6214,2690.173,306.173
CSCO,1778525760000,1778525762160,1778525762160,1779437330803,1778525767598,1778525765494.239,2160,0,911568643,5438,3334.239,7598,5438,5494.239,3334.239
CSCO,1778525765000,1778525767171,1778525767172,1779437330803,1778525767598,1778525767296.04,2171,1,911563631,426,124.04,2598,427,2296.04,125.04
CSCO,1778525767000,1778525768167,1778525768167,1779437330803,1778525780713,1778525769397.935,1167,0,911562636,12546,1230.935,13713,12546,2397.935,1230.935
CSCO,1778525768000,1778525770162,1778525770162,1779437330803,1778525780713,1778525772275.744,2162,0,911560641,10551,2113.744,12713,10551,4275.744,2113.744
CSCO,1778525772000,1778525773367,1778525773367,1779437330803,1778525780713,1778525774503.448,1367,0,911557436,7346,1136.448,8713,7346,2503.448,1136.448
CSCO,1778525774000,1778525775205,1778525775205,1779437330803,1778525780713,1778525779307.524,1205,0,911555598,5508,4102.524,6713,5508,5307.524,4102.524
CSCO,1778525778000,1778525780470,1778525780470,1779437330804,1778525780713,1778525780608.592,2470,0,911550334,243,138.592,2713,243,2608.592,138.592
CSCO,1778525780000,1778525781251,1778525781251,1779437330804,1778525793426,1778525781409.69,1251,0,911549553,12175,158.69,13426,12175,1409.69,158.69
CSCO,1778525781000,1778525782140,1778525782141,1779437330804,1778525793426,1778525783311.772,1140,1,911548663,11285,1170.772,12426,11286,2311.772,1171.772
CSCO,1778525782000,1778525784203,1778525784203,1779437330804,1778525793425,1778525784512.446,2203,0,911546601,9222,309.446,11425,9222,2512.446,309.446
CSCO,1778525787000,1778525788222,1778525788222,1779437330804,1778525805700,1778525794242.33,1222,0,911542582,17478,6020.33,18700,17478,7242.33,6020.33
CSCO,1778525793000,1778525795290,1778525795291,1779437330804,1778525805700,1778525796325.103,2290,1,911535513,10409,1034.103,12700,10410,3325.103,1035.103
CSCO,1778525796000,1778525797257,1778525797257,1779437330805,1778525805700,1778525797346.918,1257,0,911533548,8443,89.918,9700,8443,1346.918,89.918
CSCO,1778525797000,1778525798190,1778525798190,1779437330805,1778525805700,1778525799328.617,1190,0,911532615,7510,1138.617,8700,7510,2328.617,1138.617
CSCO,1778525798000,1778525800189,1778525800189,1779437330805,1778525805700,1778525800329.638,2189,0,911530616,5511,140.638,7700,5511,2329.638,140.638
CSCO,1778525800000,1778525801412,1778525801412,1779437330805,1778525805636,1778525801470.573,1412,0,911529393,4224,58.573,5636,4224,1470.573,58.573
CSCO,1778525801000,1778525802242,1778525802242,1779437330805,1778525818448,1778525806536.552,1242,0,911528563,16206,4294.552,17448,16206,5536.552,4294.552
CSCO,1778525805000,1778525807249,1778525807249,1779437330805,1778525818448,1778525807436.149,2249,0,911523556,11199,187.149,13448,11199,2436.149,187.149
CSCO,1778525807000,1778525808258,1778525808258,1779437330805,1778525818411,1778525808337.779,1258,0,911522547,10153,79.779,11411,10153,1337.779,79.779
CSCO,1778525810000,1778525811181,1778525811182,1779437330805,1778525818448,1778525815444.323,1181,1,911519623,7266,4262.323,8448,7267,5444.323,4263.323
CSCO,1778525816000,1778525817248,1778525817248,1779437330806,1778525818448,1778525817346.125,1248,0,911513558,1200,98.125,2448,1200,1346.125,98.125
CSCO,1778525817000,1778525818295,1778525818295,1779437330806,1778525830382,1778525819348.492,1295,0,911512511,12087,1053.492,13382,12087,2348.492,1053.492
CSCO,1778525819000,1778525820414,1778525820414,1779437330806,1778525830383,1778525820549.454,1414,0,911510392,9969,135.454,11383,9969,1549.454,135.454
CSCO,1778525820000,1778525821473,1778525821473,1779437330806,1778525830383,1778525822451.317,1473,0,911509333,8910,978.317,10383,8910,2451.317,978.317
CSCO,1778525823000,1778525824454,1778525824455,1779437330806,1778525830383,1778525824553.598,1454,1,911506351,5928,98.598,7383,5929,1553.598,99.598
CSCO,1778525824000,1778525825189,1778525825189,1779437330806,1778525830383,1778525828332.646,1189,0,911505617,5194,3143.646,6383,5194,4332.646,3143.646
CSCO,1778525828000,1778525830281,1778525830282,1779437330806,1778525843536,1778525831560.512,2281,1,911500524,13254,1278.512,15536,13255,3560.512,1279.512
CSCO,1778525831000,1778525832431,1778525832431,1779437330807,1778525843536,1778525833362.836,1431,0,911498376,11105,931.836,12536,11105,2362.836,931.836
CSCO,1778525833000,1778525834324,1778525834325,1779437330807,1778525843577,1778525834563.146,1324,1,911496482,9252,238.146,10577,9253,1563.146,239.146
CSCO,1778525834000,1778525835396,1778525835396,1779437330807,1778525843577,1778525839368.173,1396,0,911495411,8181,3972.173,9577,8181,5368.173,3972.173
CSCO,1778525838000,1778525840405,1778525840405,1779437330807,1778525843577,1778525840468.9,2405,0,911490402,3172,63.9,5577,3172,2468.9,63.9
CSCO,1778525840000,1778525841546,1778525841546,1779437330807,1778525854688,1778525848376.192,1546,0,911489261,13142,6830.192,14688,13142,8376.192,6830.192
CSCO,1778525848000,1778525849470,1778525849471,1779437330808,1778525854688,1778525849578.544,1470,1,911481337,5217,107.544,6688,5218,1578.544,108.544
CSCO,1778525849000,1778525850256,1778525850256,1779437330808,1778525854688,1778525851392.779,1256,0,911480552,4432,1136.779,5688,4432,2392.779,1136.779
CSCO,1778525850000,1778525851474,1778525851474,1779437330808,1778525854688,1778525852580.679,1474,0,911479334,3214,1106.679,4688,3214,2580.679,1106.679
CSCO,1778525852000,1778525853235,1778525853235,1779437330808,1778525867701,1778525857486.126,1235,0,911477573,14466,4251.126,15701,14466,5486.126,4251.126
CSCO,1778525857000,1778525858434,1778525858434,1779437330808,1778525867701,1778525859488.321,1434,0,911472374,9267,1054.321,10701,9267,2488.321,1054.321
CSCO,1778525859000,1778525860471,1778525860471,1779437330808,1778525867701,1778525860589.443,1471,0,911470337,7230,118.443,8701,7230,1589.443,118.443
CSCO,1778525860000,1778525861208,1778525861208,1779437330808,1778525867701,1778525862591.573,1208,0,911469600,6493,1383.573,7701,6493,2591.573,1383.573
CSCO,1778525862000,1778525863425,1778525863425,1779437330809,1778525880518,1778525870400.466,1425,0,911467384,17093,6975.466,18518,17093,8400.466,6975.466
CSCO,1778525870000,1778525871257,1778525871257,1779437330809,1778525880518,1778525871350.557,1257,0,911459552,9261,93.557,10518,9261,1350.557,93.557
CSCO,1778525872000,1778525873224,1778525873224,1779437330809,1778525880518,1778525876505.46,1224,0,911457585,7294,3281.46,8518,7294,4505.46,3281.46
CSCO,1778525876000,1778525877413,1778525877413,1779437330809,1778525892729,1778525883413.141,1413,0,911453396,15316,6000.141,16729,15316,7413.141,6000.141
CSCO,1778525882000,1778525884379,1778525884379,1779437330810,1778525892729,1778525884614.418,2379,0,911446431,8350,235.418,10729,8350,2614.418,235.418
CSCO,1778525884000,1778525885262,1778525885262,1779437330810,1778525904742,1778525895625.543,1262,0,911445548,19480,10363.543,20742,19480,11625.543,10363.543
CSCO,1778525895000,1778525896486,1778525896486,1779437330810,1778525904742,1778525898628.217,1486,0,911434324,8256,2142.217,9742,8256,3628.217,2142.217
CSCO,1778525897000,1778525899314,1778525899314,1779437330810,1778525904742,1778525900329.673,2314,0,911431496,5428,1015.673,7742,5428,3329.673,1015.673
CSCO,1778525899000,1778525901341,1778525901341,1779437330811,1778525904740,1778525901530.71,2341,0,911429470,3399,189.71,5740,3399,2530.71,189.71
CSCO,1778525900000,1778525902277,1778525902277,1779437330811,1778525904742,1778525902479.936,2277,0,911428534,2465,202.936,4742,2465,2479.936,202.936
CSCO,1778525901000,1778525903303,1778525903303,1779437330811,1778525904742,1778525904333.486,2303,0,911427508,1439,1030.486,3742,1439,3333.486,1030.486
CSCO,1778525904000,1778525905329,1778525905329,1779437330811,1778525916453,1778525905534.939,1329,0,911425482,11124,205.939,12453,11124,1534.939,205.939
CSCO,1778525905000,1778525906346,1778525906346,1779437330811,1778525916452,1778525907637.417,1346,0,911424465,10106,1291.417,11452,10106,2637.417,1291.417
CSCO,1778525906000,1778525907515,1778525907515,1779437330811,1778525916452,1778525908337.682,1515,0,911423296,8937,822.682,10452,8937,2337.682,822.682
CSCO,1778525908000,1778525909490,1778525909490,1779437330811,1778525916452,1778525913542.474,1490,0,911421321,6962,4052.474,8452,6962,5542.474,4052.474
CSCO,1778525914000,1778525915299,1778525915299,1779437330812,1778525928666,1778525916629.501,1299,0,911415513,13367,1330.501,14666,13367,2629.501,1330.501
CSCO,1778525915000,1778525917320,1778525917320,1779437330812,1778525928667,1778525917446.346,2320,0,911413492,11347,126.346,13667,11347,2446.346,126.346
CSCO,1778525917000,1778525919297,1778525919297,1779437330812,1778525928667,1778525925354.961,2297,0,911411515,9370,6057.961,11667,9370,8354.961,6057.961
CSCO,1778525925000,1778525926356,1778525926356,1779437330812,1778525928667,1778525928458.455,1356,0,911404456,2311,2102.455,3667,2311,3458.455,2102.455
CSCO,1778525927000,1778525929312,1778525929312,1779437330812,1778525941682,1778525929458.189,2312,0,911401500,12370,146.189,14682,12370,2458.189,146.189
CSCO,1778525929000,1778525930288,1778525930288,1779437330813,1778525941682,1778525931360.234,1288,0,911400525,11394,1072.234,12682,11394,2360.234,1072.234
CSCO,1778525930000,1778525932480,1778525932480,1779437330813,1778525941682,1778525933362.143,2480,0,911398333,9202,882.143,11682,9202,3362.143,882.143
CSCO,1778525933000,1778525934284,1778525934284,1779437330813,1778525941682,1778525934363.711,1284,0,911396529,7398,79.711,8682,7398,1363.711,79.711
CSCO,1778525934000,1778525936253,1778525936253,1779437330813,1778525941682,1778525936365.147,2253,0,911394560,5429,112.147,7682,5429,2365.147,112.147
CSCO,1778525935000,1778525937348,1778525937348,1779437330813,1778525941682,1778525938350.291,2348,0,911393465,4334,1002.291,6682,4334,3350.291,1002.291
CSCO,1778525938000,1778525939357,1778525939357,1779437330813,1778525953590,1778525941671.464,1357,0,911391456,14233,2314.464,15590,14233,3671.464,2314.464
CSCO,1778525941000,1778525942342,1778525942343,1779437330813,1778525953591,1778525942470.986,1342,1,911388470,11248,127.986,12591,11249,1470.986,128.986
CSCO,1778525942000,1778525943461,1778525943461,1779437330813,1778525953591,1778525944573.545,1461,0,911387352,10130,1112.545,11591,10130,2573.545,1112.545
CSCO,1778525944000,1778525945251,1778525945251,1779437330813,1778525953591,1778525945363.951,1251,0,911385562,8340,112.951,9591,8340,1363.951,112.951
CSCO,1778525945000,1778525946350,1778525946350,1779437330814,1778525953591,1778525947576.88,1350,0,911384464,7241,1226.88,8591,7241,2576.88,1226.88
CSCO,1778525946000,1778525948267,1778525948267,1779437330814,1778525953591,1778525948377.082,2267,0,911382547,5324,110.082,7591,5324,2377.082,110.082
CSCO,1778525950000,1778525951359,1778525951360,1779437330814,1778525966704,1778525954683.507,1359,1,911379454,15344,3323.507,16704,15345,4683.507,3324.507
CSCO,1778525954000,1778525955464,1778525955465,1779437330814,1778525966704,1778525956433.981,1464,1,911375349,11239,968.981,12704,11240,2433.981,969.981
CSCO,1778525955000,1778525956423,1778525956423,1779437330814,1778525966704,1778525957526.079,1423,0,911374391,10281,1103.079,11704,10281,2526.079,1103.079
CSCO,1778525957000,1778525958329,1778525958329,1779437330814,1778525966704,1778525958387.257,1329,0,911372485,8375,58.257,9704,8375,1387.257,58.257
CSCO,1778525959000,1778525960338,1778525960338,1779437330814,1778525966704,1778525960589.042,1338,0,911370476,6366,251.042,7704,6366,1589.042,251.042
CSCO,1778525960000,1778525962356,1778525962356,1779437330814,1778525966704,1778525964493.602,2356,0,911368458,4348,2137.602,6704,4348,4493.602,2137.602
CSCO,1778525964000,1778525965374,1778525965374,1779437330815,1778525966704,1778525965594.349,1374,0,911365441,1330,220.349,2704,1330,1594.349,220.349
CSCO,1778525965000,1778525966323,1778525966323,1779437330815,1778525966704,1778525966595.259,1323,0,911364492,381,272.259,1704,381,1595.259,272.259
CSCO,1778525966000,1778525967488,1778525967488,1779437330815,1778525977616,1778525968398.11,1488,0,911363327,10128,910.11,11616,10128,2398.11,910.11
CSCO,1778525968000,1778525969551,1778525969551,1779437330815,1778525977616,1778525969698.292,1551,0,911361264,8065,147.292,9616,8065,1698.292,147.292
CSCO,1778525969000,1778525970470,1778525970470,1779437330815,1778525977616,1778525971699.992,1470,0,911360345,7146,1229.992,8616,7146,2699.992,1229.992
CSCO,1778525971000,1778525972294,1778525972294,1779437330815,1778525977616,1778525972400.779,1294,0,911358521,5322,106.779,6616,5322,1400.779,106.779
CSCO,1778525972000,1778525973599,1778525973600,1779437330815,1778525977616,1778525973802.957,1599,1,911357215,4016,202.957,5616,4017,1802.957,203.957
CSCO,1778525973000,1778525974394,1778525974394,1779437330815,1778525977616,1778525974603.461,1394,0,911356421,3222,209.461,4616,3222,1603.461,209.461
CSCO,1778525974000,1778525975371,1778525975371,1779437330815,1778525977616,1778525975604.0,1371,0,911355444,2245,233.0,3616,2245,1604.0,233.0
CSCO,1778525975000,1778525976348,1778525976349,1779437330815,1778525977616,1778525976476.126,1348,1,911354466,1267,127.126,2616,1268,1476.126,128.126
CSCO,1778525976000,1778525977302,1778525977302,1779437330815,1778525988826,1778525978407.021,1302,0,911353513,11524,1105.021,12826,11524,2407.021,1105.021
CSCO,1778525977000,1778525979292,1778525979292,1779437330816,1778525988828,1778525979408.179,2292,0,911351524,9536,116.179,11828,9536,2408.179,116.179
CSCO,1778525979000,1778525980510,1778525980510,1779437330816,1778525988826,1778525981410.383,1510,0,911350306,8316,900.383,9826,8316,2410.383,900.383
CSCO,1778525981000,1778525982410,1778525982410,1779437330816,1778525988828,1778525982611.391,1410,0,911348406,6418,201.391,7828,6418,1611.391,201.391
CSCO,1778525983000,1778525984353,1778525984353,1779437330816,1778526000442,1778525989551.726,1353,0,911346463,16089,5198.726,17442,16089,6551.726,5198.726
CSCO,1778525990000,1778525991357,1778525991357,1779437330816,1778526000442,1778525991456.191,1357,0,911339459,9085,99.191,10442,9085,1456.191,99.191
CSCO,1778525991000,1778525992322,1778525992322,1779437330816,1778526000442,1778525995525.273,1322,0,911338494,8120,3203.273,9442,8120,4525.273,3203.273
CSCO,1778525995000,1778525996323,1778525996323,1779437330817,1778526000442,1778525996426.362,1323,0,911334494,4119,103.362,5442,4119,1426.362,103.362
CSCO,1778525989000,1778525998061,1778525998062,1779437330817,1778526000442,1778525998228.272,9061,1,911332755,2380,166.272,11442,2381,9228.272,167.272
CSCO,1778525997000,1778525998537,1778525998537,1779437330817,1778526000442,1778525998628.746,1537,0,911332280,1905,91.746,3442,1905,1628.746,91.746
CSCO,1778525998000,1778526000562,1778526000562,1779437330817,1778526011450,1778526000631.395,2562,0,911330255,10888,69.395,13450,10888,2631.395,69.395
CSCO,1778526000000,1778526001789,1778526001789,1779437330817,1778526011450,1778526001932.949,1789,0,911329028,9661,143.949,11450,9661,1932.949,143.949
CSCO,1778526001000,1778526002733,1778526002733,1779437330817,1778526011450,1778526003033.715,1733,0,911328084,8717,300.715,10450,8717,2033.715,300.715
CSCO,1778526002000,1778526003582,1778526003582,1779437330817,1778526011450,1778526003734.517,1582,0,911327235,7868,152.517,9450,7868,1734.517,152.517
CSCO,1778526003000,1778526004369,1778526004369,1779437330817,1778526011450,1778526005636.771,1369,0,911326448,7081,1267.771,8450,7081,2636.771,1267.771
CSCO,1778526005000,1778526006440,1778526006440,1779437330817,1778526011450,1778526006538.376,1440,0,911324377,5010,98.376,6450,5010,1538.376,98.376
CSCO,1778526007000,1778526008693,1778526008693,1779437330817,1778526011450,1778526011394.282,1693,0,911322124,2757,2701.282,4450,2757,4394.282,2701.282
CSCO,1778526011000,1778526012353,1778526012353,1779437330818,1778526023648,1778526013544.941,1353,0,911318465,11295,1191.941,12648,11295,2544.941,1191.941
CSCO,1778526012000,1778526014495,1778526014496,1779437330818,1778526023648,1778526014641.821,2495,1,911316322,9152,145.821,11648,9153,2641.821,146.821
CSCO,1778526014000,1778526015370,1778526015371,1779437330818,1778526023648,1778526017450.573,1370,1,911315447,8277,2079.573,9648,8278,3450.573,2080.573
CSCO,1778526016000,1778526018386,1778526018386,1779437330818,1778526023648,1778526018651.362,2386,0,911312432,5262,265.362,7648,5262,2651.362,265.362
CSCO,1778526018000,1778526019567,1778526019567,1779437330818,1778526023648,1778526019652.083,1567,0,911311251,4081,85.083,5648,4081,1652.083,85.083
CSCO,1778526019000,1778526020337,1778526020337,1779437330818,1778526023648,1778526022455.133,1337,0,911310481,3311,2118.133,4648,3311,3455.133,2118.133
CSCO,1778526022000,1778526023581,1778526023581,1779437330818,1778526035679,1778526023656.563,1581,0,911307237,12098,75.563,13679,12098,1656.563,75.563
CSCO,1778526023000,1778526024371,1778526024371,1779437330818,1778526035679,1778526024456.586,1371,0,911306447,11308,85.586,12679,11308,1456.586,85.586
CSCO,1778526024000,1778526025461,1778526025461,1779437330818,1778526035679,1778526026659.446,1461,0,911305357,10218,1198.446,11679,10218,2659.446,1198.446
CSCO,1778526027000,1778526028345,1778526028345,1779437330819,1778526035679,1778526028461.032,1345,0,911302474,7334,116.032,8679,7334,1461.032,116.032
CSCO,1778526028000,1778526029459,1778526029459,1779437330819,1778526035679,1778526029563.193,1459,0,911301360,6220,104.193,7679,6220,1563.193,104.193
CSCO,1778526029000,1778526030522,1778526030522,1779437330819,1778526035679,1778526032665.592,1522,0,911300297,5157,2143.592,6679,5157,3665.592,2143.592
CSCO,1778526032000,1778526033383,1778526033383,1779437330819,1778526048797,1778526036668.669,1383,0,911297436,15414,3285.669,16797,15414,4668.669,3285.669
CSCO,1778526035000,1778526037541,1778526037541,1779437330819,1778526048798,1778526037670.418,2541,0,911293278,11257,129.418,13798,11257,2670.418,129.418
CSCO,1778526037000,1778526038524,1778526038524,1779437330819,1778526048798,1778526039475.496,1524,0,911292295,10274,951.496,11798,10274,2475.496,951.496
CSCO,1778526040000,1778526041323,1778526041323,1779437330819,1778526048798,1778526046682.677,1323,0,911289496,7475,5359.677,8798,7475,6682.677,5359.677
CSCO,1778526045000,1778526047341,1778526047341,1779437330820,1778526061809,1778526050486.202,2341,0,911283479,14468,3145.202,16809,14468,5486.202,3145.202
CSCO,1778526050000,1778526051415,1778526051415,1779437330820,1778526061809,1778526053388.994,1415,0,911279405,10394,1973.994,11809,10394,3388.994,1973.994
CSCO,1778526053000,1778526054545,1778526054545,1779437330820,1778526061809,1778526055485.786,1545,0,911276275,7264,940.786,8809,7264,2485.786,940.786
CSCO,1778526055000,1778526058392,1778526058392,1779437330820,1778526073611,1778526063901.409,3392,0,911272428,15219,5509.409,18611,15219,8901.409,5509.409
CSCO,1778526062000,1778526063439,1778526063439,1779437330821,1778526073610,1778526063502.162,1439,0,911267382,10171,63.162,11610,10171,1502.162,63.162
CSCO,1778526063000,1778526064486,1778526064487,1779437330821,1778526073611,1778526066704.518,1486,1,911266334,9124,2217.518,10611,9125,3704.518,2218.518
CSCO,1778526066000,1778526067472,1778526067472,1779437330821,1778526086516,1778526073813.526,1472,0,911263349,19044,6341.526,20516,19044,7813.526,6341.526
CSCO,1778526072000,1778526074741,1778526074741,1779437330821,1778526086516,1778526074815.515,2741,0,911256080,11775,74.515,14516,11775,2815.515,74.515
CSCO,1778526074000,1778526075461,1778526075461,1779437330821,1778526086516,1778526076716.302,1461,0,911255360,11055,1255.302,12516,11055,2716.302,1255.302
CSCO,1778526075000,1778526077482,1778526077482,1779437330821,1778526086516,1778526080720.824,2482,0,911253339,9034,3238.824,11516,9034,5720.824,3238.824
CSCO,1778526080000,1778526081454,1778526081454,1779437330822,1778526086516,1778526082723.171,1454,0,911249368,5062,1269.171,6516,5062,2723.171,1269.171
CSCO,1778526082000,1778526083432,1778526083432,1779437330822,1778526086516,1778526085726.511,1432,0,911247390,3084,2294.511,4516,3084,3726.511,2294.511
CSCO,1778526084000,1778526086442,1778526086442,1779437330822,1778526099544,1778526086504.273,2442,0,911244380,13102,62.273,15544,13102,2504.273,62.273
CSCO,1778526085000,1778526087497,1778526087497,1779437330822,1778526099544,1778526087727.952,2497,0,911243325,12047,230.952,14544,12047,2727.952,230.952
CSCO,1778526087000,1778526089470,1778526089470,1779437330822,1778526099544,1778526094663.141,2470,0,911241352,10074,5193.141,12544,10074,7663.141,5193.141
CSCO,1778526093000,1778526095659,1778526095659,1779437330822,1778526099544,1778526095735.601,2659,0,911235163,3885,76.601,6544,3885,2735.601,76.601
CSCO,1778526095000,1778526096652,1778526096652,1779437330823,1778526111857,1778526102743.153,1652,0,911234171,15205,6091.153,16857,15205,7743.153,6091.153
CSCO,1778526101000,1778526103485,1778526103485,1779437330823,1778526111857,1778526104698.313,2485,0,911227338,8372,1213.313,10857,8372,3698.313,1213.313
CSCO,1778526104000,1778526105448,1778526105448,1779437330823,1778526111857,1778526105546.05,1448,0,911225375,6409,98.05,7857,6409,1546.05,98.05
CSCO,1778526105000,1778526106765,1778526106765,1779437330823,1778526111857,1778526106848.077,1765,0,911224058,5092,83.077,6857,5092,1848.077,83.077
CSCO,1778526106000,1778526107498,1778526107498,1779437330823,1778526111857,1778526107648.048,1498,0,911223325,4359,150.048,5857,4359,1648.048,150.048
CSCO,1778526107000,1778526108468,1778526108468,1779437330823,1778526111857,1778526109550.642,1468,0,911222355,3389,1082.642,4857,3389,2550.642,1082.642
CSCO,1778526109000,1778526110684,1778526110684,1779437330823,1778526124870,1778526112829.164,1684,0,911220139,14186,2145.164,15870,14186,3829.164,2145.164
CSCO,1778526112000,1778526113801,1778526113801,1779437330824,1778526124870,1778526120561.968,1801,0,911217023,11069,6760.968,12870,11069,8561.968,6760.968
CSCO,1778526122000,1778526123589,1778526123589,1779437330824,1778526136881,1778526125265.507,1589,0,911207235,13292,1676.507,14881,13292,3265.507,1676.507
CSCO,1778526125000,1778526126580,1778526126580,1779437330824,1778526136881,1778526126789.862,1580,0,911204244,10301,209.862,11881,10301,1789.862,209.862
CSCO,1778526126000,1778526127780,1778526127780,1779437330824,1778526136881,1778526127869.454,1780,0,911203044,9101,89.454,10881,9101,1869.454,89.454
CSCO,1778526127000,1778526128736,1778526128736,1779437330824,1778526136881,1778526130670.932,1736,0,911202088,8145,1934.932,9881,8145,3670.932,1934.932
CSCO,1778526129000,1778526129572,1778526129572,1779437330824,1778526136881,1778526131571.613,572,0,911201252,7309,1999.613,7881,7309,2571.613,1999.613
CSCO,1778526134000,1778526135501,1778526135501,1779437330825,1778526149698,1778526144484.67,1501,0,911195324,14197,8983.67,15698,14197,10484.67,8983.67
CSCO,1778526140000,1778526144389,1778526144390,1779437330825,1778526149698,1778526146987.344,4389,1,911186435,5308,2597.344,9698,5309,6987.344,2598.344
CSCO,1778526142000,1778526146899,1778526146899,1779437330825,1778526149698,1778526146987.45,4899,0,911183926,2799,88.45,7698,2799,4987.45,88.45
CSCO,1778526144000,1778526147040,1778526147040,1779437330825,1778526161714,1778526150691.715,3040,0,911183785,14674,3651.715,17714,14674,6691.715,3651.715
CSCO,1778526149000,1778526151557,1778526151557,1779437330826,1778526161714,1778526152993.59,2557,0,911179269,10157,1436.59,12714,10157,3993.59,1436.59
CSCO,1778526152000,1778526153697,1778526153697,1779437330826,1778526161714,1778526153894.831,1697,0,911177129,8017,197.831,9714,8017,1894.831,197.831
CSCO,1778526153000,1778526154546,1778526154546,1779437330826,1778526161714,1778526160601.618,1546,0,911176280,7168,6055.618,8714,7168,7601.618,6055.618
CSCO,1778526160000,1778526161627,1778526161627,1779437330826,1778526173721,1778526161802.973,1627,0,911169199,12094,175.973,13721,12094,1802.973,175.973
CSCO,1778526161000,1778526162687,1778526162687,1779437330826,1778526173722,1778526162904.719,1687,0,911168139,11035,217.719,12722,11035,1904.719,217.719
CSCO,1778526162000,1778526163626,1778526163626,1779437330826,1778526173722,1778526165807.648,1626,0,911167200,10096,2181.648,11722,10096,3807.648,2181.648
CSCO,1778526165000,1778526166639,1778526166639,1779437330826,1778526173722,1778526167596.922,1639,0,911164187,7083,957.922,8722,7083,2596.922,957.922
CSCO,1778526167000,1778526168689,1778526168689,1779437330827,1778526173722,1778526168779.346,1689,0,911162138,5033,90.346,6722,5033,1779.346,90.346
CSCO,1778526168000,1778526169562,1778526169562,1779437330827,1778526173721,1778526169711.305,1562,0,911161265,4159,149.305,5721,4159,1711.305,149.305
CSCO,1778526169000,1778526170602,1778526170602,1779437330827,1778526173722,1778526170712.885,1602,0,911160225,3120,110.885,4722,3120,1712.885,110.885
CSCO,1778526170000,1778526171489,1778526171489,1779437330827,1778526173722,1778526173715.812,1489,0,911159338,2233,2226.812,3722,2233,3715.812,2226.812
CSCO,1778526173000,1778526174552,1778526174552,1779437330827,1778526186834,1778526175615.974,1552,0,911156275,12282,1063.974,13834,12282,2615.974,1063.974
CSCO,1778526176000,1778526177708,1778526177709,1779437330827,1778526186834,1778526177819.417,1708,1,911153118,9125,110.417,10834,9126,1819.417,111.417
CSCO,1778526177000,1778526178595,1778526178595,1779437330827,1778526186834,1778526178720.229,1595,0,911152232,8239,125.229,9834,8239,1720.229,125.229
CSCO,1778526178000,1778526179708,1778526179709,1779437330827,1778526186834,1778526179929.145,1708,1,911151118,7125,220.145,8834,7126,1929.145,221.145
CSCO,1778526179000,1778526180700,1778526180700,1779437330827,1778526186834,1778526182022.764,1700,0,911150127,6134,1322.764,7834,6134,3022.764,1322.764
CSCO,1778526181000,1778526182962,1778526182962,1779437330828,1778526186834,1778526185827.186,1962,0,911147866,3872,2865.186,5834,3872,4827.186,2865.186
CSCO,1778526185000,1778526186619,1778526186619,1779437330828,1778526199745,1778526195936.364,1619,0,911144209,13126,9317.364,14745,13126,10936.364,9317.364
CSCO,1778526195000,1778526196668,1778526196669,1779437330828,1778526199745,1778526197612.44,1668,1,911134159,3076,943.44,4745,3077,2612.44,944.44
CSCO,1778526197000,1778526198564,1778526198564,1779437330829,1778526199745,1778526199639.576,1564,0,911132265,1181,1075.576,2745,1181,2639.576,1075.576
CSCO,1778526199000,1778526200554,1778526200554,1779437330829,1778526211957,1778526201641.819,1554,0,911130275,11403,1087.819,12957,11403,2641.819,1087.819
CSCO,1778526201000,1778526202592,1778526202592,1779437330829,1778526211957,1778526208648.103,1592,0,911128237,9365,6056.103,10957,9365,7648.103,6056.103
CSCO,1778526208000,1778526209779,1778526209779,1779437330829,1778526211957,1778526209850.47,1779,0,911121050,2178,71.47,3957,2178,1850.47,71.47
CSCO,1778526209000,1778526210616,1778526210616,1779437330829,1778526211957,1778526210850.121,1616,0,911120213,1341,234.121,2957,1341,1850.121,234.121
CSCO,1778526210000,1778526211686,1778526211686,1779437330829,1778526211957,1778526211951.319,1686,0,911119143,271,265.319,1957,271,1951.319,265.319
CSCO,1778526211000,1778526212771,1778526212771,1779437330829,1778526225672,1778526213632.138,1771,0,911118058,12901,861.138,14672,12901,2632.138,861.138
CSCO,1778526214000,1778526214851,1778526214852,1779437330830,1778526225672,1778526215829.486,851,1,911115978,10820,977.486,11672,10821,1829.486,978.486
CSCO,1778526215000,1778526216561,1778526216561,1779437330830,1778526225672,1778526216655.558,1561,0,911114269,9111,94.558,10672,9111,1655.558,94.558
CSCO,1778526217000,1778526217575,1778526217575,1779437330830,1778526225672,1778526219642.247,575,0,911113255,8097,2067.247,8672,8097,2642.247,2067.247
CSCO,1778526219000,1778526220723,1778526220723,1779437330830,1778526225672,1778526220859.436,1723,0,911110107,4949,136.436,6672,4949,1859.436,136.436
CSCO,1778526220000,1778526221574,1778526221574,1779437330830,1778526225672,1778526223662.435,1574,0,911109256,4098,2088.435,5672,4098,3662.435,2088.435
CSCO,1778526225000,1778526225873,1778526225873,1779437330830,1778526238783,1778526226764.871,873,0,911104957,12910,891.871,13783,12910,1764.871,891.871
CSCO,1778526226000,1778526227636,1778526227637,1779437330830,1778526238781,1778526227865.844,1636,1,911103193,11144,228.844,12781,11145,1865.844,229.844
CSCO,1778526227000,1778526228595,1778526228595,1779437330830,1778526238783,1778526228666.246,1595,0,911102235,10188,71.246,11783,10188,1666.246,71.246
CSCO,1778526228000,1778526229572,1778526229572,1779437330831,1778526238783,1778526231869.55,1572,0,911101259,9211,2297.55,10783,9211,3869.55,2297.55
CSCO,1778526231000,1778526232702,1778526232702,1779437330831,1778526238783,1778526233671.148,1702,0,911098129,6081,969.148,7783,6081,2671.148,969.148
CSCO,1778526234000,1778526234616,1778526234616,1779437330831,1778526251893,1778526239936.218,616,0,911096215,17277,5320.218,17893,17277,5936.218,5320.218
CSCO,1778526239000,1778526240648,1778526240648,1779437330831,1778526251892,1778526240777.882,1648,0,911090183,11244,129.882,12892,11244,1777.882,129.882
CSCO,1778526240000,1778526241680,1778526241680,1779437330831,1778526251893,1778526245682.656,1680,0,911089151,10213,4002.656,11893,10213,5682.656,4002.656
CSCO,1778526245000,1778526246570,1778526246570,1779437330832,1778526251893,1778526246683.32,1570,0,911084262,5323,113.32,6893,5323,1683.32,113.32
CSCO,1778526247000,1778526248623,1778526248624,1779437330832,1778526251893,1778526248784.932,1623,1,911082208,3269,160.932,4893,3270,1784.932,161.932
CSCO,1778526248000,1778526249605,1778526249605,1779437330832,1778526264894,1778526253813.935,1605,0,911081227,15289,4208.935,16894,15289,5813.935,4208.935
CSCO,1778526253000,1778526254654,1778526254654,1779437330832,1778526264894,1778526254790.581,1654,0,911076178,10240,136.581,11894,10240,1790.581,136.581
CSCO,1778526254000,1778526255585,1778526255585,1779437330832,1778526264894,1778526257652.746,1585,0,911075247,9309,2067.746,10894,9309,3652.746,2067.746
CSCO,1778526257000,1778526258660,1778526258661,1779437330832,1778526264894,1778526259895.396,1660,1,911072171,6233,1234.396,7894,6234,2895.396,1235.396
CSCO,1778526258000,1778526260615,1778526260615,1779437330833,1778526264894,1778526260830.48,2615,0,911070218,4279,215.48,6894,4279,2830.48,215.48
CSCO,1778526260000,1778526261774,1778526261774,1779437330833,1778526264894,1778526263898.303,1774,0,911069059,3120,2124.303,4894,3120,3898.303,2124.303
CSCO,1778526263000,1778526264805,1778526264805,1779437330833,1778526277716,1778526266700.849,1805,0,911066028,12911,1895.849,14716,12911,3700.849,1895.849
CSCO,1778526266000,1778526267699,1778526267699,1779437330833,1778526277716,1778526267901.831,1699,0,911063134,10017,202.831,11716,10017,1901.831,202.831
CSCO,1778526267000,1778526268559,1778526268559,1779437330833,1778526277716,1778526268702.72,1559,0,911062274,9157,143.72,10716,9157,1702.72,143.72
CSCO,1778526268000,1778526269629,1778526269629,1779437330833,1778526277716,1778526269747.064,1629,0,911061204,8087,118.064,9716,8087,1747.064,118.064
CSCO,1778526269000,1778526270640,1778526270641,1779437330833,1778526277716,1778526274707.733,1640,1,911060192,7075,4066.733,8716,7076,5707.733,4067.733
CSCO,1778526274000,1778526275614,1778526275614,1779437330833,1778526277716,1778526275708.842,1614,0,911055219,2102,94.842,3716,2102,1708.842,94.842
CSCO,1778526275000,1778526276629,1778526276629,1779437330834,1778526289853,1778526277911.056,1629,0,911054205,13224,1282.056,14853,13224,2911.056,1282.056
CSCO,1778526277000,1778526278606,1778526278606,1779437330834,1778526289853,1778526279803.974,1606,0,911052228,11247,1197.974,12853,11247,2803.974,1197.974
CSCO,1778526281000,1778526282630,1778526282630,1779437330834,1778526289853,1778526282915.1,1630,0,911048204,7223,285.1,8853,7223,1915.1,285.1
CSCO,1778526282000,1778526283642,1778526283642,1779437330834,1778526289853,1778526284916.875,1642,0,911047192,6211,1274.875,7853,6211,2916.875,1274.875
CSCO,1778526284000,1778526285661,1778526285661,1779437330834,1778526289852,1778526285894.474,1661,0,911045173,4191,233.474,5852,4191,1894.474,233.474
CSCO,1778526285000,1778526286734,1778526286734,1779437330834,1778526289853,1778526286819.231,1734,0,911044100,3119,85.231,4853,3119,1819.231,85.231
CSCO,1778526286000,1778526287830,1778526287830,1779437330834,1778526289853,1778526287921.829,1830,0,911043004,2023,91.829,3853,2023,1921.829,91.829
CSCO,1778526287000,1778526288619,1778526288619,1779437330834,1778526302138,1778526295927.989,1619,0,911042215,13519,7308.989,15138,13519,8927.989,7308.989
CSCO,1778526295000,1778526296711,1778526296711,1779437330835,1778526302138,1778526297728.787,1711,0,911034124,5427,1017.787,7138,5427,2728.787,1017.787
CSCO,1778526297000,1778526298604,1778526298604,1779437330835,1778526302138,1778526298729.762,1604,0,911032231,3534,125.762,5138,3534,1729.762,125.762
CSCO,1778526298000,1778526299657,1778526299657,1779437330835,1778526313950,1778526302333.369,1657,0,911031178,14293,2676.369,15950,14293,4333.369,2676.369
CSCO,1778526301000,1778526303062,1778526303062,1779437330835,1778526313951,1778526303334.357,2062,0,911027773,10889,272.357,12951,10889,2334.357,272.357
CSCO,1778526302000,1778526303659,1778526303659,1779437330835,1778526313951,1778526303834.882,1659,0,911027176,10292,175.882,11951,10292,1834.882,175.882
CSCO,1778526303000,1778526304645,1778526304645,1779437330835,1778526313951,1778526304736.353,1645,0,911026190,9306,91.353,10951,9306,1736.353,91.353
CSCO,1778526304000,1778526305623,1778526305623,1779437330835,1778526313951,1778526305736.931,1623,0,911025212,8328,113.931,9951,8328,1736.931,113.931
CSCO,1778526305000,1778526306638,1778526306638,1779437330835,1778526313951,1778526307939.839,1638,0,911024197,7313,1301.839,8951,7313,2939.839,1301.839
CSCO,1778526307000,1778526308890,1778526308890,1779437330836,1778526313951,1778526309041.46,1890,0,911021946,5061,151.46,6951,5061,2041.46,151.46
CSCO,1778526308000,1778526309673,1778526309673,1779437330836,1778526313951,1778526309740.8,1673,0,911021163,4278,67.8,5951,4278,1740.8,67.8
CSCO,1778526310000,1778526310760,1778526310760,1779437330836,1778526313951,1778526311742.398,760,0,911020076,3191,982.398,3951,3191,1742.398,982.398
CSCO,1778526312000,1778526313612,1778526313612,1779437330836,1778526326761,1778526318950.812,1612,0,911017224,13149,5338.812,14761,13149,6950.812,5338.812
CSCO,1778526318000,1778526319836,1778526319836,1779437330836,1778526326759,1778526319952.632,1836,0,911011000,6923,116.632,8759,6923,1952.632,116.632
CSCO,1778526319000,1778526320896,1778526320896,1779437330836,1778526326761,1778526323754.368,1896,0,911009940,5865,2858.368,7761,5865,4754.368,2858.368
CSCO,1778526323000,1778526324695,1778526324695,1779437330836,1778526326761,1778526326157.39,1695,0,911006141,2066,1462.39,3761,2066,3157.39,1462.39
CSCO,1778526326000,1778526326678,1778526326678,1779437330837,1778526338970,1778526327959.263,678,0,911004159,12292,1281.263,12970,12292,1959.263,1281.263
CSCO,1778526327000,1778526328722,1778526328722,1779437330837,1778526338970,1778526330921.553,1722,0,911002115,10248,2199.553,11970,10248,3921.553,2199.553
CSCO,1778526332000,1778526333789,1778526333789,1779437330837,1778526338970,1778526333963.741,1789,0,910997048,5181,174.741,6970,5181,1963.741,174.741
CSCO,1778526333000,1778526334633,1778526334633,1779437330837,1778526338970,1778526334748.655,1633,0,910996204,4337,115.655,5970,4337,1748.655,115.655
CSCO,1778526334000,1778526335699,1778526335700,1779437330837,1778526338970,1778526337067.198,1699,1,910995137,3270,1367.198,4970,3271,3067.198,1368.198
CSCO,1778526336000,1778526337677,1778526337677,1779437330837,1778526338970,1778526337767.8,1677,0,910993160,1293,90.8,2970,1293,1767.8,90.8
CSCO,1778526337000,1778526338840,1778526338840,1779437330837,1778526350982,1778526338969.49,1840,0,910991997,12142,129.49,13982,12142,1969.49,129.49
CSCO,1778526338000,1778526339842,1778526339842,1779437330837,1778526350982,1778526339969.593,1842,0,910990995,11140,127.593,12982,11140,1969.593,127.593
CSCO,1778526339000,1778526341140,1778526341140,1779437330837,1778526350982,1778526341270.386,2140,0,910989697,9842,130.386,11982,9842,2270.386,130.386
CSCO,1778526341000,1778526341845,1778526341845,1779437330837,1778526350982,1778526343873.196,845,0,910988992,9137,2028.196,9982,9137,2873.196,2028.196
CSCO,1778526343000,1778526344878,1778526344878,1779437330838,1778526350982,1778526347776.967,1878,0,910985960,6104,2898.967,7982,6104,4776.967,2898.967
CSCO,1778526347000,1778526348674,1778526348674,1779437330838,1778526350982,1778526350778.882,1674,0,910982164,2308,2104.882,3982,2308,3778.882,2104.882
CSCO,1778526351000,1778526352651,1778526352651,1779437330838,1778526364092,1778526352780.555,1651,0,910978187,11441,129.555,13092,11441,1780.555,129.555
CSCO,1778526352000,1778526353628,1778526353628,1779437330838,1778526364092,1778526353781.456,1628,0,910977210,10464,153.456,12092,10464,1781.456,153.456
CSCO,1778526353000,1778526354907,1778526354907,1779437330838,1778526364092,1778526356855.368,1907,0,910975931,9185,1948.368,11092,9185,3855.368,1948.368
CSCO,1778526356000,1778526357685,1778526357685,1779437330839,1778526364092,1778526357893.24,1685,0,910973154,6407,208.24,8092,6407,1893.24,208.24
CSCO,1778526359000,1778526360883,1778526360884,1779437330839,1778526376006,1778526367794.926,1883,1,910969955,15122,6910.926,17006,15123,8794.926,6911.926
CSCO,1778526369000,1778526369854,1778526369854,1779437330839,1778526376006,1778526371798.113,854,0,910960985,6152,1944.113,7006,6152,2798.113,1944.113
CSCO,1778526372000,1778526372720,1778526372720,1779437330839,1778526376006,1778526374000.169,720,0,910958119,3286,1280.169,4006,3286,2000.169,1280.169
CSCO,1778526373000,1778526374908,1778526374908,1779437330839,1778526376006,1778526374975.915,1908,0,910955931,1098,67.915,3006,1098,1975.915,67.915
CSCO,1778526374000,1778526375734,1778526375735,1779437330839,1778526376006,1778526375833.218,1734,1,910955104,271,98.218,2006,272,1833.218,99.218
CSCO,1778526375000,1778526376935,1778526376935,1779437330840,1778526387944,1778526377003.54,1935,0,910953905,11009,68.54,12944,11009,2003.54,68.54
CSCO,1778526376000,1778526377896,1778526377896,1779437330840,1778526387944,1778526379906.829,1896,0,910952944,10048,2010.829,11944,10048,3906.829,2010.829
CSCO,1778526381000,1778526382890,1778526382890,1779437330840,1778526387944,1778526382953.28,1890,0,910947950,5054,63.28,6944,5054,1953.28,63.28
CSCO,1778526382000,1778526383769,1778526383769,1779437330840,1778526399904,1778526393918.959,1769,0,910947071,16135,10149.959,17904,16135,11918.959,10149.959
CSCO,1778526393000,1778526394884,1778526394884,1779437330840,1778526399901,1778526394960.206,1884,0,910935956,5017,76.206,6901,5017,1960.206,76.206
CSCO,1778526394000,1778526395846,1778526395846,1779437330840,1778526412008,1778526400025.235,1846,0,910934994,16162,4179.235,18008,16162,6025.235,4179.235
CSCO,1778526399000,1778526400893,1778526400893,1779437330841,1778526412010,1778526400968.366,1893,0,910929948,11117,75.366,13010,11117,1968.366,75.366
CSCO,1778526400000,1778526401932,1778526401932,1779437330841,1778526412010,1778526402126.75,1932,0,910928909,10078,194.75,12010,10078,2126.75,194.75
CSCO,1778526401000,1778526402888,1778526402888,1779437330841,1778526412010,1778526406129.877,1888,0,910927953,9122,3241.877,11010,9122,5129.877,3241.877
CSCO,1778526405000,1778526406957,1778526406957,1779437330841,1778526412010,1778526407021.577,1957,0,910923884,5053,64.577,7010,5053,2021.577,64.577
CSCO,1778526406000,1778526407783,1778526407783,1779437330841,1778526412010,1778526408031.842,1783,0,910923058,4227,248.842,6010,4227,2031.842,248.842
CSCO,1778526407000,1778526408733,1778526408733,1779437330841,1778526423851,1778526413838.126,1733,0,910922108,15118,5105.126,16851,15118,6838.126,5105.126
CSCO,1778526414000,1778526414810,1778526414810,1779437330842,1778526423851,1778526419141.857,810,0,910916032,9041,4331.857,9851,9041,5141.857,4331.857
CSCO,1778526418000,1778526419895,1778526419895,1779437330842,1778526423851,1778526421023.857,1895,0,910910947,3956,1128.857,5851,3956,3023.857,1128.857
CSCO,1778526421000,1778526422057,1778526422057,1779437330842,1778526423851,1778526423346.157,1057,0,910908785,1794,1289.157,2851,1794,2346.157,1289.157
CSCO,1778526423000,1778526423955,1778526423955,1779437330842,1778526436058,1778526424847.978,955,0,910906887,12103,892.978,13058,12103,1847.978,892.978
CSCO,1778526424000,1778526425910,1778526425910,1779437330842,1778526436058,1778526427851.79,1910,0,910904932,10148,1941.79,12058,10148,3851.79,1941.79
CSCO,1778526427000,1778526428841,1778526428841,1779437330843,1778526436058,1778526434057.085,1841,0,910902002,7217,5216.085,9058,7217,7057.085,5216.085
CSCO,1778526433000,1778526435004,1778526435005,1779437330843,1778526449071,1778526436158.422,2004,1,910895838,14066,1153.422,16071,14067,3158.422,1154.422
CSCO,1778526435000,1778526436985,1778526436986,1779437330843,1778526449071,1778526442064.434,1985,1,910893857,12085,5078.434,14071,12086,7064.434,5079.434
CSCO,1778526440000,1778526442975,1778526442976,1779437330843,1778526449071,1778526443064.929,2975,1,910887867,6095,88.929,9071,6096,3064.929,89.929
CSCO,1778526443000,1778526443944,1778526443944,1779437330843,1778526449071,1778526447068.415,944,0,910886899,5127,3124.415,6071,5127,4068.415,3124.415
CSCO,1778526447000,1778526447945,1778526447945,1779437330844,1778526461969,1778526452067.909,945,0,910882899,14024,4122.909,14969,14024,5067.909,4122.909
CSCO,1778526451000,1778526452913,1778526452913,1779437330844,1778526461969,1778526453174.787,1913,0,910877931,9056,261.787,10969,9056,2174.787,261.787
CSCO,1778526452000,1778526453858,1778526453858,1779437330844,1778526461969,1778526455077.555,1858,0,910876986,8111,1219.555,9969,8111,3077.555,1219.555
CSCO,1778526455000,1778526455910,1778526455910,1779437330844,1778526461969,1778526458080.661,910,0,910874934,6059,2170.661,6969,6059,3080.661,2170.661
CSCO,1778526458000,1778526458813,1778526458813,1779437330844,1778526474038,1778526462083.311,813,0,910872031,15225,3270.311,16038,15225,4083.311,3270.311
CSCO,1778526462000,1778526463913,1778526463913,1779437330845,1778526474038,1778526464985.724,1913,0,910866932,10125,1072.724,12038,10125,2985.724,1072.724
CSCO,1778526464000,1778526465843,1778526465843,1779437330845,1778526474038,1778526467035.556,1843,0,910865002,8195,1192.556,10038,8195,3035.556,1192.556
CSCO,1778526466000,1778526468069,1778526468069,1779437330845,1778526474038,1778526468189.846,2069,0,910862776,5969,120.846,8038,5969,2189.846,120.846
CSCO,1778526467000,1778526468799,1778526468799,1779437330845,1778526474038,1778526468876.6,1799,0,910862046,5239,77.6,7038,5239,1876.6,77.6
CSCO,1778526468000,1778526469900,1778526469900,1779437330845,1778526474038,1778526471091.514,1900,0,910860945,4138,1191.514,6038,4138,3091.514,1191.514
CSCO,1778526470000,1778526471904,1778526471904,1779437330845,1778526474038,1778526472993.55,1904,0,910858941,2134,1089.55,4038,2134,2993.55,1089.55
CSCO,1778526472000,1778526473928,1778526473928,1779437330845,1778526486906,1778526478899.772,1928,0,910856917,12978,4971.772,14906,12978,6899.772,4971.772
CSCO,1778526479000,1778526479873,1778526479873,1779437330846,1778526486906,1778526486006.357,873,0,910850973,7033,6133.357,7906,7033,7006.357,6133.357
CSCO,1778526485000,1778526486931,1778526486931,1779437330846,1778526499119,1778526490010.56,1931,0,910843915,12188,3079.56,14119,12188,5010.56,3079.56
CSCO,1778526489000,1778526490955,1778526490955,1779437330846,1778526499119,1778526495137.522,1955,0,910839891,8164,4182.522,10119,8164,6137.522,4182.522
CSCO,1778526494000,1778526495836,1778526495836,1779437330847,1778526499119,1778526496021.805,1836,0,910835011,3283,185.805,5119,3283,2021.805,185.805
CSCO,1778526495000,1778526496862,1778526496862,1779437330847,1778526499119,1778526497042.521,1862,0,910833985,2257,180.521,4119,2257,2042.521,180.521
CSCO,1778526497000,1778526497827,1778526497827,1779437330847,1778526511130,1778526499120.242,827,0,910833020,13303,1293.242,14130,13303,2120.242,1293.242
CSCO,1778526498000,1778526499927,1778526499927,1779437330847,1778526511130,1778526502021.246,1927,0,910830920,11203,2094.246,13130,11203,4021.246,2094.246
CSCO,1778526501000,1778526502831,1778526502831,1779437330847,1778526511130,1778526502893.241,1831,0,910828016,8299,62.241,10130,8299,1893.241,62.241
CSCO,1778526503000,1778526503833,1778526503833,1779437330847,1778526511130,1778526509050.359,833,0,910827014,7297,5217.359,8130,7297,6050.359,5217.359
CSCO,1778526508000,1778526509953,1778526509953,1779437330848,1778526524023,1778526512130.679,1953,0,910820895,14070,2177.679,16023,14070,4130.679,2177.679
CSCO,1778526511000,1778526512927,1778526512927,1779437330848,1778526524023,1778526513032.06,1927,0,910817921,11096,105.06,13023,11096,2032.06,105.06
CSCO,1778526512000,1778526513796,1778526513796,1779437330848,1778526524023,1778526515033.315,1796,0,910817052,10227,1237.315,12023,10227,3033.315,1237.315
CSCO,1778526516000,1778526516927,1778526516927,1779437330848,1778526524023,1778526520037.995,927,0,910813921,7096,3110.995,8023,7096,4037.995,3110.995
CSCO,1778526519000,1778526521001,1778526521001,1779437330848,1778526524023,1778526521140.065,2001,0,910809847,3022,139.065,5023,3022,2140.065,139.065
CSCO,1778526522000,1778526522944,1778526522944,1779437330848,1778526524023,1778526523075.476,944,0,910807904,1079,131.476,2023,1079,1075.476,131.476
CSCO,1778526523000,1778526524983,1778526524983,1779437330849,1778526536956,1778526525142.86,1983,0,910805866,11973,159.86,13956,11973,2142.86,159.86
CSCO,1778526525000,1778526527039,1778526527039,1779437330849,1778526536957,1778526527146.687,2039,0,910803810,9918,107.687,11957,9918,2146.687,107.687
CSCO,1778526526000,1778526527934,1778526527934,1779437330849,1778526536957,1778526528145.586,1934,0,910802915,9023,211.586,10957,9023,2145.586,211.586
CSCO,1778526528000,1778526528796,1778526528797,1779437330849,1778526536957,1778526532950.69,796,1,910802052,8160,4153.69,8957,8161,4950.69,4154.69
CSCO,1778526533000,1778526533941,1778526533941,1779437330849,1778526549067,1778526537002.658,941,0,910796908,15126,3061.658,16067,15126,4002.658,3061.658
CSCO,1778526536000,1778526537850,1778526537850,1779437330849,1778526549067,1778526539056.03,1850,0,910792999,11217,1206.03,13067,11217,3056.03,1206.03
CSCO,1778526539000,1778526539965,1778526539965,1779437330849,1778526549067,1778526541157.358,965,0,910790884,9102,1192.358,10067,9102,2157.358,1192.358
CSCO,1778526540000,1778526542021,1778526542021,1779437330850,1778526549067,1778526543058.944,2021,0,910788829,7046,1037.944,9067,7046,3058.944,1037.944
CSCO,1778526542000,1778526543986,1778526543986,1779437330850,1778526549067,1778526544161.228,1986,0,910786864,5081,175.228,7067,5081,2161.228,175.228
CSCO,1778526543000,1778526544943,1778526544943,1779437330850,1778526549067,1778526545047.791,1943,0,910785907,4124,104.791,6067,4124,2047.791,104.791
CSCO,1778526544000,1778526545997,1778526545997,1779437330850,1778526549067,1778526546062.356,1997,0,910784853,3070,65.356,5067,3070,2062.356,65.356
CSCO,1778526545000,1778526546888,1778526546888,1779437330850,1778526549067,1778526547063.035,1888,0,910783962,2179,175.035,4067,2179,2063.035,175.035
CSCO,1778526546000,1778526547992,1778526547992,1779437330850,1778526561880,1778526558974.2,1992,0,910782858,13888,10982.2,15880,13888,12974.2,10982.2
CSCO,1778526558000,1778526559914,1778526559914,1779437330851,1778526561880,1778526560074.622,1914,0,910770937,1966,160.622,3880,1966,2074.622,160.622
CSCO,1778526560000,1778526561903,1778526561904,1779437330851,1778526573991,1778526562076.73,1903,1,910768947,12087,172.73,13991,12088,2076.73,173.73
CSCO,1778526562000,1778526563972,1778526563972,1779437330851,1778526573991,1778526566081.231,1972,0,910766879,10019,2109.231,11991,10019,4081.231,2109.231
CSCO,1778526565000,1778526566993,1778526566993,1779437330851,1778526573991,1778526567065.13,1993,0,910763858,6998,72.13,8991,6998,2065.13,72.13
CSCO,1778526567000,1778526568887,1778526568887,1779437330851,1778526573991,1778526571061.252,1887,0,910761964,5104,2174.252,6991,5104,4061.252,2174.252
CSCO,1778526572000,1778526573995,1778526573995,1779437330853,1778526586065,1778526574187.614,1995,0,910756858,12070,192.614,14065,12070,2187.614,192.614
CSCO,1778526573000,1778526575000,1778526575000,1779437330853,1778526586065,1778526575288.832,2000,0,910755853,11065,288.832,13065,11065,2288.832,288.832
CSCO,1778526574000,1778526576012,1778526576012,1779437330853,1778526586065,1778526576089.744,2012,0,910754841,10053,77.744,12065,10053,2089.744,77.744
CSCO,1778526576000,1778526577004,1778526577004,1779437330853,1778526586065,1778526578191.819,1004,0,910753849,9061,1187.819,10065,9061,2191.819,1187.819
CSCO,1778526578000,1778526578978,1778526578978,1779437330853,1778526586065,1778526580092.941,978,0,910751875,7087,1114.941,8065,7087,2092.941,1114.941
CSCO,1778526579000,1778526581104,1778526581104,1779437330853,1778526586065,1778526581194.295,2104,0,910749749,4961,90.295,7065,4961,2194.295,90.295
CSCO,1778526581000,1778526582027,1778526582027,1779437330853,1778526586065,1778526583195.664,1027,0,910748826,4038,1168.664,5065,4038,2195.664,1168.664
CSCO,1778526583000,1778526584071,1778526584071,1779437330853,1778526598119,1778526586099.213,1071,0,910746782,14048,2028.213,15119,14048,3099.213,2028.213
CSCO,1778526585000,1778526587059,1778526587059,1779437330853,1778526598119,1778526589201.767,2059,0,910743794,11060,2142.767,13119,11060,4201.767,2142.767
CSCO,1778526591000,1778526592001,1778526592001,1779437330854,1778526598119,1778526593207.208,1001,0,910738853,6118,1206.208,7119,6118,2207.208,1206.208
CSCO,1778526593000,1778526594049,1778526594050,1779437330854,1778526598119,1778526597109.657,1049,1,910736804,4069,3059.657,5119,4070,4109.657,3060.657
CSCO,1778526596000,1778526597981,1778526597981,1779437330854,1778526609129,1778526601413.489,1981,0,910732873,11148,3432.489,13129,11148,5413.489,3432.489
CSCO,1778526600000,1778526602531,1778526602531,1779437330854,1778526609129,1778526604416.405,2531,0,910728323,6598,1885.405,9129,6598,4416.405,1885.405
CSCO,1778526604000,1778526604994,1778526604994,1779437330854,1778526609129,1778526606419.342,994,0,910725860,4135,1425.342,5129,4135,2419.342,1425.342
CSCO,1778526606000,1778526607054,1778526607054,1779437330855,1778526621043,1778526610323.361,1054,0,910723801,13989,3269.361,15043,13989,4323.361,3269.361
CSCO,1778526610000,1778526611015,1778526611015,1779437330855,1778526621043,1778526613101.582,1015,0,910719840,10028,2086.582,11043,10028,3101.582,2086.582
CSCO,1778526612000,1778526614170,1778526614170,1779437330855,1778526621042,1778526614327.38,2170,0,910716685,6872,157.38,9042,6872,2327.38,157.38
CSCO,1778526613000,1778526615112,1778526615112,1779437330855,1778526621042,1778526615318.339,2112,0,910715743,5930,206.339,8042,5930,2318.339,206.339
CSCO,1778526615000,1778526616256,1778526616256,1779437330855,1778526621043,1778526617430.743,1256,0,910714599,4787,1174.743,6043,4787,2430.743,1174.743
CSCO,1778526616000,1778526617993,1778526617993,1779437330855,1778526621043,1778526618101.508,1993,0,910712862,3050,108.508,5043,3050,2101.508,108.508
CSCO,1778526619000,1778526620054,1778526620054,1779437330855,1778526632127,1778526621179.71,1054,0,910710801,12073,1125.71,13127,12073,2179.71,1125.71
CSCO,1778526620000,1778526622037,1778526622038,1779437330856,1778526632127,1778526622254.554,2037,1,910708818,10089,216.554,12127,10090,2254.554,217.554
CSCO,1778526621000,1778526623205,1778526623205,1779437330856,1778526632127,1778526624237.813,2205,0,910707651,8922,1032.813,11127,8922,3237.813,1032.813
CSCO,1778526624000,1778526625117,1778526625117,1779437330856,1778526632127,1778526626339.716,1117,0,910705739,7010,1222.716,8127,7010,2339.716,1222.716
CSCO,1778526625000,1778526627110,1778526627110,1779437330856,1778526632127,1778526629142.083,2110,0,910703746,5017,2032.083,7127,5017,4142.083,2032.083
CSCO,1778526629000,1778526630036,1778526630036,1779437330856,1778526632127,1778526630144.299,1036,0,910700820,2091,108.299,3127,2091,1144.299,108.299
CSCO,1778526630000,1778526631149,1778526631149,1779437330856,1778526644219,1778526632345.252,1149,0,910699707,13070,1196.252,14219,13070,2345.252,1196.252
CSCO,1778526632000,1778526633255,1778526633256,1779437330856,1778526644219,1778526634346.789,1255,1,910697600,10963,1090.789,12219,10964,2346.789,1091.789
CSCO,1778526634000,1778526635101,1778526635101,1779437330856,1778526644218,1778526635347.95,1101,0,910695755,9117,246.95,10218,9117,1347.95,246.95
CSCO,1778526635000,1778526636075,1778526636075,1779437330857,1778526644219,1778526637149.171,1075,0,910694782,8144,1074.171,9219,8144,2149.171,1074.171
CSCO,1778526636000,1778526638164,1778526638165,1779437330857,1778526644219,1778526638350.308,2164,1,910692692,6054,185.308,8219,6055,2350.308,186.308
CSCO,1778526638000,1778526639058,1778526639058,1779437330857,1778526644219,1778526639113.804,1058,0,910691799,5161,55.804,6219,5161,1113.804,55.804
CSCO,1778526639000,1778526640143,1778526640143,1779437330857,1778526644219,1778526641252.953,1143,0,910690714,4076,1109.953,5219,4076,2252.953,1109.953
CSCO,1778526641000,1778526642138,1778526642138,1779437330857,1778526644219,1778526642354.278,1138,0,910688719,2081,216.278,3219,2081,1354.278,216.278
CSCO,1778526643000,1778526644285,1778526644286,1779437330857,1778526657177,1778526644455.975,1285,1,910686571,12891,169.975,14177,12892,1455.975,170.975
CSCO,1778526644000,1778526645082,1778526645082,1779437330857,1778526657177,1778526645157.855,1082,0,910685775,12095,75.855,13177,12095,1157.855,75.855
CSCO,1778526645000,1778526646157,1778526646157,1779437330857,1778526657177,1778526653164.08,1157,0,910684700,11020,7007.08,12177,11020,8164.08,7007.08
CSCO,1778526653000,1778526654013,1778526654013,1779437330858,1778526657177,1778526654164.741,1013,0,910676845,3164,151.741,4177,3164,1164.741,151.741
CSCO,1778526654000,1778526655104,1778526655104,1779437330858,1778526657177,1778526655166.419,1104,0,910675754,2073,62.419,3177,2073,1166.419,62.419
CSCO,1778526655000,1778526656081,1778526656081,1779437330858,1778526657177,1778526656266.947,1081,0,910674777,1096,185.947,2177,1096,1266.947,185.947
CSCO,1778526656000,1778526657094,1778526657095,1779437330858,1778526668894,1778526658169.592,1094,1,910673763,11799,1074.592,12894,11800,2169.592,1075.592
CSCO,1778526658000,1778526659067,1778526659068,1779437330858,1778526668894,1778526663176.622,1067,1,910671790,9826,4108.622,10894,9827,5176.622,4109.622
CSCO,1778526662000,1778526664144,1778526664144,1779437330858,1778526668894,1778526666279.123,2144,0,910666714,4750,2135.123,6894,4750,4279.123,2135.123
CSCO,1778526666000,1778526668050,1778526668050,1779437330859,1778526668894,1778526668156.983,2050,0,910662809,844,106.983,2894,844,2156.983,106.983
CSCO,1778526668000,1778526669090,1778526669090,1779437330859,1778526681008,1778526669182.568,1090,0,910661769,11918,92.568,13008,11918,1182.568,92.568
CSCO,1778526669000,1778526670136,1778526670136,1779437330859,1778526681008,1778526670282.974,1136,0,910660723,10872,146.974,12008,10872,1282.974,146.974
CSCO,1778526670000,1778526672054,1778526672055,1779437330859,1778526681008,1778526672139.739,2054,1,910658804,8953,84.739,11008,8954,2139.739,85.739
CSCO,1778526671000,1778526673110,1778526673111,1779437330859,1778526681008,1778526676288.395,2110,1,910657748,7897,3177.395,10008,7898,5288.395,3178.395
CSCO,1778526676000,1778526677284,1778526677284,1779437330859,1778526693321,1778526681131.214,1284,0,910653575,16037,3847.214,17321,16037,5131.214,3847.214
CSCO,1778526681000,1778526682119,1778526682119,1779437330859,1778526693321,1778526683195.382,1119,0,910648740,11202,1076.382,12321,11202,2195.382,1076.382
CSCO,1778526682000,1778526684334,1778526684334,1779437330860,1778526693321,1778526684396.762,2334,0,910646526,8987,62.762,11321,8987,2396.762,62.762
CSCO,1778526684000,1778526685144,1778526685144,1779437330860,1778526693317,1778526687399.727,1144,0,910645716,8173,2255.727,9317,8173,3399.727,2255.727
CSCO,1778526686000,1778526688018,1778526688018,1779437330860,1778526693321,1778526690302.898,2018,0,910642842,5303,2284.898,7321,5303,4302.898,2284.898
CSCO,1778526690000,1778526691309,1778526691309,1779437330860,1778526706233,1778526697309.725,1309,0,910639551,14924,6000.725,16233,14924,7309.725,6000.725
CSCO,1778526696000,1778526698143,1778526698144,1779437330861,1778526706233,1778526701113.971,2143,1,910632717,8089,2969.971,10233,8090,5113.971,2970.971
CSCO,1778526700000,1778526702384,1778526702384,1779437330861,1778526706233,1778526705218.27,2384,0,910628477,3849,2834.27,6233,3849,5218.27,2834.27
CSCO,1778526704000,1778526706123,1778526706123,1779437330861,1778526718343,1778526708292.149,2123,0,910624738,12220,2169.149,14343,12220,4292.149,2169.149
CSCO,1778526709000,1778526710138,1778526710139,1779437330861,1778526718343,1778526711325.083,1138,1,910620722,8204,1186.083,9343,8205,2325.083,1187.083
CSCO,1778526711000,1778526712134,1778526712134,1779437330861,1778526718343,1778526717230.867,1134,0,910618727,6209,5096.867,7343,6209,6230.867,5096.867
CSCO,1778526717000,1778526719230,1778526719230,1779437330862,1778526730271,1778526721334.384,2230,0,910611632,11041,2104.384,13271,11041,4334.384,2104.384
CSCO,1778526720000,1778526722668,1778526722668,1779437330862,1778526730271,1778526724437.655,2668,0,910608194,7603,1769.655,10271,7603,4437.655,1769.655
CSCO,1778526724000,1778526726175,1778526726175,1779437330862,1778526730271,1778526729314.665,2175,0,910604687,4096,3139.665,6271,4096,5314.665,3139.665
CSCO,1778526729000,1778526730116,1778526730116,1779437330862,1778526742269,1778526731344.173,1116,0,910600746,12153,1228.173,13269,12153,2344.173,1228.173
CSCO,1778526730000,1778526732111,1778526732111,1779437330863,1778526742269,1778526733146.706,2111,0,910598752,10158,1035.706,12269,10158,3146.706,1035.706
CSCO,1778526732000,1778526734173,1778526734173,1779437330863,1778526742269,1778526738151.137,2173,0,910596690,8096,3978.137,10269,8096,6151.137,3978.137
CSCO,1778526738000,1778526740059,1778526740059,1779437330863,1778526742268,1778526740153.41,2059,0,910590804,2209,94.41,4268,2209,2153.41,94.41
CSCO,1778526741000,1778526742077,1778526742078,1779437330863,1778526742269,1778526742156.12,1077,1,910588785,191,78.12,1269,192,1156.12,79.12
CSCO,1778526743000,1778526744120,1778526744121,1779437330863,1778526754282,1778526744357.086,1120,1,910586742,10161,236.086,11282,10162,1357.086,237.086
CSCO,1778526744000,1778526745190,1778526745191,1779437330863,1778526754282,1778526746358.935,1190,1,910585672,9091,1167.935,10282,9092,2358.935,1168.935
CSCO,1778526746000,1778526747156,1778526747156,1779437330863,1778526754282,1778526749262.294,1156,0,910583707,7126,2106.294,8282,7126,3262.294,2106.294
CSCO,1778526748000,1778526750130,1778526750131,1779437330864,1778526754282,1778526750264.613,2130,1,910580733,4151,133.613,6282,4152,2264.613,134.613
CSCO,1778526750000,1778526751114,1778526751114,1779437330864,1778526754282,1778526752465.197,1114,0,910579750,3168,1351.197,4282,3168,2465.197,1351.197
CSCO,1778526751000,1778526753144,1778526753144,1779437330864,1778526754282,1778526753365.964,2144,0,910577720,1138,221.964,3282,1138,2365.964,221.964
CSCO,1778526754000,1778526755118,1778526755118,1779437330864,1778526767196,1778526758135.98,1118,0,910575746,12078,3017.98,13196,12078,4135.98,3017.98
CSCO,1778526758000,1778526759166,1778526759166,1779437330864,1778526767196,1778526763280.037,1166,0,910571698,8030,4114.037,9196,8030,5280.037,4114.037
CSCO,1778526762000,1778526764126,1778526764126,1779437330864,1778526767196,1778526765282.104,2126,0,910566738,3070,1156.104,5196,3070,3282.104,1156.104
CSCO,1778526764000,1778526766198,1778526766198,1779437330865,1778526780009,1778526767200.648,2198,0,910564667,13811,1002.648,16009,13811,3200.648,1002.648
CSCO,1778526766000,1778526768218,1778526768218,1779437330865,1778526780010,1778526771288.916,2218,0,910562647,11792,3070.916,14010,11792,5288.916,3070.916
CSCO,1778526770000,1778526772185,1778526772185,1779437330865,1778526780009,1778526772409.677,2185,0,910558680,7824,224.677,10009,7824,2409.677,224.677
CSCO,1778526771000,1778526773144,1778526773144,1779437330865,1778526780010,1778526775192.37,2144,0,910557721,6866,2048.37,9010,6866,4192.37,2048.37
CSCO,1778526775000,1778526776190,1778526776190,1779437330865,1778526780010,1778526777295.306,1190,0,910554675,3820,1105.306,5010,3820,2295.306,1105.306
CSCO,1778526778000,1778526779155,1778526779155,1779437330865,1778526792322,1778526783401.438,1155,0,910551710,13167,4246.438,14322,13167,5401.438,4246.438
CSCO,1778526782000,1778526784510,1778526784510,1779437330865,1778526792322,1778526784602.049,2510,0,910546355,7812,92.049,10322,7812,2602.049,92.049
CSCO,1778526784000,1778526785206,1778526785206,1779437330866,1778526792322,1778526786303.878,1206,0,910545660,7116,1097.878,8322,7116,2303.878,1097.878
CSCO,1778526786000,1778526787306,1778526787306,1779437330866,1778526792322,1778526787405.138,1306,0,910543560,5016,99.138,6322,5016,1405.138,99.138
CSCO,1778526787000,1778526788191,1778526788191,1779437330866,1778526792322,1778526788305.638,1191,0,910542675,4131,114.638,5322,4131,1305.638,114.638
CSCO,1778526788000,1778526789202,1778526789202,1779437330866,1778526792322,1778526790309.424,1202,0,910541664,3120,1107.424,4322,3120,2309.424,1107.424
CSCO,1778526790000,1778526791179,1778526791179,1779437330866,1778526792322,1778526791409.264,1179,0,910539687,1143,230.264,2322,1143,1409.264,230.264
CSCO,1778526793000,1778526794371,1778526794371,1779437330866,1778526805136,1778526799718.628,1371,0,910536495,10765,5347.628,12136,10765,6718.628,5347.628
CSCO,1778526799000,1778526800409,1778526800410,1779437330866,1778526805136,1778526801519.952,1409,1,910530456,4726,1109.952,6136,4727,2519.952,1110.952
CSCO,1778526801000,1778526802106,1778526802106,1779437330866,1778526805136,1778526802190.985,1106,0,910528760,3030,84.985,4136,3030,1190.985,84.985
CSCO,1778526802000,1778526803131,1778526803132,1779437330866,1778526816066,1778526806325.78,1131,1,910527734,12934,3193.78,14066,12935,4325.78,3194.78
CSCO,1778526806000,1778526807148,1778526807148,1779437330867,1778526816066,1778526807226.719,1148,0,910523719,8918,78.719,10066,8918,1226.719,78.719
CSCO,1778526807000,1778526808234,1778526808234,1779437330867,1778526816066,1778526808328.288,1234,0,910522633,7832,94.288,9066,7832,1328.288,94.288
CSCO,1778526808000,1778526809199,1778526809199,1779437330867,1778526816066,1778526810429.571,1199,0,910521668,6867,1230.571,8066,6867,2429.571,1230.571
CSCO,1778526810000,1778526811218,1778526811218,1779437330867,1778526816066,1778526812431.296,1218,0,910519649,4848,1213.296,6066,4848,2431.296,1213.296
CSCO,1778526812000,1778526813253,1778526813253,1779437330867,1778526816045,1778526813432.467,1253,0,910517614,2792,179.467,4045,2792,1432.467,179.467
CSCO,1778526814000,1778526815298,1778526815298,1779437330867,1778526816066,1778526815534.795,1298,0,910515569,768,236.795,2066,768,1534.795,236.795
CSCO,1778526815000,1778526816206,1778526816207,1779437330867,1778526828158,1778526817275.648,1206,1,910514660,11951,1068.648,13158,11952,2275.648,1069.648
CSCO,1778526817000,1778526818225,1778526818225,1779437330868,1778526828158,1778526819338.956,1225,0,910512643,9933,1113.956,11158,9933,2338.956,1113.956
CSCO,1778526819000,1778526820385,1778526820385,1779437330868,1778526828158,1778526822341.107,1385,0,910510483,7773,1956.107,9158,7773,3341.107,1956.107
CSCO,1778526822000,1778526823198,1778526823198,1779437330868,1778526828158,1778526823342.228,1198,0,910507670,4960,144.228,6158,4960,1342.228,144.228
CSCO,1778526823000,1778526824387,1778526824387,1779437330868,1778526828158,1778526825345.136,1387,0,910506481,3771,958.136,5158,3771,2345.136,958.136
CSCO,1778526825000,1778526826288,1778526826288,1779437330868,1778526840569,1778526831450.332,1288,0,910504580,14281,5162.332,15569,14281,6450.332,5162.332
CSCO,1778526832000,1778526833408,1778526833408,1779437330869,1778526840569,1778526834553.8,1408,0,910497461,7161,1145.8,8569,7161,2553.8,1145.8
CSCO,1778526833000,1778526835249,1778526835249,1779437330869,1778526840570,1778526835355.373,2249,0,910495620,5321,106.373,7570,5321,2355.373,106.373
CSCO,1778526835000,1778526836369,1778526836369,1779437330869,1778526840570,1778526836456.964,1369,0,910494500,4201,87.964,5570,4201,1456.964,87.964
CSCO,1778526836000,1778526837265,1778526837265,1779437330869,1778526853286,1778526841360.585,1265,0,910493604,16021,4095.585,17286,16021,5360.585,4095.585
CSCO,1778526841000,1778526842333,1778526842333,1779437330869,1778526853286,1778526844364.223,1333,0,910488536,10953,2031.223,12286,10953,3364.223,2031.223
CSCO,1778526844000,1778526846309,1778526846309,1779437330869,1778526853286,1778526846549.923,2309,0,910484560,6977,240.923,9286,6977,2549.923,240.923
CSCO,1778526845000,1778526847350,1778526847350,1779437330869,1778526853286,1778526847441.951,2350,0,910483519,5936,91.951,8286,5936,2441.951,91.951
CSCO,1778526846000,1778526848278,1778526848278,1779437330869,1778526853286,1778526850469.999,2278,0,910482591,5008,2191.999,7286,5008,4469.999,2191.999
CSCO,1778526849000,1778526851332,1778526851332,1779437330870,1778526853286,1778526851471.242,2332,0,910479538,1954,139.242,4286,1954,2471.242,139.242
CSCO,1778526851000,1778526852467,1778526852467,1779437330870,1778526865998,1778526854474.738,1467,0,910478403,13531,2007.738,14998,13531,3474.738,2007.738
CSCO,1778526853000,1778526855197,1778526855197,1779437330870,1778526865996,1778526855375.6,2197,0,910475673,10799,178.6,12996,10799,2375.6,178.6
CSCO,1778526854000,1778526856321,1778526856322,1779437330870,1778526865998,1778526856476.569,2321,1,910474548,9676,154.569,11998,9677,2476.569,155.569
CSCO,1778526856000,1778526857243,1778526857243,1779437330870,1778526865996,1778526857377.208,1243,0,910473627,8753,134.208,9996,8753,1377.208,134.208
CSCO,1778526857000,1778526858319,1778526858319,1779437330870,1778526865998,1778526858477.984,1319,0,910472551,7679,158.984,8998,7679,1477.984,158.984
CSCO,1778526858000,1778526859200,1778526859200,1779437330870,1778526865998,1778526860480.903,1200,0,910471670,6798,1280.903,7998,6798,2480.903,1280.903
CSCO,1778526860000,1778526861227,1778526861227,1779437330870,1778526878406,1778526866387.229,1227,0,910469643,17179,5160.229,18406,17179,6387.229,5160.229
CSCO,1778526866000,1778526867287,1778526867287,1779437330871,1778526878406,1778526868389.006,1287,0,910463584,11119,1102.006,12406,11119,2389.006,1102.006
CSCO,1778526867000,1778526869442,1778526869442,1779437330871,1778526878406,1778526870490.543,2442,0,910461429,8964,1048.543,11406,8964,3490.543,1048.543
CSCO,1778526869000,1778526871548,1778526871548,1779437330871,1778526878406,1778526873293.318,2548,0,910459323,6858,1745.318,9406,6858,4293.318,1745.318
CSCO,1778526873000,1778526874400,1778526874400,1779437330871,1778526878406,1778526875395.855,1400,0,910456471,4006,995.855,5406,4006,2395.855,995.855
CSCO,1778526875000,1778526876309,1778526876309,1779437330871,1778526878406,1778526877297.395,1309,0,910454562,2097,988.395,3406,2097,2297.395,988.395
CSCO,1778526878000,1778526879224,1778526879224,1779437330871,1778526890360,1778526879299.613,1224,0,910451647,11136,75.613,12360,11136,1299.613,75.613
CSCO,1778526879000,1778526880222,1778526880222,1779437330872,1778526890360,1778526880301.367,1222,0,910450650,10138,79.367,11360,10138,1301.367,79.367
CSCO,1778526880000,1778526881436,1778526881436,1779437330872,1778526890360,1778526882403.347,1436,0,910449436,8924,967.347,10360,8924,2403.347,967.347
CSCO,1778526881000,1778526883281,1778526883281,1779437330872,1778526890360,1778526883504.596,2281,0,910447591,7079,223.596,9360,7079,2504.596,223.596
CSCO,1778526883000,1778526884281,1778526884281,1779437330872,1778526890360,1778526885267.201,1281,0,910446591,6079,986.201,7360,6079,2267.201,986.201
CSCO,1778526885000,1778526886542,1778526886542,1779437330872,1778526890360,1778526887709.489,1542,0,910444330,3818,1167.489,5360,3818,2709.489,1167.489
CSCO,1778526886000,1778526888302,1778526888302,1779437330872,1778526890360,1778526888410.571,2302,0,910442570,2058,108.571,4360,2058,2410.571,108.571
CSCO,1778526888000,1778526889205,1778526889205,1779437330872,1778526902434,1778526893416.799,1205,0,910441667,13229,4211.799,14434,13229,5416.799,4211.799
CSCO,1778526892000,1778526894335,1778526894335,1779437330873,1778526902434,1778526896419.045,2335,0,910436538,8099,2084.045,10434,8099,4419.045,2084.045
CSCO,1778526896000,1778526897274,1778526897274,1779437330873,1778526902434,1778526898521.356,1274,0,910433599,5160,1247.356,6434,5160,2521.356,1247.356
CSCO,1778526897000,1778526899208,1778526899208,1779437330873,1778526902434,1778526899321.616,2208,0,910431665,3226,113.616,5434,3226,2321.616,113.616
CSCO,1778526899000,1778526900453,1778526900453,1779437330873,1778526902434,1778526900523.848,1453,0,910430420,1981,70.848,3434,1981,1523.848,70.848
CSCO,1778526900000,1778526901347,1778526901347,1779437330873,1778526914047,1778526902625.253,1347,0,910429526,12700,1278.253,14047,12700,2625.253,1278.253
CSCO,1778526902000,1778526903341,1778526903341,1779437330873,1778526914047,1778526903726.425,1341,0,910427532,10706,385.425,12047,10706,1726.425,385.425
CSCO,1778526903000,1778526904304,1778526904304,1779437330873,1778526914047,1778526907431.023,1304,0,910426569,9743,3127.023,11047,9743,4431.023,3127.023
CSCO,1778526906000,1778526908385,1778526908385,1779437330874,1778526914047,1778526908513.658,2385,0,910422489,5662,128.658,8047,5662,2513.658,128.658
CSCO,1778526907000,1778526909272,1778526909273,1779437330874,1778526926159,1778526914638.238,2272,1,910421601,16886,5365.238,19159,16887,7638.238,5366.238
CSCO,1778526915000,1778526916306,1778526916306,1779437330874,1778526926263,1778526916439.794,1306,0,910414568,9957,133.794,11263,9957,1439.794,133.794
CSCO,1778526916000,1778526917338,1778526917339,1779437330874,1778526926263,1778526918541.64,1338,1,910413535,8924,1202.64,10263,8925,2541.64,1203.64
CSCO,1778526919000,1778526920272,1778526920272,1779437330874,1778526926263,1778526922446.272,1272,0,910410602,5991,2174.272,7263,5991,3446.272,2174.272
CSCO,1778526922000,1778526923469,1778526923469,1779437330874,1778526926263,1778526924348.333,1469,0,910407405,2794,879.333,4263,2794,2348.333,879.333
CSCO,1778526924000,1778526925359,1778526925359,1779437330874,1778526926263,1778526925449.711,1359,0,910405515,904,90.711,2263,904,1449.711,90.711
CSCO,1778526925000,1778526926279,1778526926280,1779437330875,1778526938176,1778526934658.367,1279,1,910404595,11896,8378.367,13176,11897,9658.367,8379.367
CSCO,1778526933000,1778526935357,1778526935357,1779437330875,1778526938176,1778526935559.308,2357,0,910395518,2819,202.308,5176,2819,2559.308,202.308
CSCO,1778526935000,1778526936293,1778526936293,1779437330875,1778526949584,1778526940565.399,1293,0,910394582,13291,4272.399,14584,13291,5565.399,4272.399
CSCO,1778526940000,1778526941453,1778526941454,1779437330875,1778526949584,1778526942367.69,1453,1,910389421,8130,913.69,9584,8131,2367.69,914.69
CSCO,1778526941000,1778526943451,1778526943451,1779437330876,1778526949584,1778526947472.443,2451,0,910387425,6133,4021.443,8584,6133,6472.443,4021.443
CSCO,1778526947000,1778526948321,1778526948321,1779437330876,1778526961615,1778526953578.961,1321,0,910382555,13294,5257.961,14615,13294,6578.961,5257.961
CSCO,1778526953000,1778526954303,1778526954303,1779437330876,1778526961615,1778526954379.346,1303,0,910376573,7312,76.346,8615,7312,1379.346,76.346
CSCO,1778526954000,1778526955284,1778526955284,1779437330876,1778526961615,1778526956446.002,1284,0,910375592,6331,1162.002,7615,6331,2446.002,1162.002
CSCO,1778526956000,1778526957307,1778526957307,1779437330876,1778526961615,1778526958583.425,1307,0,910373569,4308,1276.425,5615,4308,2583.425,1276.425
CSCO,1778526958000,1778526960469,1778526960469,1779437330877,1778526961615,1778526960585.552,2469,0,910370408,1146,116.552,3615,1146,2585.552,116.552
CSCO,1778526960000,1778526961550,1778526961551,1779437330877,1778526973425,1778526961686.55,1550,1,910369326,11874,135.55,13425,11875,1686.55,136.55
CSCO,1778526962000,1778526963485,1778526963485,1779437330877,1778526973425,1778526967397.637,1485,0,910367392,9940,3912.637,11425,9940,5397.637,3912.637
CSCO,1778526967000,1778526968377,1778526968377,1779437330877,1778526973425,1778526968489.945,1377,0,910362500,5048,112.945,6425,5048,1489.945,112.945
CSCO,1778526968000,1778526970545,1778526970545,1779437330877,1778526973425,1778526970701.103,2545,0,910360332,2880,156.103,5425,2880,2701.103,156.103
CSCO,1778526971000,1778526972414,1778526972414,1779437330877,1778526985625,1778526973504.443,1414,0,910358463,13211,1090.443,14625,13211,2504.443,1090.443
CSCO,1778526973000,1778526974336,1778526974336,1779437330877,1778526985625,1778526977707.754,1336,0,910356541,11289,3371.754,12625,11289,4707.754,3371.754
CSCO,1778526976000,1778526978308,1778526978308,1779437330878,1778526985625,1778526978409.088,2308,0,910352570,7317,101.088,9625,7317,2409.088,101.088
CSCO,1778526977000,1778526979325,1778526979326,1779437330878,1778526985625,1778526979409.805,2325,1,910351552,6299,83.805,8625,6300,2409.805,84.805
CSCO,1778526979000,1778526980367,1778526980367,1779437330878,1778526985625,1778526982612.946,1367,0,910350511,5258,2245.946,6625,5258,3612.946,2245.946
CSCO,1778526982000,1778526983304,1778526983305,1779437330878,1778526998232,1778526988395.236,1304,1,910347573,14927,5090.236,16232,14928,6395.236,5091.236
CSCO,1778526988000,1778526989353,1778526989353,1779437330878,1778526998232,1778526990522.351,1353,0,910341525,8879,1169.351,10232,8879,2522.351,1169.351
CSCO,1778526989000,1778526991546,1778526991546,1779437330878,1778526998232,1778526993525.419,2546,0,910339332,6686,1979.419,9232,6686,4525.419,1979.419
CSCO,1778526993000,1778526994370,1778526994370,1779437330879,1778526998232,1778526995627.358,1370,0,910336509,3862,1257.358,5232,3862,2627.358,1257.358
CSCO,1778526994000,1778526996401,1778526996401,1779437330879,1778526998136,1778526996527.682,2401,0,910334478,1735,126.682,4136,1735,2527.682,126.682
CSCO,1778526996000,1778526997318,1778526997318,1779437330879,1778527010453,1778526998729.85,1318,0,910333561,13135,1411.85,14453,13135,2729.85,1411.85
CSCO,1778526997000,1778526999344,1778526999344,1779437330879,1778527010454,1778527000534.312,2344,0,910331535,11110,1190.312,13454,11110,3534.312,1190.312
CSCO,1778527000000,1778527001324,1778527001325,1779437330879,1778527010454,1778527001433.699,1324,1,910329554,9129,108.699,10454,9130,1433.699,109.699
CSCO,1778527001000,1778527002371,1778527002371,1779437330879,1778527010454,1778527003439.598,1371,0,910328508,8083,1068.598,9454,8083,2439.598,1068.598
CSCO,1778527003000,1778527004463,1778527004463,1779437330879,1778527010454,1778527006542.711,1463,0,910326416,5991,2079.711,7454,5991,3542.711,2079.711
CSCO,1778527006000,1778527007427,1778527007427,1779437330879,1778527010453,1778527008545.124,1427,0,910323452,3026,1118.124,4453,3026,2545.124,1118.124
CSCO,1778527008000,1778527009559,1778527009559,1779437330880,1778527022768,1778527010518.562,1559,0,910321321,13209,959.562,14768,13209,2518.562,959.562
CSCO,1778527011000,1778527012379,1778527012379,1779437330880,1778527022768,1778527012447.561,1379,0,910318501,10389,68.561,11768,10389,1447.561,68.561
CSCO,1778527012000,1778527013507,1778527013507,1779437330880,1778527022768,1778527016553.24,1507,0,910317373,9261,3046.24,10768,9261,4553.24,3046.24
CSCO,1778527016000,1778527017423,1778527017423,1779437330880,1778527022768,1778527018455.055,1423,0,910313457,5345,1032.055,6768,5345,2455.055,1032.055
CSCO,1778527018000,1778527019615,1778527019615,1779437330880,1778527022768,1778527020657.189,1615,0,910311265,3153,1042.189,4768,3153,2657.189,1042.189
CSCO,1778527020000,1778527021396,1778527021396,1779437330880,1778527034583,1778527024461.531,1396,0,910309484,13187,3065.531,14583,13187,4461.531,3065.531
CSCO,1778527024000,1778527025362,1778527025362,1779437330881,1778527034583,1778527027451.379,1362,0,910305519,9221,2089.379,10583,9221,3451.379,2089.379
CSCO,1778527027000,1778527028343,1778527028343,1779437330881,1778527034583,1778527031457.762,1343,0,910302538,6240,3114.762,7583,6240,4457.762,3114.762
CSCO,1778527030000,1778527032517,1778527032517,1779437330881,1778527034583,1778527033470.776,2517,0,910298364,2066,953.776,4583,2066,3470.776,953.776
CSCO,1778527033000,1778527034486,1778527034486,1779437330881,1778527047298,1778527034573.047,1486,0,910296395,12812,87.047,14298,12812,1573.047,87.047
CSCO,1778527035000,1778527036460,1778527036460,1779437330881,1778527047298,1778527036657.217,1460,0,910294421,10838,197.217,12298,10838,1657.217,197.217
CSCO,1778527036000,1778527037385,1778527037385,1779437330881,1778527047298,1778527038676.078,1385,0,910293496,9913,1291.078,11298,9913,2676.078,1291.078
CSCO,1778527038000,1778527039585,1778527039585,1779437330882,1778527047298,1778527039681.298,1585,0,910291297,7713,96.298,9298,7713,1681.298,96.298
CSCO,1778527040000,1778527041479,1778527041479,1779437330882,1778527047298,1778527041582.142,1479,0,910289403,5819,103.142,7298,5819,1582.142,103.142
CSCO,1778527041000,1778527042360,1778527042361,1779437330882,1778527047298,1778527043684.7,1360,1,910288521,4937,1323.7,6298,4938,2684.7,1324.7
CSCO,1778527043000,1778527044561,1778527044561,1779437330882,1778527047298,1778527045687.046,1561,0,910286321,2737,1126.046,4298,2737,2687.046,1126.046
CSCO,1778527045000,1778527046564,1778527046564,1779437330882,1778527059010,1778527047588.119,1564,0,910284318,12446,1024.119,14010,12446,2588.119,1024.119
CSCO,1778527047000,1778527048405,1778527048405,1779437330882,1778527059010,1778527051793.002,1405,0,910282477,10605,3388.002,12010,10605,4793.002,3388.002
CSCO,1778527051000,1778527052353,1778527052354,1779437330882,1778527059010,1778527054695.338,1353,1,910278528,6656,2341.338,8010,6657,3695.338,2342.338
CSCO,1778527054000,1778527055569,1778527055570,1779437330883,1778527059010,1778527055696.715,1569,1,910275313,3440,126.715,5010,3441,1696.715,127.715
CSCO,1778527055000,1778527056641,1778527056641,1779437330883,1778527059010,1778527056797.595,1641,0,910274242,2369,156.595,4010,2369,1797.595,156.595
CSCO,1778527056000,1778527057391,1778527057391,1779437330883,1778527071120,1778527059637.278,1391,0,910273492,13729,2246.278,15120,13729,3637.278,2246.278
CSCO,1778527058000,1778527060454,1778527060454,1779437330883,1778527071120,1778527060702.196,2454,0,910270429,10666,248.196,13120,10666,2702.196,248.196
CSCO,1778527060000,1778527061457,1778527061457,1779437330883,1778527071120,1778527061702.676,1457,0,910269426,9663,245.676,11120,9663,1702.676,245.676
CSCO,1778527061000,1778527062429,1778527062429,1779437330883,1778527071120,1778527062504.25,1429,0,910268454,8691,75.25,10120,8691,1504.25,75.25
CSCO,1778527062000,1778527063674,1778527063674,1779437330883,1778527071120,1778527065507.121,1674,0,910267209,7446,1833.121,9120,7446,3507.121,1833.121
CSCO,1778527064000,1778527066471,1778527066471,1779437330883,1778527071120,1778527066608.245,2471,0,910264412,4649,137.245,7120,4649,2608.245,137.245
CSCO,1778527065000,1778527067404,1778527067404,1779437330883,1778527071120,1778527067509.235,2404,0,910263479,3716,105.235,6120,3716,2509.235,105.235
CSCO,1778527067000,1778527068454,1778527068454,1779437330884,1778527071120,1778527068710.181,1454,0,910262430,2666,256.181,4120,2666,1710.181,256.181
CSCO,1778527069000,1778527070507,1778527070507,1779437330884,1778527083733,1778527072714.631,1507,0,910260377,13226,2207.631,14733,13226,3714.631,2207.631
CSCO,1778527071000,1778527073444,1778527073444,1779437330884,1778527083733,1778527073516.239,2444,0,910257440,10289,72.239,12733,10289,2516.239,72.239
CSCO,1778527072000,1778527074426,1778527074426,1779437330884,1778527083733,1778527075617.128,2426,0,910256458,9307,1191.128,11733,9307,3617.128,1191.128
CSCO,1778527075000,1778527076442,1778527076442,1779437330884,1778527083733,1778527077619.187,1442,0,910254442,7291,1177.187,8733,7291,2619.187,1177.187
CSCO,1778527078000,1778527079451,1778527079451,1779437330884,1778527083733,1778527080522.553,1451,0,910251433,4282,1071.553,5733,4282,2522.553,1071.553
CSCO,1778527080000,1778527081682,1778527081682,1779437330884,1778527083733,1778527082023.856,1682,0,910249202,2051,341.856,3733,2051,2023.856,341.856
CSCO,1778527081000,1778527082633,1778527082633,1779437330884,1778527096143,1778527085727.815,1633,0,910248251,13510,3094.815,15143,13510,4727.815,3094.815
CSCO,1778527085000,1778527086523,1778527086523,1779437330885,1778527096143,1778527088630.228,1523,0,910244362,9620,2107.228,11143,9620,3630.228,2107.228
CSCO,1778527088000,1778527089467,1778527089467,1779437330885,1778527096143,1778527094635.892,1467,0,910241418,6676,5168.892,8143,6676,6635.892,5168.892
CSCO,1778527094000,1778527095493,1778527095493,1779437330885,1778527096143,1778527095636.911,1493,0,910235392,650,143.911,2143,650,1636.911,143.911
CSCO,1778527095000,1778527096558,1778527096558,1779437330885,1778527108556,1778527097638.699,1558,0,910234327,11998,1080.699,13556,11998,2638.699,1080.699
CSCO,1778527097000,1778527098522,1778527098522,1779437330885,1778527108556,1778527100542.164,1522,0,910232363,10034,2020.164,11556,10034,3542.164,2020.164
CSCO,1778527099000,1778527101637,1778527101637,1779437330886,1778527108555,1778527101743.064,2637,0,910229249,6918,106.064,9555,6918,2743.064,106.064
CSCO,1778527101000,1778527103462,1778527103462,1779437330886,1778527108556,1778527105522.551,2462,0,910227424,5094,2060.551,7556,5094,4522.551,2060.551
CSCO,1778527105000,1778527106446,1778527106446,1779437330886,1778527108556,1778527108548.434,1446,0,910224440,2110,2102.434,3556,2110,3548.434,2102.434
CSCO,1778527107000,1778527109720,1778527109720,1779437330886,1778527120770,1778527110750.544,2720,0,910221166,11050,1030.544,13770,11050,3750.544,1030.544
CSCO,1778527109000,1778527111699,1778527111699,1779437330886,1778527120770,1778527113953.606,2699,0,910219187,9071,2254.606,11770,9071,4953.606,2254.606
CSCO,1778527113000,1778527114419,1778527114419,1779437330886,1778527120770,1778527114554.623,1419,0,910216467,6351,135.623,7770,6351,1554.623,135.623
CSCO,1778527114000,1778527115455,1778527115456,1779437330886,1778527120770,1778527115555.636,1455,1,910215430,5314,99.636,6770,5315,1555.636,100.636
CSCO,1778527115000,1778527116410,1778527116410,1779437330887,1778527120770,1778527116479.578,1410,0,910214477,4360,69.578,5770,4360,1479.578,69.578
CSCO,1778527116000,1778527117426,1778527117426,1779437330887,1778527120770,1778527117498.09,1426,0,910213461,3344,72.09,4770,3344,1498.09,72.09
CSCO,1778527117000,1778527118517,1778527118517,1779437330887,1778527120770,1778527120760.299,1517,0,910212370,2253,2243.299,3770,2253,3760.299,2243.299
CSCO,1778527120000,1778527121430,1778527121430,1779437330887,1778527133582,1778527124524.763,1430,0,910209457,12152,3094.763,13582,12152,4524.763,3094.763
CSCO,1778527124000,1778527125608,1778527125608,1779437330887,1778527133582,1778527126665.775,1608,0,910205279,7974,1057.775,9582,7974,2665.775,1057.775
CSCO,1778527125000,1778527126888,1778527126888,1779437330887,1778527133582,1778527129669.346,1888,0,910203999,6694,2781.346,8582,6694,4669.346,2781.346
CSCO,1778527129000,1778527130484,1778527130484,1779437330888,1778527133582,1778527130570.355,1484,0,910200404,3098,86.355,4582,3098,1570.355,86.355
CSCO,1778527130000,1778527131409,1778527131410,1779437330888,1778527133582,1778527131470.861,1409,1,910199478,2172,60.861,3582,2173,1470.861,61.861
CSCO,1778527131000,1778527132481,1778527132481,1779437330888,1778527146634,1778527133673.16,1481,0,910198407,14153,1192.16,15634,14153,2673.16,1192.16
CSCO,1778527132000,1778527134452,1778527134453,1779437330888,1778527146694,1778527135575.7,2452,1,910196435,12241,1122.7,14694,12242,3575.7,1123.7
CSCO,1778527135000,1778527136479,1778527136479,1779437330888,1778527146694,1778527136576.535,1479,0,910194409,10215,97.535,11694,10215,1576.535,97.535
CSCO,1778527137000,1778527138668,1778527138668,1779437330888,1778527146694,1778527138778.592,1668,0,910192220,8026,110.592,9694,8026,1778.592,110.592
CSCO,1778527139000,1778527140486,1778527140486,1779437330888,1778527146634,1778527140580.887,1486,0,910190402,6148,94.887,7634,6148,1580.887,94.887
CSCO,1778527140000,1778527141729,1778527141729,1779437330888,1778527146694,1778527141981.349,1729,0,910189159,4965,252.349,6694,4965,1981.349,252.349
CSCO,1778527141000,1778527141734,1778527141734,1779437330888,1778527146694,1778527142682.167,734,0,910189154,4960,948.167,5694,4960,1682.167,948.167
CSCO,1778527142000,1778527143474,1778527143474,1779437330888,1778527146694,1778527144572.913,1474,0,910187414,3220,1098.913,4694,3220,2572.913,1098.913
CSCO,1778527144000,1778527145418,1778527145418,1779437330888,1778527158607,1778527148688.803,1418,0,910185470,13189,3270.803,14607,13189,4688.803,3270.803
CSCO,1778527149000,1778527150605,1778527150605,1779437330889,1778527158607,1778527150890.136,1605,0,910180284,8002,285.136,9607,8002,1890.136,285.136
CSCO,1778527150000,1778527151475,1778527151475,1779437330889,1778527158607,1778527156596.269,1475,0,910179414,7132,5121.269,8607,7132,6596.269,5121.269
CSCO,1778527155000,1778527156696,1778527156696,1779437330889,1778527158607,1778527156896.538,1696,0,910174193,1911,200.538,3607,1911,1896.538,200.538
CSCO,1778527156000,1778527157503,1778527157503,1779437330889,1778527158607,1778527157598.307,1503,0,910173386,1104,95.307,2607,1104,1598.307,95.307
CSCO,1778527157000,1778527158550,1778527158550,1779437330889,1778527170819,1778527158798.917,1550,0,910172339,12269,248.917,13819,12269,1798.917,248.917
CSCO,1778527158000,1778527159492,1778527159492,1779437330889,1778527170820,1778527163704.79,1492,0,910171397,11328,4212.79,12820,11328,5704.79,4212.79
CSCO,1778527164000,1778527165726,1778527165726,1779437330890,1778527170819,1778527165806.942,1726,0,910165164,5093,80.942,6819,5093,1806.942,80.942
CSCO,1778527165000,1778527166597,1778527166597,1779437330890,1778527170820,1778527166807.143,1597,0,910164293,4223,210.143,5820,4223,1807.143,210.143
CSCO,1778527166000,1778527167700,1778527167701,1779437330890,1778527170820,1778527168589.323,1700,1,910163189,3119,888.323,4820,3120,2589.323,889.323
CSCO,1778527168000,1778527169771,1778527169771,1779437330890,1778527170820,1778527169910.168,1771,0,910161119,1049,139.168,2820,1049,1910.168,139.168
CSCO,1778527169000,1778527170476,1778527170477,1779437330890,1778527183131,1778527172812.646,1476,1,910160413,12654,2335.646,14131,12655,3812.646,2336.646
CSCO,1778527173000,1778527174514,1778527174515,1779437330890,1778527183131,1778527180620.064,1514,1,910156375,8616,6105.064,10131,8617,7620.064,6106.064
CSCO,1778527180000,1778527181533,1778527181533,1779437330891,1778527195644,1778527185624.497,1533,0,910149358,14111,4091.497,15644,14111,5624.497,4091.497
CSCO,1778527184000,1778527186690,1778527186690,1779437330891,1778527195644,1778527193832.883,2690,0,910144201,8954,7142.883,11644,8954,9832.883,7142.883
CSCO,1778527193000,1778527194708,1778527194708,1779437330891,1778527195644,1778527194833.429,1708,0,910136183,936,125.429,2644,936,1833.429,125.429
CSCO,1778527194000,1778527195647,1778527195647,1779437330891,1778527207055,1778527197636.055,1647,0,910135244,11408,1989.055,13055,11408,3636.055,1989.055
CSCO,1778527197000,1778527198617,1778527198617,1779437330891,1778527207055,1778527198836.986,1617,0,910132274,8438,219.986,10055,8438,1836.986,219.986
CSCO,1778527199000,1778527200773,1778527200773,1779437330892,1778527207054,1778527200839.054,1773,0,910130119,6281,66.054,8054,6281,1839.054,66.054
CSCO,1778527200000,1778527201793,1778527201793,1779437330892,1778527207054,1778527202741.355,1793,0,910129099,5261,948.355,7054,5261,2741.355,948.355
CSCO,1778527202000,1778527203510,1778527203511,1779437330892,1778527218866,1778527207747.002,1510,1,910127381,15355,4236.002,16866,15356,5747.002,4237.002
CSCO,1778527208000,1778527209626,1778527209626,1779437330892,1778527218867,1778527209748.368,1626,0,910121266,9241,122.368,10867,9241,1748.368,122.368
CSCO,1778527209000,1778527210743,1778527210743,1779437330892,1778527218867,1778527211749.922,1743,0,910120149,8124,1006.922,9867,8124,2749.922,1006.922
CSCO,1778527210000,1778527212756,1778527212756,1779437330892,1778527218867,1778527215954.593,2756,0,910118136,6111,3198.593,8867,6111,5954.593,3198.593
CSCO,1778527216000,1778527216739,1778527216740,1779437330892,1778527230877,1778527224964.134,739,1,910114152,14137,8224.134,14877,14138,8964.134,8225.134
CSCO,1778527224000,1778527225869,1778527225869,1779437330893,1778527230877,1778527225965.217,1869,0,910105024,5008,96.217,6877,5008,1965.217,96.217
CSCO,1778527225000,1778527226703,1778527226703,1779437330893,1778527230877,1778527229968.843,1703,0,910104190,4174,3265.843,5877,4174,4968.843,3265.843
CSCO,1778527229000,1778527230710,1778527230710,1779437330893,1778527230795,1778527230783.373,1710,0,910100183,85,73.373,1795,85,1783.373,73.373
CSCO,1778527230000,1778527231748,1778527231748,1779437330893,1778527242808,1778527234974.118,1748,0,910099145,11060,3226.118,12808,11060,4974.118,3226.118
CSCO,1778527234000,1778527235741,1778527235741,1779437330893,1778527242808,1778527235874.563,1741,0,910095152,7067,133.563,8808,7067,1874.563,133.563
CSCO,1778527236000,1778527236725,1778527236725,1779437330894,1778527242808,1778527239979.253,725,0,910094169,6083,3254.253,6808,6083,3979.253,3254.253
CSCO,1778527239000,1778527240692,1778527240692,1779437330894,1778527242806,1778527240779.557,1692,0,910090202,2114,87.557,3806,2114,1779.557,87.557
CSCO,1778527240000,1778527241736,1778527241737,1779437330894,1778527255102,1778527242881.461,1736,1,910089157,13365,1144.461,15102,13366,2881.461,1145.461
CSCO,1778527242000,1778527243732,1778527243732,1779437330894,1778527255102,1778527243881.864,1732,0,910087162,11370,149.864,13102,11370,1881.864,149.864
CSCO,1778527243000,1778527244762,1778527244763,1779437330894,1778527255115,1778527244883.168,1762,1,910086131,10352,120.168,12115,10353,1883.168,121.168
CSCO,1778527245000,1778527245675,1778527245675,1779437330894,1778527255115,1778527249788.089,675,0,910085219,9440,4113.089,10115,9440,4788.089,4113.089
CSCO,1778527249000,1778527250881,1778527250881,1779437330895,1778527255115,1778527250988.869,1881,0,910080014,4234,107.869,6115,4234,1988.869,107.869
CSCO,1778527250000,1778527251668,1778527251668,1779437330895,1778527255115,1778527253891.858,1668,0,910079227,3447,2223.858,5115,3447,3891.858,2223.858
CSCO,1778527252000,1778527254750,1778527254750,1779437330895,1778527255115,1778527254893.327,2750,0,910076145,365,143.327,3115,365,2893.327,143.327
CSCO,1778527255000,1778527255762,1778527255762,1779437330895,1778527266815,1778527256974.831,762,0,910075133,11053,1212.831,11815,11053,1974.831,1212.831
CSCO,1778527256000,1778527257709,1778527257709,1779437330895,1778527266815,1778527257995.968,1709,0,910073186,9106,286.968,10815,9106,1995.968,286.968
CSCO,1778527258000,1778527260045,1778527260046,1779437330895,1778527266815,1778527260398.486,2045,1,910070849,6769,352.486,8815,6770,2398.486,353.486
CSCO,1778527259000,1778527260842,1778527260842,1779437330895,1778527266814,1778527260999.826,1842,0,910070053,5972,157.826,7814,5972,1999.826,157.826
CSCO,1778527260000,1778527261949,1778527261949,1779437330895,1778527266815,1778527262200.414,1949,0,910068946,4866,251.414,6815,4866,2200.414,251.414
CSCO,1778527262000,1778527262811,1778527262811,1779437330895,1778527266814,1778527263201.782,811,0,910068084,4003,390.782,4814,4003,1201.782,390.782
CSCO,1778527263000,1778527263785,1778527263785,1779437330895,1778527266815,1778527265904.561,785,0,910067110,3030,2119.561,3815,3030,2904.561,2119.561
CSCO,1778527265000,1778527266938,1778527266938,1779437330896,1778527278927,1778527267006.279,1938,0,910063958,11989,68.279,13927,11989,2006.279,68.279
CSCO,1778527266000,1778527267717,1778527267717,1779437330896,1778527278927,1778527270809.566,1717,0,910063179,11210,3092.566,12927,11210,4809.566,3092.566
CSCO,1778527270000,1778527271788,1778527271788,1779437330896,1778527278927,1778527273912.15,1788,0,910059108,7139,2124.15,8927,7139,3912.15,2124.15
CSCO,1778527273000,1778527274970,1778527274970,1779437330896,1778527278927,1778527277802.077,1970,0,910055926,3957,2832.077,5927,3957,4802.077,2832.077
CSCO,1778527277000,1778527278755,1778527278755,1779437330896,1778527278927,1778527278817.398,1755,0,910052141,172,62.398,1927,172,1817.398,62.398
CSCO,1778527278000,1778527279750,1778527279751,1779437330897,1778527291346,1778527280018.409,1750,1,910051146,11595,267.409,13346,11596,2018.409,268.409
CSCO,1778527280000,1778527280737,1778527280737,1779437330897,1778527291346,1778527285825.124,737,0,910050160,10609,5088.124,11346,10609,5825.124,5088.124
CSCO,1778527285000,1778527286894,1778527286894,1779437330897,1778527291346,1778527287026.827,1894,0,910044003,4452,132.827,6346,4452,2026.827,132.827
CSCO,1778527286000,1778527288766,1778527288767,1779437330897,1778527304055,1778527294810.809,2766,1,910042130,15288,6043.809,18055,15289,8810.809,6044.809
CSCO,1778527294000,1778527295800,1778527295800,1779437330897,1778527304055,1778527295936.409,1800,0,910035097,8255,136.409,10055,8255,1936.409,136.409
CSCO,1778527295000,1778527296729,1778527296729,1779437330897,1778527304055,1778527296837.757,1729,0,910034168,7326,108.757,9055,7326,1837.757,108.757
CSCO,1778527297000,1778527297800,1778527297800,1779437330898,1778527304055,1778527302843.868,800,0,910033098,6255,5043.868,7055,6255,5843.868,5043.868
CSCO,1778527303000,1778527303806,1778527303807,1779437330898,1778527316866,1778527307247.905,806,1,910027091,13059,3440.905,13866,13060,4247.905,3441.905
CSCO,1778527306000,1778527307807,1778527307808,1779437330898,1778527316866,1778527311853.173,1807,1,910023090,9058,4045.173,10866,9059,5853.173,4046.173
CSCO,1778527312000,1778527312777,1778527312777,1779437330898,1778527316866,1778527315055.401,777,0,910018121,4089,2278.401,4866,4089,3055.401,2278.401
CSCO,1778527315000,1778527315745,1778527315745,1779437330899,1778527329277,1778527316957.381,745,0,910015154,13532,1212.381,14277,13532,1957.381,1212.381
CSCO,1778527317000,1778527318816,1778527318816,1779437330899,1778527329277,1778527319059.603,1816,0,910012083,10461,243.603,12277,10461,2059.603,243.603
CSCO,1778527319000,1778527322092,1778527322092,1779437330899,1778527329277,1778527323972.829,3092,0,910008807,7185,1880.829,10277,7185,4972.829,1880.829
CSCO,1778527323000,1778527324714,1778527324715,1779437330899,1778527329277,1778527324840.643,1714,1,910006184,4562,125.643,6277,4563,1840.643,126.643
CSCO,1778527325000,1778527325913,1778527325913,1779437330899,1778527341990,1778527330971.806,913,0,910004986,16077,5058.806,16990,16077,5971.806,5058.806
CSCO,1778527330000,1778527331728,1778527331728,1779437330899,1778527341990,1778527331872.371,1728,0,909999171,10262,144.371,11990,10262,1872.371,144.371
CSCO,1778527331000,1778527332795,1778527332795,1779437330899,1778527341990,1778527341081.91,1795,0,909998104,9195,8286.91,10990,9195,10081.91,8286.91
CSCO,1778527340000,1778527341867,1778527341867,1779437330900,1778527354207,1778527345085.762,1867,0,909989033,12340,3218.762,14207,12340,5085.762,3218.762
CSCO,1778527344000,1778527345857,1778527345857,1779437330900,1778527354207,1778527346087.134,1857,0,909985043,8350,230.134,10207,8350,2087.134,230.134
CSCO,1778527345000,1778527347014,1778527347014,1779437330900,1778527366250,1778527358100.454,2014,0,909983886,19236,11086.454,21250,19236,13100.454,11086.454
CSCO,1778527357000,1778527358785,1778527358785,1779437330901,1778527366250,1778527358899.8,1785,0,909972116,7465,114.8,9250,7465,1899.8,114.8
CSCO,1778527358000,1778527359992,1778527359992,1779437330901,1778527366250,1778527360101.084,1992,0,909970909,6258,109.084,8250,6258,2101.084,109.084
CSCO,1778527359000,1778527360797,1778527360797,1779437330901,1778527366250,1778527362103.882,1797,0,909970104,5453,1306.882,7250,5453,3103.882,1306.882
CSCO,1778527362000,1778527362827,1778527362827,1779437330901,1778527366250,1778527362903.504,827,0,909968074,3423,76.504,4250,3423,903.504,76.504
CSCO,1778527363000,1778527363844,1778527363844,1779437330901,1778527366250,1778527365106.655,844,0,909967057,2406,1262.655,3250,2406,2106.655,1262.655
CSCO,1778527365000,1778527365882,1778527365882,1779437330902,1778527366250,1778527366106.372,882,0,909965020,368,224.372,1250,368,1106.372,224.372
CSCO,1778527366000,1778527367795,1778527367795,1779437330902,1778527379033,1778527367908.034,1795,0,909963107,11238,113.034,13033,11238,1908.034,113.034
CSCO,1778527367000,1778527368891,1778527368891,1779437330902,1778527379033,1778527371912.104,1891,0,909962011,10142,3021.104,12033,10142,4912.104,3021.104
CSCO,1778527371000,1778527372910,1778527372910,1779437330902,1778527379033,1778527373013.393,1910,0,909957992,6123,103.393,8033,6123,2013.393,103.393
CSCO,1778527373000,1778527373839,1778527373839,1779437330902,1778527379033,1778527375115.452,839,0,909957063,5194,1276.452,6033,5194,2115.452,1276.452
CSCO,1778527374000,1778527375897,1778527375898,1779437330902,1778527379033,1778527376116.15,1897,1,909955004,3135,218.15,5033,3136,2116.15,219.15
CSCO,1778527376000,1778527376967,1778527376967,1779437330902,1778527379033,1778527377917.79,967,0,909953935,2066,950.79,3033,2066,1917.79,950.79
CSCO,1778527377000,1778527379095,1778527379095,1779437330902,1778527391043,1778527379219.396,2095,0,909951807,11948,124.396,14043,11948,2219.396,124.396
CSCO,1778527379000,1778527379827,1778527379827,1779437330902,1778527391043,1778527381021.067,827,0,909951075,11216,1194.067,12043,11216,2021.067,1194.067
CSCO,1778527380000,1778527382107,1778527382107,1779437330902,1778527391043,1778527382188.05,2107,0,909948795,8936,81.05,11043,8936,2188.05,81.05
CSCO,1778527382000,1778527382853,1778527382853,1779437330903,1778527391043,1778527388227.371,853,0,909948050,8190,5374.371,9043,8190,6227.371,5374.371
CSCO,1778527387000,1778527388855,1778527388855,1779437330903,1778527391043,1778527388927.996,1855,0,909942048,2188,72.996,4043,2188,1927.996,72.996
CSCO,1778527388000,1778527389878,1778527389878,1779437330903,1778527403457,1778527391931.189,1878,0,909941025,13579,2053.189,15457,13579,3931.189,2053.189
CSCO,1778527392000,1778527392960,1778527392960,1779437330903,1778527403457,1778527394233.66,960,0,909937943,10497,1273.66,11457,10497,2233.66,1273.66
CSCO,1778527393000,1778527395133,1778527395133,1779437330903,1778527403454,1778527396119.733,2133,0,909935770,8321,986.733,10454,8321,3119.733,986.733
CSCO,1778527395000,1778527396975,1778527396975,1779437330903,1778527415367,1778527407846.766,1975,0,909933928,18392,10871.766,20367,18392,12846.766,10871.766
CSCO,1778527398000,1778527399845,1778527399845,1779437330904,1778527403457,1778527399939.174,1845,0,909931059,3612,94.174,5457,3612,1939.174,94.174
CSCO,1778527399000,1778527400925,1778527400925,1779437330904,1778527415367,1778527407547.122,1925,0,909929979,14442,6622.122,16367,14442,8547.122,6622.122
CSCO,1778527402000,1778527403907,1778527403908,1779437330904,1778527415367,1778527408047.521,1907,1,909926996,11459,4139.521,13367,11460,6047.521,4140.521
CSCO,1778527408000,1778527408951,1778527408951,1779437330904,1778527415367,1778527410949.909,951,0,909921953,6416,1998.909,7367,6416,2949.909,1998.909
CSCO,1778527410000,1778527412371,1778527412371,1779437330904,1778527427381,1778527419159.22,2371,0,909918533,15010,6788.22,17381,15010,9159.22,6788.22
CSCO,1778527418000,1778527419970,1778527419970,1779437330905,1778527427381,1778527420048.464,1970,0,909910935,7411,78.464,9381,7411,2048.464,78.464
CSCO,1778527419000,1778527421054,1778527421054,1779437330905,1778527427378,1778527421160.842,2054,0,909909851,6324,106.842,8378,6324,2160.842,106.842
CSCO,1778527420000,1778527421948,1778527421948,1779437330905,1778527427381,1778527422963.412,1948,0,909908957,5433,1015.412,7381,5433,2963.412,1015.412
CSCO,1778527423000,1778527424082,1778527424082,1779437330905,1778527427381,1778527424964.685,1082,0,909906823,3299,882.685,4381,3299,1964.685,882.685
CSCO,1778527424000,1778527425911,1778527425911,1779437330905,1778527427381,1778527427266.675,1911,0,909904994,1470,1355.675,3381,1470,3266.675,1355.675
CSCO,1778527427000,1778527428068,1778527428068,1779437330905,1778527439079,1778527429269.608,1068,0,909902837,11011,1201.608,12079,11011,2269.608,1201.608
CSCO,1778527428000,1778527429952,1778527429953,1779437330906,1778527439079,1778527430026.388,1952,1,909900953,9126,73.388,11079,9127,2026.388,74.388
CSCO,1778527429000,1778527430893,1778527430893,1779437330906,1778527439079,1778527430970.398,1893,0,909900013,8186,77.398,10079,8186,1970.398,77.398
CSCO,1778527430000,1778527431929,1778527431930,1779437330906,1778527439079,1778527435075.155,1929,1,909898976,7149,3145.155,9079,7150,5075.155,3146.155
CSCO,1778527435000,1778527437150,1778527437150,1779437330906,1778527451204,1778527439078.523,2150,0,909893756,14054,1928.523,16204,14054,4078.523,1928.523
CSCO,1778527438000,1778527439939,1778527439939,1779437330906,1778527451204,1778527448287.744,1939,0,909890967,11265,8348.744,13204,11265,10287.744,8348.744
CSCO,1778527448000,1778527448984,1778527448984,1779437330907,1778527451204,1778527451092.047,984,0,909881923,2220,2108.047,3204,2220,3092.047,2108.047
CSCO,1778527450000,1778527451982,1778527451983,1779437330907,1778527463315,1778527452192.094,1982,1,909878924,11332,209.094,13315,11333,2192.094,210.094
CSCO,1778527452000,1778527452991,1778527452991,1779437330907,1778527463315,1778527455095.582,991,0,909877916,10324,2104.582,11315,10324,3095.582,2104.582
CSCO,1778527455000,1778527456048,1778527456049,1779437330907,1778527463315,1778527460000.278,1048,1,909874858,7266,3951.278,8315,7267,5000.278,3952.278
CSCO,1778527458000,1778527461155,1778527461155,1779437330907,1778527463315,1778527461301.8,3155,0,909869752,2160,146.8,5315,2160,3301.8,146.8
CSCO,1778527460000,1778527461947,1778527461947,1779437330908,1778527463315,1778527462102.215,1947,0,909868961,1368,155.215,3315,1368,2102.215,155.215
CSCO,1778527462000,1778527463028,1778527463028,1779437330908,1778527475029,1778527465205.423,1028,0,909867880,12001,2177.423,13029,12001,3205.423,2177.423
CSCO,1778527464000,1778527465943,1778527465944,1779437330908,1778527475029,1778527468064.222,1943,1,909864964,9085,2120.222,11029,9086,4064.222,2121.222
CSCO,1778527467000,1778527469167,1778527469167,1779437330908,1778527475029,1778527472111.947,2167,0,909861741,5862,2944.947,8029,5862,5111.947,2944.947
CSCO,1778527471000,1778527473147,1778527473147,1779437330908,1778527475029,1778527473213.876,2147,0,909857761,1882,66.876,4029,1882,2213.876,66.876
CSCO,1778527472000,1778527473962,1778527473963,1779437330908,1778527486644,1778527475215.198,1962,1,909856945,12681,1252.198,14644,12682,3215.198,1253.198
CSCO,1778527474000,1778527476041,1778527476041,1779437330908,1778527486645,1778527481020.94,2041,0,909854867,10604,4979.94,12645,10604,7020.94,4979.94
CSCO,1778527480000,1778527481964,1778527481964,1779437330909,1778527486645,1778527482021.558,1964,0,909848945,4681,57.558,6645,4681,2021.558,57.558
CSCO,1778527481000,1778527482970,1778527482970,1779437330909,1778527486645,1778527485125.487,1970,0,909847939,3675,2155.487,5645,3675,4125.487,2155.487
CSCO,1778527485000,1778527486033,1778527486033,1779437330909,1778527486645,1778527486126.276,1033,0,909844876,612,93.276,1645,612,1126.276,93.276
CSCO,1778527486000,1778527487067,1778527487067,1779437330909,1778527498253,1778527488228.167,1067,0,909843842,11186,1161.167,12253,11186,2228.167,1161.167
CSCO,1778527487000,1778527489008,1778527489008,1779437330909,1778527498253,1778527489110.655,2008,0,909841901,9245,102.655,11253,9245,2110.655,102.655
CSCO,1778527489000,1778527490047,1778527490047,1779437330909,1778527498253,1778527493056.315,1047,0,909840862,8206,3009.315,9253,8206,4056.315,3009.315
CSCO,1778527492000,1778527494050,1778527494050,1779437330910,1778527498252,1778527495336.562,2050,0,909836860,4202,1286.562,6252,4202,3336.562,1286.562
CSCO,1778527495000,1778527496012,1778527496012,1779437330910,1778527498253,1778527496237.239,1012,0,909834898,2241,225.239,3253,2241,1237.239,225.239
CSCO,1778527496000,1778527497041,1778527497041,1779437330910,1778527498253,1778527498038.577,1041,0,909833869,1212,997.577,2253,1212,2038.577,997.577
CSCO,1778527499000,1778527499957,1778527499957,1779437330910,1778527509562,1778527502443.236,957,0,909830953,9605,2486.236,10562,9605,3443.236,2486.236
CSCO,1778527502000,1778527503240,1778527503240,1779437330910,1778527509562,1778527505246.566,1240,0,909827670,6322,2006.566,7562,6322,3246.566,2006.566
CSCO,1778527504000,1778527506103,1778527506103,1779437330910,1778527509562,1778527507034.199,2103,0,909824807,3459,931.199,5562,3459,3034.199,931.199
CSCO,1778527507000,1778527507946,1778527507946,1779437330911,1778527509562,1778527509151.006,946,0,909822965,1616,1205.006,2562,1616,2151.006,1205.006
CSCO,1778527508000,1778527509960,1778527509960,1779437330911,1778527522080,1778527510051.548,1960,0,909820951,12120,91.548,14080,12120,2051.548,91.548
CSCO,1778527510000,1778527511985,1778527511985,1779437330911,1778527522080,1778527512057.737,1985,0,909818926,10095,72.737,12080,10095,2057.737,72.737
CSCO,1778527511000,1778527512979,1778527512979,1779437330911,1778527522078,1778527513054.501,1979,0,909817932,9099,75.501,11078,9099,2054.501,75.501
CSCO,1778527512000,1778527514009,1778527514009,1779437330911,1778527522080,1778527514356.212,2009,0,909816902,8071,347.212,10080,8071,2356.212,347.212
CSCO,1778527514000,1778527515190,1778527515190,1779437330911,1778527522080,1778527515257.179,1190,0,909815721,6890,67.179,8080,6890,1257.179,67.179
CSCO,1778527515000,1778527516042,1778527516042,1779437330911,1778527522080,1778527517258.206,1042,0,909814869,6038,1216.206,7080,6038,2258.206,1216.206
CSCO,1778527517000,1778527518039,1778527518039,1779437330911,1778527522080,1778527521162.84,1039,0,909812872,4041,3123.84,5080,4041,4162.84,3123.84
CSCO,1778527521000,1778527522997,1778527522997,1779437330911,1778527534190,1778527523364.154,1997,0,909807914,11193,367.154,13190,11193,2364.154,367.154
CSCO,1778527522000,1778527524270,1778527524270,1779437330912,1778527534190,1778527526168.178,2270,0,909806642,9920,1898.178,12190,9920,4168.178,1898.178
CSCO,1778527525000,1778527526996,1778527526996,1779437330912,1778527534190,1778527533276.066,1996,0,909803916,7194,6280.066,9190,7194,8276.066,6280.066
CSCO,1778527532000,1778527534019,1778527534019,1779437330912,1778527545702,1778527535277.519,2019,0,909796893,11683,1258.519,13702,11683,3277.519,1258.519
CSCO,1778527536000,1778527536945,1778527536945,1779437330912,1778527545702,1778527540082.85,945,0,909793967,8757,3137.85,9702,8757,4082.85,3137.85
CSCO,1778527540000,1778527540965,1778527540965,1779437330913,1778527545702,1778527542084.72,965,0,909789948,4737,1119.72,5702,4737,2084.72,1119.72
CSCO,1778527541000,1778527543007,1778527543008,1779437330913,1778527545702,1778527544088.75,2007,1,909787905,2694,1080.75,4702,2695,3088.75,1081.75
CSCO,1778527543000,1778527545304,1778527545304,1779437330913,1778527545702,1778527545389.261,2304,0,909785609,398,85.261,2702,398,2389.261,85.261
CSCO,1778527545000,1778527546049,1778527546049,1779437330913,1778527558105,1778527551394.392,1049,0,909784864,12056,5345.392,13105,12056,6394.392,5345.392
CSCO,1778527552000,1778527553046,1778527553046,1779437330913,1778527558105,1778527553195.901,1046,0,909777867,5059,149.901,6105,5059,1195.901,149.901
CSCO,1778527553000,1778527555206,1778527555206,1779437330914,1778527558105,1778527555298.994,2206,0,909775708,2899,92.994,5105,2899,2298.994,92.994
CSCO,1778527555000,1778527556056,1778527556056,1779437330914,1778527558102,1778527557400.585,1056,0,909774858,2046,1344.585,3102,2046,2400.585,1344.585
CSCO,1778527557000,1778527558055,1778527558055,1779437330914,1778527569325,1778527559201.799,1055,0,909772859,11270,1146.799,12325,11270,2201.799,1146.799
CSCO,1778527558000,1778527560202,1778527560202,1779437330914,1778527569325,1778527567210.705,2202,0,909770712,9123,7008.705,11325,9123,9210.705,7008.705
CSCO,1778527566000,1778527568150,1778527568150,1779437330914,1778527582139,1778527573215.716,2150,0,909762764,13989,5065.716,16139,13989,7215.716,5065.716
CSCO,1778527572000,1778527574012,1778527574012,1779437330915,1778527582139,1778527574116.797,2012,0,909756903,8127,104.797,10139,8127,2116.797,104.797
CSCO,1778527573000,1778527575252,1778527575252,1779437330915,1778527582139,1778527577421.055,2252,0,909755663,6887,2169.055,9139,6887,4421.055,2169.055
CSCO,1778527576000,1778527578009,1778527578010,1779437330915,1778527582139,1778527578120.453,2009,1,909752905,4129,110.453,6139,4130,2120.453,111.453
CSCO,1778527578000,1778527580060,1778527580060,1779437330915,1778527582139,1778527580323.236,2060,0,909750855,2079,263.236,4139,2079,2323.236,263.236
CSCO,1778527579000,1778527581130,1778527581130,1779437330915,1778527594451,1778527584247.547,2130,0,909749785,13321,3117.547,15451,13321,5247.547,3117.547
CSCO,1778527584000,1778527585147,1778527585147,1779437330915,1778527594451,1778527589173.691,1147,0,909745768,9304,4026.691,10451,9304,5173.691,4026.691
CSCO,1778527590000,1778527591263,1778527591263,1779437330916,1778527606565,1778527596239.302,1263,0,909739653,15302,4976.302,16565,15302,6239.302,4976.302
CSCO,1778527596000,1778527597222,1778527597222,1779437330916,1778527606565,1778527598140.348,1222,0,909733694,9343,918.348,10565,9343,2140.348,918.348
CSCO,1778527597000,1778527599019,1778527599019,1779437330916,1778527606565,1778527600242.922,2019,0,909731897,7546,1223.922,9565,7546,3242.922,1223.922
CSCO,1778527600000,1778527601050,1778527601050,1779437330916,1778527606565,1778527603445.632,1050,0,909729866,5515,2395.632,6565,5515,3445.632,2395.632
CSCO,1778527603000,1778527604082,1778527604083,1779437330917,1778527618476,1778527607350.415,1082,1,909726834,14393,3267.415,15476,14394,4350.415,3268.415
CSCO,1778527606000,1778527608092,1778527608092,1779437330917,1778527618476,1778527608168.901,2092,0,909722825,10384,76.901,12476,10384,2168.901,76.901
CSCO,1778527608000,1778527610126,1778527610126,1779437330917,1778527618476,1778527610353.772,2126,0,909720791,8350,227.772,10476,8350,2353.772,227.772
CSCO,1778527609000,1778527611260,1778527611260,1779437330917,1778527618477,1778527613356.756,2260,0,909719657,7217,2096.756,9477,7217,4356.756,2096.756
CSCO,1778527613000,1778527614021,1778527614021,1779437330917,1778527618477,1778527618362.622,1021,0,909716896,4456,4341.622,5477,4456,5362.622,4341.622
CSCO,1778527617000,1778527619131,1778527619131,1779437330917,1778527629589,1778527621263.234,2131,0,909711786,10458,2132.234,12589,10458,4263.234,2132.234
CSCO,1778527620000,1778527622317,1778527622317,1779437330918,1778527629589,1778527622467.333,2317,0,909708601,7272,150.333,9589,7272,2467.333,150.333
CSCO,1778527621000,1778527623291,1778527623291,1779437330918,1778527629533,1778527623368.929,2291,0,909707627,6242,77.929,8533,6242,2368.929,77.929
CSCO,1778527624000,1778527625135,1778527625135,1779437330918,1778527629589,1778527625270.332,1135,0,909705783,4454,135.332,5589,4454,1270.332,135.332
CSCO,1778527625000,1778527626274,1778527626274,1779437330918,1778527629589,1778527626372.437,1274,0,909704644,3315,98.437,4589,3315,1372.437,98.437
CSCO,1778527626000,1778527627111,1778527627111,1779437330918,1778527629589,1778527628274.836,1111,0,909703807,2478,1163.836,3589,2478,2274.836,1163.836
CSCO,1778527628000,1778527629136,1778527629136,1779437330918,1778527629533,1778527629276.315,1136,0,909701782,397,140.315,1533,397,1276.315,140.315
CSCO,1778527629000,1778527630169,1778527630169,1779437330918,1778527641401,1778527630277.181,1169,0,909700749,11232,108.181,12401,11232,1277.181,108.181
CSCO,1778527630000,1778527631141,1778527631141,1779437330918,1778527641401,1778527631277.559,1141,0,909699777,10260,136.559,11401,10260,1277.559,136.559
CSCO,1778527631000,1778527632168,1778527632168,1779437330918,1778527641401,1778527632278.625,1168,0,909698750,9233,110.625,10401,9233,1278.625,110.625
CSCO,1778527633000,1778527634170,1778527634170,1779437330918,1778527641401,1778527634281.459,1170,0,909696748,7231,111.459,8401,7231,1281.459,111.459
CSCO,1778527634000,1778527635190,1778527635190,1779437330918,1778527641401,1778527636283.407,1190,0,909695728,6211,1093.407,7401,6211,2283.407,1093.407
CSCO,1778527635000,1778527637112,1778527637112,1779437330919,1778527641401,1778527637183.336,2112,0,909693807,4289,71.336,6401,4289,2183.336,71.336
CSCO,1778527636000,1778527638342,1778527638342,1779437330919,1778527641401,1778527638485.279,2342,0,909692577,3059,143.279,5401,3059,2485.279,143.279
CSCO,1778527638000,1778527640144,1778527640144,1779437330919,1778527653317,1778527641588.704,2144,0,909690775,13173,1444.704,15317,13173,3588.704,1444.704
CSCO,1778527640000,1778527642145,1778527642145,1779437330919,1778527653318,1778527646292.613,2145,0,909688774,11173,4147.613,13318,11173,6292.613,4147.613
CSCO,1778527646000,1778527647219,1778527647219,1779437330919,1778527653318,1778527647294.934,1219,0,909683700,6099,75.934,7318,6099,1294.934,75.934
CSCO,1778527647000,1778527648190,1778527648190,1779437330919,1778527653318,1778527648335.836,1190,0,909682729,5128,145.836,6318,5128,1335.836,145.836
CSCO,1778527648000,1778527649562,1778527649562,1779437330919,1778527653318,1778527650396.936,1562,0,909681357,3756,834.936,5318,3756,2396.936,834.936
CSCO,1778527649000,1778527651196,1778527651196,1779437330919,1778527653317,1778527651298.208,2196,0,909679723,2121,102.208,4317,2121,2298.208,102.208
CSCO,1778527650000,1778527651377,1778527651377,1779437330920,1778527653318,1778527651497.696,1377,0,909679543,1941,120.696,3318,1941,1497.696,120.696
CSCO,1778527651000,1778527652109,1778527652109,1779437330920,1778527653318,1778527652198.267,1109,0,909678811,1209,89.267,2318,1209,1198.267,89.267
CSCO,1778527652000,1778527653263,1778527653263,1779437330920,1778527664631,1778527653403.495,1263,0,909677657,11368,140.495,12631,11368,1403.495,140.495
CSCO,1778527653000,1778527654284,1778527654284,1779437330920,1778527664631,1778527654404.143,1284,0,909676636,10347,120.143,11631,10347,1404.143,120.143
CSCO,1778527654000,1778527655421,1778527655421,1779437330920,1778527664631,1778527659410.088,1421,0,909675499,9210,3989.088,10631,9210,5410.088,3989.088
CSCO,1778527659000,1778527660184,1778527660184,1779437330920,1778527664631,1778527660510.884,1184,0,909670736,4447,326.884,5631,4447,1510.884,326.884
CSCO,1778527660000,1778527661331,1778527661331,1779437330920,1778527664631,1778527663213.646,1331,0,909669589,3300,1882.646,4631,3300,3213.646,1882.646
CSCO,1778527662000,1778527664128,1778527664128,1779437330920,1778527676653,1778527665315.965,2128,0,909666792,12525,1187.965,14653,12525,3315.965,1187.965
CSCO,1778527665000,1778527666243,1778527666243,1779437330920,1778527676657,1778527667356.084,1243,0,909664677,10414,1113.084,11657,10414,2356.084,1113.084
CSCO,1778527667000,1778527668137,1778527668137,1779437330921,1778527676657,1778527673323.277,1137,0,909662784,8520,5186.277,9657,8520,6323.277,5186.277
CSCO,1778527672000,1778527674196,1778527674196,1779437330921,1778527676657,1778527674313.163,2196,0,909656725,2461,117.163,4657,2461,2313.163,117.163
CSCO,1778527674000,1778527675214,1778527675214,1779437330921,1778527676657,1778527676326.632,1214,0,909655707,1443,1112.632,2657,1443,2326.632,1112.632
CSCO,1778527676000,1778527677168,1778527677168,1779437330921,1778527689309,1778527680330.815,1168,0,909653753,12141,3162.815,13309,12141,4330.815,3162.815
CSCO,1778527680000,1778527681494,1778527681494,1779437330922,1778527689309,1778527682432.171,1494,0,909649428,7815,938.171,9309,7815,2432.171,938.171
CSCO,1778527681000,1778527683302,1778527683302,1779437330922,1778527689309,1778527685335.497,2302,0,909647620,6007,2033.497,8309,6007,4335.497,2033.497
CSCO,1778527684000,1778527686301,1778527686301,1779437330922,1778527689309,1778527688337.893,2301,0,909644621,3008,2036.893,5309,3008,4337.893,2036.893
CSCO,1778527688000,1778527689387,1778527689387,1779437330922,1778527700445,1778527689539.055,1387,0,909641535,11058,152.055,12445,11058,1539.055,152.055
CSCO,1778527689000,1778527690385,1778527690385,1779437330922,1778527700367,1778527692441.99,1385,0,909640537,9982,2056.99,11367,9982,3441.99,2056.99
CSCO,1778527692000,1778527693224,1778527693224,1779437330922,1778527700367,1778527694544.767,1224,0,909637698,7143,1320.767,8367,7143,2544.767,1320.767
CSCO,1778527694000,1778527695268,1778527695268,1779437330922,1778527700367,1778527695346.107,1268,0,909635654,5099,78.107,6367,5099,1346.107,78.107
CSCO,1778527695000,1778527696279,1778527696279,1779437330923,1778527700445,1778527696345.628,1279,0,909634644,4166,66.628,5445,4166,1345.628,66.628
CSCO,1778527696000,1778527697366,1778527697366,1779437330923,1778527700367,1778527697448.245,1366,0,909633557,3001,82.245,4367,3001,1448.245,82.245
CSCO,1778527697000,1778527698539,1778527698540,1779437330923,1778527700445,1778527698648.97,1539,1,909632383,1905,108.97,3445,1906,1648.97,109.97
CSCO,1778527698000,1778527699327,1778527699327,1779437330923,1778527700367,1778527699549.931,1327,0,909631596,1040,222.931,2367,1040,1549.931,222.931
CSCO,1778527699000,1778527700213,1778527700213,1779437330923,1778527711578,1778527702452.175,1213,0,909630710,11365,2239.175,12578,11365,3452.175,2239.175
CSCO,1778527701000,1778527703278,1778527703278,1779437330923,1778527711577,1778527703353.504,2278,0,909627645,8299,75.504,10577,8299,2353.504,75.504
CSCO,1778527703000,1778527704234,1778527704235,1779437330923,1778527711578,1778527704354.397,1234,1,909626688,7343,119.397,8578,7344,1354.397,120.397
CSCO,1778527704000,1778527705401,1778527705401,1779437330923,1778527711578,1778527705546.092,1401,0,909625522,6177,145.092,7578,6177,1546.092,145.092
CSCO,1778527705000,1778527706414,1778527706414,1779437330923,1778527711578,1778527706502.308,1414,0,909624509,5164,88.308,6578,5164,1502.308,88.308
CSCO,1778527706000,1778527707269,1778527707269,1779437330923,1778527711578,1778527709360.087,1269,0,909623654,4309,2091.087,5578,4309,3360.087,2091.087
CSCO,1778527709000,1778527710249,1778527710249,1779437330924,1778527711577,1778527716366.431,1249,0,909620675,1328,6117.431,2577,1328,7366.431,6117.431
CSCO,1778527716000,1778527717253,1778527717254,1779437330924,1778527723590,1778527719269.884,1253,1,909613670,6336,2015.884,7590,6337,3269.884,2016.884
CSCO,1778527719000,1778527720391,1778527720391,1779437330924,1778527723590,1778527722446.355,1391,0,909610533,3199,2055.355,4590,3199,3446.355,2055.355
CSCO,1778527721000,1778527723195,1778527723195,1779437330924,1778527723590,1778527723273.397,2195,0,909607729,395,78.397,2590,395,2273.397,78.397
CSCO,1778527722000,1778527724210,1778527724210,1779437330924,1778527735601,1778527725476.348,2210,0,909606714,11391,1266.348,13601,11391,3476.348,1266.348
CSCO,1778527724000,1778527726284,1778527726284,1779437330925,1778527735601,1778527726377.544,2284,0,909604641,9317,93.544,11601,9317,2377.544,93.544
CSCO,1778527726000,1778527727435,1778527727435,1779437330925,1778527735601,1778527728278.902,1435,0,909603490,8166,843.902,9601,8166,2278.902,843.902
CSCO,1778527727000,1778527729434,1778527729434,1779437330925,1778527735601,1778527729546.413,2434,0,909601491,6167,112.413,8601,6167,2546.413,112.413
CSCO,1778527729000,1778527730255,1778527730255,1779437330925,1778527735601,1778527731582.461,1255,0,909600670,5346,1327.461,6601,5346,2582.461,1327.461
CSCO,1778527731000,1778527732389,1778527732389,1779437330925,1778527735601,1778527734484.655,1389,0,909598536,3212,2095.655,4601,3212,3484.655,2095.655
CSCO,1778527733000,1778527735228,1778527735229,1779437330925,1778527735601,1778527735285.213,2228,1,909595696,372,56.213,2601,373,2285.213,57.213
CSCO,1778527734000,1778527736261,1778527736261,1779437330925,1778527746415,1778527737545.799,2261,0,909594664,10154,1284.799,12415,10154,3545.799,1284.799
CSCO,1778527737000,1778527738213,1778527738213,1779437330925,1778527746415,1778527740291.128,1213,0,909592712,8202,2078.128,9415,8202,3291.128,2078.128
CSCO,1778527740000,1778527741319,1778527741319,1779437330926,1778527746415,1778527741591.822,1319,0,909589607,5096,272.822,6415,5096,1591.822,272.822
CSCO,1778527741000,1778527742464,1778527742464,1779437330926,1778527746415,1778527742593.623,1464,0,909588462,3951,129.623,5415,3951,1593.623,129.623
CSCO,1778527742000,1778527744300,1778527744300,1779437330926,1778527746413,1778527744462.157,2300,0,909586626,2113,162.157,4413,2113,2462.157,162.157
CSCO,1778527743000,1778527745255,1778527745255,1779437330926,1778527746413,1778527745395.713,2255,0,909585671,1158,140.713,3413,1158,2395.713,140.713
CSCO,1778527745000,1778527746340,1778527746340,1779437330926,1778527758423,1778527746547.306,1340,0,909584586,12083,207.306,13423,12083,1547.306,207.306
CSCO,1778527746000,1778527747276,1778527747277,1779437330926,1778527758423,1778527750599.946,1276,1,909583649,11146,3322.946,12423,11147,4599.946,3323.946
CSCO,1778527750000,1778527751249,1778527751249,1779437330926,1778527758423,1778527753302.789,1249,0,909579677,7174,2053.789,8423,7174,3302.789,2053.789
CSCO,1778527753000,1778527754347,1778527754347,1779437330926,1778527758423,1778527757502.739,1347,0,909576579,4076,3155.739,5423,4076,4502.739,3155.739
CSCO,1778527757000,1778527758321,1778527758321,1779437330927,1778527770433,1778527759509.102,1321,0,909572606,12112,1188.102,13433,12112,2509.102,1188.102
CSCO,1778527759000,1778527760224,1778527760224,1779437330927,1778527770433,1778527761610.793,1224,0,909570703,10209,1386.793,11433,10209,2610.793,1386.793
CSCO,1778527761000,1778527762211,1778527762211,1779437330927,1778527770433,1778527763508.191,1211,0,909568716,8222,1297.191,9433,8222,2508.191,1297.191
CSCO,1778527763000,1778527764308,1778527764308,1779437330927,1778527770433,1778527764414.248,1308,0,909566619,6125,106.248,7433,6125,1414.248,106.248
CSCO,1778527764000,1778527765471,1778527765472,1779437330927,1778527770433,1778527766316.239,1471,1,909565455,4961,844.239,6433,4962,2316.239,845.239
CSCO,1778527766000,1778527767292,1778527767293,1779437330927,1778527770433,1778527767397.248,1292,1,909563634,3140,104.248,4433,3141,1397.248,105.248
CSCO,1778527767000,1778527768207,1778527768207,1779437330927,1778527770433,1778527769419.758,1207,0,909562720,2226,1212.758,3433,2226,2419.758,1212.758
CSCO,1778527769000,1778527770401,1778527770401,1779437330927,1778527781430,1778527770520.934,1401,0,909560526,11029,119.934,12430,11029,1520.934,119.934
CSCO,1778527770000,1778527771367,1778527771367,1779437330927,1778527781430,1778527771521.503,1367,0,909559560,10063,154.503,11430,10063,1521.503,154.503
CSCO,1778527771000,1778527772436,1778527772436,1779437330928,1778527781430,1778527774424.532,1436,0,909558492,8994,1988.532,10430,8994,3424.532,1988.532
CSCO,1778527773000,1778527775201,1778527775201,1779437330928,1778527781413,1778527775325.493,2201,0,909555727,6212,124.493,8413,6212,2325.493,124.493
CSCO,1778527775000,1778527776355,1778527776355,1779437330928,1778527781430,1778527776426.671,1355,0,909554573,5075,71.671,6430,5075,1426.671,71.671
CSCO,1778527776000,1778527777267,1778527777267,1779437330928,1778527781413,1778527777527.564,1267,0,909553661,4146,260.564,5413,4146,1527.564,260.564
CSCO,1778527777000,1778527778307,1778527778308,1779437330928,1778527781430,1778527778429.242,1307,1,909552620,3122,121.242,4430,3123,1429.242,122.242
CSCO,1778527778000,1778527779225,1778527779225,1779437330928,1778527781430,1778527779329.979,1225,0,909551703,2205,104.979,3430,2205,1329.979,104.979
CSCO,1778527779000,1778527780478,1778527780478,1779437330928,1778527781430,1778527780624.36,1478,0,909550450,952,146.36,2430,952,1624.36,146.36
CSCO,1778527780000,1778527781240,1778527781240,1779437330928,1778527792351,1778527782533.122,1240,0,909549688,11111,1293.122,12351,11111,2533.122,1293.122
CSCO,1778527782000,1778527783319,1778527783319,1779437330928,1778527792351,1778527784435.773,1319,0,909547609,9032,1116.773,10351,9032,2435.773,1116.773
CSCO,1778527784000,1778527785298,1778527785298,1779437330928,1778527792351,1778527785436.549,1298,0,909545630,7053,138.549,8351,7053,1436.549,138.549
CSCO,1778527785000,1778527786628,1778527786628,1779437330928,1778527792351,1778527786794.102,1628,0,909544300,5723,166.102,7351,5723,1794.102,166.102
CSCO,1778527786000,1778527787281,1778527787282,1779437330929,1778527792350,1778527787338.457,1281,1,909543647,5068,56.457,6350,5069,1338.457,57.457
CSCO,1778527787000,1778527788464,1778527788464,1779437330929,1778527792351,1778527788522.732,1464,0,909542465,3887,58.732,5351,3887,1522.732,58.732
CSCO,1778527788000,1778527789464,1778527789464,1779437330929,1778527792350,1778527789541.801,1464,0,909541465,2886,77.801,4350,2886,1541.801,77.801
CSCO,1778527790000,1778527791525,1778527791525,1779437330929,1778527792351,1778527791643.212,1525,0,909539404,826,118.212,2351,826,1643.212,118.212
CSCO,1778527791000,1778527792465,1778527792465,1779437330929,1778527803073,1778527793446.435,1465,0,909538464,10608,981.435,12073,10608,2446.435,981.435
CSCO,1778527792000,1778527794300,1778527794300,1779437330929,1778527803073,1778527794446.696,2300,0,909536629,8773,146.696,11073,8773,2446.696,146.696
CSCO,1778527789000,1778527794351,1778527794351,1779437330929,1778527803073,1778527794519.648,5351,0,909536578,8722,168.648,14073,8722,5519.648,168.648
CSCO,1778527793000,1778527795301,1778527795301,1779437330929,1778527803073,1778527795447.277,2301,0,909535628,7772,146.277,10073,7772,2447.277,146.277
CSCO,1778527794000,1778527796281,1778527796282,1779437330929,1778527803073,1778527797623.692,2281,1,909534647,6791,1341.692,9073,6792,3623.692,1342.692
CSCO,1778527797000,1778527798670,1778527798670,1779437330929,1778527803073,1778527799651.768,1670,0,909532259,4403,981.768,6073,4403,2651.768,981.768
CSCO,1778527799000,1778527800614,1778527800614,1779437330929,1778527803073,1778527801553.664,1614,0,909530315,2459,939.664,4073,2459,2553.664,939.664
CSCO,1778527801000,1778527802965,1778527802965,1779437330930,1778527814483,1778527804557.325,1965,0,909527965,11518,1592.325,13483,11518,3557.325,1592.325
CSCO,1778527804000,1778527805268,1778527805269,1779437330930,1778527814483,1778527806559.906,1268,1,909525661,9214,1290.906,10483,9215,2559.906,1291.906
CSCO,1778527806000,1778527807248,1778527807248,1779437330930,1778527814483,1778527808460.935,1248,0,909523682,7235,1212.935,8483,7235,2460.935,1212.935
CSCO,1778527808000,1778527809405,1778527809406,1779437330930,1778527814483,1778527809561.925,1405,1,909521524,5077,155.925,6483,5078,1561.925,156.925
CSCO,1778527809000,1778527810398,1778527810398,1779437330930,1778527814483,1778527811364.279,1398,0,909520532,4085,966.279,5483,4085,2364.279,966.279
CSCO,1778527811000,1778527812340,1778527812340,1779437330930,1778527814483,1778527812464.784,1340,0,909518590,2143,124.784,3483,2143,1464.784,124.784
CSCO,1778527813000,1778527814441,1778527814441,1779437330930,1778527826382,1778527814566.78,1441,0,909516489,11941,125.78,13382,11941,1566.78,125.78
CSCO,1778527814000,1778527815421,1778527815421,1779437330930,1778527826382,1778527816570.392,1421,0,909515509,10961,1149.392,12382,10961,2570.392,1149.392
CSCO,1778527815000,1778527817424,1778527817425,1779437330931,1778527826382,1778527818370.346,2424,1,909513506,8957,945.346,11382,8958,3370.346,946.346
CSCO,1778527818000,1778527819377,1778527819377,1779437330931,1778527826381,1778527819472.164,1377,0,909511554,7004,95.164,8381,7004,1472.164,95.164
CSCO,1778527819000,1778527820525,1778527820525,1779437330931,1778527826382,1778527820595.153,1525,0,909510406,5857,70.153,7382,5857,1595.153,70.153
CSCO,1778527821000,1778527822289,1778527822290,1779437330931,1778527826382,1778527823476.225,1289,1,909508641,4092,1186.225,5382,4093,2476.225,1187.225
CSCO,1778527823000,1778527824351,1778527824351,1779437330931,1778527837707,1778527827681.396,1351,0,909506580,13356,3330.396,14707,13356,4681.396,3330.396
CSCO,1778527827000,1778527828340,1778527828340,1779437330931,1778527837707,1778527828421.852,1340,0,909502591,9367,81.852,10707,9367,1421.852,81.852
CSCO,1778527828000,1778527829414,1778527829414,1779437330931,1778527837707,1778527829483.475,1414,0,909501517,8293,69.475,9707,8293,1483.475,69.475
CSCO,1778527829000,1778527830357,1778527830357,1779437330931,1778527837707,1778527833586.385,1357,0,909500574,7350,3229.385,8707,7350,4586.385,3229.385
CSCO,1778527834000,1778527835306,1778527835306,1779437330932,1778527837707,1778527835391.521,1306,0,909495626,2401,85.521,3707,2401,1391.521,85.521
CSCO,1778527835000,1778527836372,1778527836372,1779437330932,1778527837707,1778527836489.363,1372,0,909494560,1335,117.363,2707,1335,1489.363,117.363
CSCO,1778527836000,1778527837542,1778527837542,1779437330932,1778527849642,1778527840594.175,1542,0,909493390,12100,3052.175,13642,12100,4594.175,3052.175
CSCO,1778527840000,1778527841429,1778527841429,1779437330932,1778527849642,1778527841495.649,1429,0,909489503,8213,66.649,9642,8213,1495.649,66.649
CSCO,1778527841000,1778527842306,1778527842306,1779437330932,1778527849642,1778527845098.044,1306,0,909488626,7336,2792.044,8642,7336,4098.044,2792.044
CSCO,1778527845000,1778527846582,1778527846582,1779437330932,1778527849642,1778527847600.542,1582,0,909484350,3060,1018.542,4642,3060,2600.542,1018.542
CSCO,1778527847000,1778527848396,1778527848396,1779437330932,1778527849641,1778527848602.33,1396,0,909482536,1245,206.33,2641,1245,1602.33,206.33
CSCO,1778527848000,1778527849464,1778527849464,1779437330932,1778527861529,1778527850503.472,1464,0,909481468,12065,1039.472,13529,12065,2503.472,1039.472
CSCO,1778527850000,1778527851369,1778527851369,1779437330933,1778527861529,1778527852506.209,1369,0,909479564,10160,1137.209,11529,10160,2506.209,1137.209
CSCO,1778527851000,1778527853329,1778527853329,1779437330933,1778527861529,1778527855508.711,2329,0,909477604,8200,2179.711,10529,8200,4508.711,2179.711
CSCO,1778527855000,1778527856411,1778527856411,1779437330933,1778527861529,1778527856609.768,1411,0,909474522,5118,198.768,6529,5118,1609.768,198.768
CSCO,1778527856000,1778527857347,1778527857348,1779437330933,1778527861529,1778527857410.755,1347,1,909473585,4181,62.755,5529,4182,1410.755,63.755
CSCO,1778527857000,1778527858428,1778527858428,1779437330933,1778527872740,1778527861668.83,1428,0,909472505,14312,3240.83,15740,14312,4668.83,3240.83
CSCO,1778527861000,1778527862412,1778527862412,1779437330933,1778527872740,1778527863716.212,1412,0,909468521,10328,1304.212,11740,10328,2716.212,1304.212
CSCO,1778527864000,1778527865425,1778527865425,1779437330934,1778527872740,1778527865517.979,1425,0,909465509,7315,92.979,8740,7315,1517.979,92.979
CSCO,1778527865000,1778527866423,1778527866423,1779437330934,1778527872740,1778527871823.91,1423,0,909464511,6317,5400.91,7740,6317,6823.91,5400.91
CSCO,1778527863000,1778527871644,1778527871644,1779437330934,1778527872740,1778527871724.971,8644,0,909459290,1096,80.971,9740,1096,8724.971,80.971
CSCO,1778527869000,1778527871886,1778527871886,1779437330934,1778527872740,1778527872024.153,2886,0,909459048,854,138.153,3740,854,3024.153,138.153
CSCO,1778527871000,1778527872510,1778527872511,1779437330934,1778527884551,1778527873525.797,1510,1,909458423,12040,1014.797,13551,12041,2525.797,1015.797
CSCO,1778527873000,1778527874567,1778527874567,1779437330934,1778527884051,1778527878630.112,1567,0,909456367,9484,4063.112,11051,9484,5630.112,4063.112
CSCO,1778527878000,1778527879473,1778527879473,1779437330935,1778527884551,1778527879531.519,1473,0,909451462,5078,58.519,6551,5078,1531.519,58.519
CSCO,1778527879000,1778527880458,1778527880458,1779437330935,1778527884551,1778527881733.343,1458,0,909450477,4093,1275.343,5551,4093,2733.343,1275.343
CSCO,1778527881000,1778527883026,1778527883027,1779437330935,1778527895664,1778527888939.966,2026,1,909447908,12637,5912.966,14664,12638,7939.966,5913.966
CSCO,1778527888000,1778527889495,1778527889495,1779437330935,1778527895664,1778527891743.541,1495,0,909441440,6169,2248.541,7664,6169,3743.541,2248.541
CSCO,1778527891000,1778527892409,1778527892409,1779437330935,1778527895664,1778527893606.811,1409,0,909438526,3255,1197.811,4664,3255,2606.811,1197.811
CSCO,1778527893000,1778527894607,1778527894607,1779437330935,1778527895664,1778527894746.484,1607,0,909436328,1057,139.484,2664,1057,1746.484,139.484
CSCO,1778527894000,1778527895528,1778527895528,1779437330935,1778527907575,1778527895746.734,1528,0,909435407,12047,218.734,13575,12047,1746.734,218.734
CSCO,1778527895000,1778527896470,1778527896470,1779437330936,1778527907575,1778527900540.577,1470,0,909434466,11105,4070.577,12575,11105,5540.577,4070.577
CSCO,1778527900000,1778527901779,1778527901779,1779437330936,1778527907575,1778527905555.954,1779,0,909429157,5796,3776.954,7575,5796,5555.954,3776.954
CSCO,1778527905000,1778527906588,1778527906589,1779437330936,1778527907575,1778527907561.971,1588,1,909424347,986,972.971,2575,987,2561.971,973.971
CSCO,1778527907000,1778527908731,1778527908731,1779437330936,1778527919577,1778527908968.26,1731,0,909422205,10846,237.26,12577,10846,1968.26,237.26
CSCO,1778527908000,1778527909489,1778527909489,1779437330936,1778527919577,1778527916778.596,1489,0,909421447,10088,7289.596,11577,10088,8778.596,7289.596
CSCO,1778527915000,1778527917687,1778527917687,1779437330937,1778527919577,1778527917780.217,2687,0,909413250,1890,93.217,4577,1890,2780.217,93.217
CSCO,1778527917000,1778527918501,1778527918501,1779437330937,1778527919577,1778527918579.531,1501,0,909412436,1076,78.531,2577,1076,1579.531,78.531
CSCO,1778527918000,1778527919705,1778527919706,1779437330937,1778527930599,1778527919780.597,1705,1,909411231,10893,74.597,12599,10894,1780.597,75.597
CSCO,1778527919000,1778527920533,1778527920533,1779437330937,1778527930599,1778527920632.817,1533,0,909410404,10066,99.817,11599,10066,1632.817,99.817
CSCO,1778527920000,1778527921567,1778527921567,1779437330937,1778527930599,1778527924803.601,1567,0,909409370,9032,3236.601,10599,9032,4803.601,3236.601
CSCO,1778527924000,1778527925460,1778527925460,1779437330938,1778527930599,1778527926686.823,1460,0,909405478,5139,1226.823,6599,5139,2686.823,1226.823
CSCO,1778527926000,1778527927502,1778527927502,1779437330938,1778527930599,1778527927587.737,1502,0,909403436,3097,85.737,4599,3097,1587.737,85.737
CSCO,1778527927000,1778527928632,1778527928632,1779437330938,1778527942776,1778527930791.323,1632,0,909402306,14144,2159.323,15776,14144,3791.323,2159.323
CSCO,1778527931000,1778527932493,1778527932493,1779437330938,1778527942776,1778527933593.026,1493,0,909398445,10283,1100.026,11776,10283,2593.026,1100.026
CSCO,1778527933000,1778527934592,1778527934592,1779437330938,1778527942776,1778527934694.153,1592,0,909396346,8184,102.153,9776,8184,1694.153,102.153
CSCO,1778527934000,1778527935533,1778527935533,1779437330938,1778527942776,1778527937897.146,1533,0,909395405,7243,2364.146,8776,7243,3897.146,2364.146
CSCO,1778527937000,1778527938666,1778527938666,1779437330938,1778527942776,1778527938998.5,1666,0,909392272,4110,332.5,5776,4110,1998.5,332.5
CSCO,1778527938000,1778527939666,1778527939666,1779437330938,1778527942776,1778527939754.636,1666,0,909391272,3110,88.636,4776,3110,1754.636,88.636
CSCO,1778527939000,1778527940642,1778527940643,1779437330938,1778527942776,1778527941725.169,1642,1,909390295,2133,1082.169,3776,2134,2725.169,1083.169
CSCO,1778527941000,1778527942742,1778527942742,1779437330939,1778527953824,1778527944604.045,1742,0,909388197,11082,1862.045,12824,11082,3604.045,1862.045
CSCO,1778527944000,1778527945598,1778527945598,1779437330939,1778527953824,1778527946706.835,1598,0,909385341,8226,1108.835,9824,8226,2706.835,1108.835
CSCO,1778527946000,1778527947623,1778527947623,1779437330939,1778527953824,1778527950410.225,1623,0,909383316,6201,2787.225,7824,6201,4410.225,2787.225
CSCO,1778527949000,1778527950674,1778527950674,1779437330939,1778527953824,1778527950811.165,1674,0,909380265,3150,137.165,4824,3150,1811.165,137.165
CSCO,1778527950000,1778527951660,1778527951660,1779437330939,1778527953824,1778527951810.655,1660,0,909379279,2164,150.655,3824,2164,1810.655,150.655
CSCO,1778527951000,1778527951762,1778527951762,1779437330939,1778527953824,1778527951912.543,762,0,909379177,2062,150.543,2824,2062,912.543,150.543
CSCO,1778527952000,1778527953715,1778527953715,1779437330939,1778527965867,1778527955675.211,1715,0,909377224,12152,1960.211,13867,12152,3675.211,1960.211
CSCO,1778527955000,1778527956503,1778527956504,1779437330940,1778527965867,1778527956615.673,1503,1,909374436,9363,111.673,10867,9364,1615.673,112.673
CSCO,1778527956000,1778527957721,1778527957721,1779437330940,1778527965862,1778527957785.509,1721,0,909373219,8141,64.509,9862,8141,1785.509,64.509
CSCO,1778527957000,1778527958540,1778527958541,1779437330940,1778527965867,1778527958639.036,1540,1,909372399,7326,98.036,8867,7327,1639.036,99.036
CSCO,1778527958000,1778527959522,1778527959523,1779437330940,1778527965867,1778527960720.502,1522,1,909371417,6344,1197.502,7867,6345,2720.502,1198.502
CSCO,1778527960000,1778527961725,1778527961725,1779437330940,1778527965867,1778527963805.077,1725,0,909369215,4142,2080.077,5867,4142,3805.077,2080.077
CSCO,1778527963000,1778527964767,1778527964767,1779437330940,1778527965867,1778527964923.39,1767,0,909366173,1100,156.39,2867,1100,1923.39,156.39
CSCO,1778527964000,1778527965721,1778527965721,1779437330940,1778527977834,1778527968726.677,1721,0,909365219,12113,3005.677,13834,12113,4726.677,3005.677
CSCO,1778527968000,1778527969585,1778527969585,1779437330940,1778527977834,1778527969927.92,1585,0,909361355,8249,342.92,9834,8249,1927.92,342.92
CSCO,1778527970000,1778527970741,1778527970741,1779437330940,1778527977834,1778527971830.373,741,0,909360199,7093,1089.373,7834,7093,1830.373,1089.373
CSCO,1778527971000,1778527972783,1778527972783,1779437330941,1778527977834,1778527973030.974,1783,0,909358158,5051,247.974,6834,5051,2030.974,247.974
CSCO,1778527972000,1778527973703,1778527973703,1779437330941,1778527977834,1778527973762.608,1703,0,909357238,4131,59.608,5834,4131,1762.608,59.608
CSCO,1778527973000,1778527974616,1778527974616,1779437330941,1778527977834,1778527974699.501,1616,0,909356325,3218,83.501,4834,3218,1699.501,83.501
CSCO,1778527974000,1778527975608,1778527975608,1779437330941,1778527977834,1778527975833.86,1608,0,909355333,2226,225.86,3834,2226,1833.86,225.86
CSCO,1778527975000,1778527976691,1778527976691,1779437330941,1778527989759,1778527977835.691,1691,0,909354250,13068,1144.691,14759,13068,2835.691,1144.691
CSCO,1778527977000,1778527978707,1778527978708,1779437330941,1778527989759,1778527979836.85,1707,1,909352233,11051,1128.85,12759,11052,2836.85,1129.85
CSCO,1778527979000,1778527980570,1778527980570,1779437330941,1778527989759,1778527980637.567,1570,0,909350371,9189,67.567,10759,9189,1637.567,67.567
CSCO,1778527980000,1778527981763,1778527981763,1779437330941,1778527989759,1778527982739.174,1763,0,909349178,7996,976.174,9759,7996,2739.174,976.174
CSCO,1778527982000,1778527983574,1778527983574,1779437330941,1778527989759,1778527986843.075,1574,0,909347367,6185,3269.075,7759,6185,4843.075,3269.075
CSCO,1778527986000,1778527987721,1778527987721,1779437330942,1778527989759,1778527988822.383,1721,0,909343221,2038,1101.383,3759,2038,2822.383,1101.383
CSCO,1778527989000,1778527989699,1778527989699,1779437330942,1778528001872,1778527991646.975,699,0,909341243,12173,1947.975,12872,12173,2646.975,1947.975
CSCO,1778527991000,1778527992555,1778527992555,1779437330942,1778528001872,1778527994649.989,1555,0,909338387,9317,2094.989,10872,9317,3649.989,2094.989
CSCO,1778527994000,1778527995623,1778527995623,1779437330942,1778528001872,1778527997667.633,1623,0,909335319,6249,2044.633,7872,6249,3667.633,2044.633
CSCO,1778527998000,1778527999603,1778527999604,1779437330942,1778528001871,1778528000855.499,1603,1,909331338,2267,1251.499,3871,2268,2855.499,1252.499
CSCO,1778527997000,1778528000508,1778528000508,1779437330942,1778528001872,1778528000655.414,3508,0,909330434,1364,147.414,4872,1364,3655.414,147.414
CSCO,1778528000000,1778528001589,1778528001589,1779437330943,1778528001872,1778528001857.083,1589,0,909329354,283,268.083,1872,283,1857.083,268.083
CSCO,1778528001000,1778528002589,1778528002589,1779437330943,1778528012885,1778528003958.362,1589,0,909328354,10296,1369.362,11885,10296,2958.362,1369.362
CSCO,1778528003000,1778528004635,1778528004635,1779437330943,1778528012885,1778528004760.163,1635,0,909326308,8250,125.163,9885,8250,1760.163,125.163
CSCO,1778528004000,1778528005603,1778528005603,1779437330943,1778528012885,1778528005918.052,1603,0,909325340,7282,315.052,8885,7282,1918.052,315.052
CSCO,1778528005000,1778528006527,1778528006527,1779437330943,1778528012885,1778528007862.718,1527,0,909324416,6358,1335.718,7885,6358,2862.718,1335.718
CSCO,1778528007000,1778528008540,1778528008540,1779437330943,1778528012885,1778528010965.844,1540,0,909322403,4345,2425.844,5885,4345,3965.844,2425.844
CSCO,1778528010000,1778528011816,1778528011816,1779437330943,1778528012885,1778528011967.957,1816,0,909319127,1069,151.957,2885,1069,1967.957,151.957
CSCO,1778528011000,1778528012594,1778528012594,1779437330943,1778528024895,1778528013970.195,1594,0,909318349,12301,1376.195,13895,12301,2970.195,1376.195
CSCO,1778528013000,1778528014609,1778528014609,1779437330943,1778528024895,1778528014791.595,1609,0,909316334,10286,182.595,11895,10286,1791.595,182.595
CSCO,1778528014000,1778528015595,1778528015595,1779437330943,1778528024895,1778528016872.883,1595,0,909315348,9300,1277.883,10895,9300,2872.883,1277.883
CSCO,1778528015000,1778528017638,1778528017638,1779437330944,1778528024895,1778528017826.925,2638,0,909313306,7257,188.925,9895,7257,2826.925,188.925
CSCO,1778528019000,1778528019769,1778528019769,1779437330944,1778528024895,1778528020675.612,769,0,909311175,5126,906.612,5895,5126,1675.612,906.612
CSCO,1778528021000,1778528022746,1778528022746,1779437330944,1778528024895,1778528023879.596,1746,0,909308198,2149,1133.596,3895,2149,2879.596,1133.596
CSCO,1778528023000,1778528024799,1778528024799,1779437330944,1778528024895,1778528024879.593,1799,0,909306145,96,80.593,1895,96,1879.593,80.593
CSCO,1778528024000,1778528025534,1778528025534,1779437330944,1778528036805,1778528026923.521,1534,0,909305410,11271,1389.521,12805,11271,2923.521,1389.521
CSCO,1778528026000,1778528027632,1778528027632,1779437330944,1778528036805,1778528029781.972,1632,0,909303312,9173,2149.972,10805,9173,3781.972,2149.972
CSCO,1778528029000,1778528030864,1778528030864,1779437330944,1778528036805,1778528030987.069,1864,0,909300080,5941,123.069,7805,5941,1987.069,123.069
CSCO,1778528030000,1778528031751,1778528031751,1779437330944,1778528036805,1778528031813.451,1751,0,909299193,5054,62.451,6805,5054,1813.451,62.451
CSCO,1778528031000,1778528032615,1778528032615,1779437330945,1778528036805,1778528032788.646,1615,0,909298330,4190,173.646,5805,4190,1788.646,173.646
CSCO,1778528032000,1778528033715,1778528033716,1779437330945,1778528036805,1778528033775.312,1715,1,909297229,3089,59.312,4805,3090,1775.312,60.312
CSCO,1778528033000,1778528034625,1778528034625,1779437330945,1778528036705,1778528034890.939,1625,0,909296320,2080,265.939,3705,2080,1890.939,265.939
CSCO,1778528034000,1778528036551,1778528036551,1779437330945,1778528047815,1778528037893.877,2551,0,909294394,11264,1342.877,13815,11264,3893.877,1342.877
CSCO,1778528037000,1778528038580,1778528038580,1779437330945,1778528047815,1778528038794.226,1580,0,909292365,9235,214.226,10815,9235,1794.226,214.226
CSCO,1778528038000,1778528039791,1778528039792,1779437330945,1778528047815,1778528040847.501,1791,1,909291153,8023,1055.501,9815,8024,2847.501,1056.501
CSCO,1778528041000,1778528041824,1778528041824,1779437330945,1778528047815,1778528043098.454,824,0,909289121,5991,1274.454,6815,5991,2098.454,1274.454
CSCO,1778528042000,1778528043566,1778528043566,1779437330945,1778528047815,1778528044900.849,1566,0,909287379,4249,1334.849,5815,4249,2900.849,1334.849
CSCO,1778528044000,1778528045616,1778528045616,1779437330945,1778528059808,1778528048905.421,1616,0,909285329,14192,3289.421,15808,14192,4905.421,3289.421
CSCO,1778528049000,1778528049749,1778528049749,1779437330946,1778528059828,1778528059715.574,749,0,909281197,10079,9966.574,10828,10079,10715.574,9966.574
CSCO,1778528059000,1778528060647,1778528060647,1779437330946,1778528071761,1778528060815.312,1647,0,909270299,11114,168.312,12761,11114,1815.312,168.312
CSCO,1778528060000,1778528061723,1778528061724,1779437330946,1778528071763,1778528061816.963,1723,1,909269222,10039,92.963,11763,10040,1816.963,93.963
CSCO,1778528061000,1778528062592,1778528062592,1779437330946,1778528071763,1778528062680.464,1592,0,909268354,9171,88.464,10763,9171,1680.464,88.464
CSCO,1778528062000,1778528063526,1778528063526,1779437330946,1778528071763,1778528063617.959,1526,0,909267420,8237,91.959,9763,8237,1617.959,91.959
CSCO,1778528063000,1778528064632,1778528064633,1779437330947,1778528071763,1778528064802.542,1632,1,909266314,7130,169.542,8763,7131,1802.542,170.542
CSCO,1778528064000,1778528065611,1778528065611,1779437330947,1778528071763,1778528065720.591,1611,0,909265336,6152,109.591,7763,6152,1720.591,109.591
CSCO,1778528066000,1778528067610,1778528067610,1779437330947,1778528071763,1778528067848.233,1610,0,909263337,4153,238.233,5763,4153,1848.233,238.233
CSCO,1778528067000,1778528068577,1778528068577,1779437330947,1778528082751,1778528071826.648,1577,0,909262370,14174,3249.648,15751,14174,4826.648,3249.648
CSCO,1778528072000,1778528072753,1778528072753,1779437330947,1778528082751,1778528078218.091,753,0,909258194,9998,5465.091,10751,9998,6218.091,5465.091
CSCO,1778528076000,1778528077697,1778528077697,1779437330947,1778528082751,1778528077932.865,1697,0,909253250,5054,235.865,6751,5054,1932.865,235.865
CSCO,1778528077000,1778528079336,1778528079336,1779437330947,1778528082751,1778528079633.023,2336,0,909251611,3415,297.023,5751,3415,2633.023,297.023
CSCO,1778528079000,1778528080820,1778528080820,1779437330947,1778528082751,1778528080934.323,1820,0,909250127,1931,114.323,3751,1931,1934.323,114.323
CSCO,1778528080000,1778528081801,1778528081801,1779437330948,1778528082751,1778528082736.164,1801,0,909249147,950,935.164,2751,950,2736.164,935.164
CSCO,1778528082000,1778528083564,1778528083564,1779437330948,1778528093766,1778528085137.99,1564,0,909247384,10202,1573.99,11766,10202,3137.99,1573.99
CSCO,1778528084000,1778528085580,1778528085580,1779437330948,1778528093762,1778528085738.642,1580,0,909245368,8182,158.642,9762,8182,1738.642,158.642
CSCO,1778528085000,1778528086837,1778528086838,1779437330948,1778528093762,1778528086923.493,1837,1,909244110,6924,85.493,8762,6925,1923.493,86.493
CSCO,1778528086000,1778528087743,1778528087743,1779437330948,1778528093766,1778528090842.043,1743,0,909243205,6023,3099.043,7766,6023,4842.043,3099.043
CSCO,1778528090000,1778528091797,1778528091797,1779437330948,1778528104774,1778528096849.501,1797,0,909239151,12977,5052.501,14774,12977,6849.501,5052.501
CSCO,1778528097000,1778528097773,1778528097773,1779437330949,1778528104774,1778528099051.171,773,0,909233176,7001,1278.171,7774,7001,2051.171,1278.171
CSCO,1778528098000,1778528099825,1778528099825,1779437330949,1778528104774,1778528100811.509,1825,0,909231124,4949,986.509,6774,4949,2811.509,986.509
CSCO,1778528100000,1778528101682,1778528101682,1779437330949,1778528104774,1778528103956.652,1682,0,909229267,3092,2274.652,4774,3092,3956.652,2274.652
CSCO,1778528103000,1778528104820,1778528104820,1779437330949,1778528115782,1778528105157.22,1820,0,909226129,10962,337.22,12782,10962,2157.22,337.22
CSCO,1778528105000,1778528105666,1778528105667,1779437330949,1778528115783,1778528107762.095,666,1,909225282,10116,2095.095,10783,10117,2762.095,2096.095
CSCO,1778528108000,1778528109884,1778528109884,1779437330949,1778528115783,1778528109962.658,1884,0,909221065,5899,78.658,7783,5899,1962.658,78.658
CSCO,1778528109000,1778528110830,1778528110830,1779437330950,1778528115783,1778528110972.419,1830,0,909220120,4953,142.419,6783,4953,1972.419,142.419
CSCO,1778528110000,1778528111664,1778528111664,1779437330950,1778528115783,1778528114817.289,1664,0,909219286,4119,3153.289,5783,4119,4817.289,3153.289
CSCO,1778528114000,1778528115617,1778528115617,1779437330950,1778528115783,1778528115756.623,1617,0,909215333,166,139.623,1783,166,1756.623,139.623
CSCO,1778528115000,1778528116863,1778528116864,1779437330950,1778528126993,1778528116962.571,1863,1,909214086,10129,98.571,11993,10130,1962.571,99.571
CSCO,1778528116000,1778528116866,1778528116866,1779437330950,1778528126993,1778528119970.884,866,0,909214084,10127,3104.884,10993,10127,3970.884,3104.884
CSCO,1778528119000,1778528120680,1778528120681,1779437330950,1778528126993,1778528121673.111,1680,1,909210269,6312,992.111,7993,6313,2673.111,993.111
CSCO,1778528122000,1778528123788,1778528123788,1779437330950,1778528126993,1778528123874.679,1788,0,909207162,3205,86.679,4993,3205,1874.679,86.679
CSCO,1778528123000,1778528124882,1778528124882,1779437330950,1778528126993,1778528125681.149,1882,0,909206068,2111,799.149,3993,2111,2681.149,799.149
CSCO,1778528125000,1778528126684,1778528126684,1779437330951,1778528138868,1778528127841.991,1684,0,909204267,12184,1157.991,13868,12184,2841.991,1157.991
CSCO,1778528127000,1778528128654,1778528128654,1779437330951,1778528138868,1778528128982.453,1654,0,909202297,10214,328.453,11868,10214,1982.453,328.453
CSCO,1778528128000,1778528129844,1778528129844,1779437330951,1778528138866,1778528129983.61,1844,0,909201107,9022,139.61,10866,9022,1983.61,139.61
CSCO,1778528130000,1778528130673,1778528130673,1779437330951,1778528138868,1778528137791.131,673,0,909200278,8195,7118.131,8868,8195,7791.131,7118.131
CSCO,1778528137000,1778528138589,1778528138589,1779437330951,1778528149917,1778528139693.692,1589,0,909192362,11328,1104.692,12917,11328,2693.692,1104.692
CSCO,1778528139000,1778528140588,1778528140589,1779437330952,1778528149917,1778528142897.646,1588,1,909190363,9328,2308.646,10917,9329,3897.646,2309.646
CSCO,1778528142000,1778528143822,1778528143822,1779437330952,1778528149917,1778528144799.979,1822,0,909187130,6095,977.979,7917,6095,2799.979,977.979
CSCO,1778528143000,1778528145626,1778528145626,1779437330952,1778528149917,1778528149903.919,2626,0,909185326,4291,4277.919,6917,4291,6903.919,4277.919
CSCO,1778528149000,1778528150627,1778528150628,1779437330952,1778528162228,1778528151703.955,1627,1,909180324,11600,1075.955,13228,11601,2703.955,1076.955
CSCO,1778528150000,1778528152694,1778528152694,1779437330952,1778528162228,1778528153906.364,2694,0,909178258,9534,1212.364,12228,9534,3906.364,1212.364
CSCO,1778528153000,1778528154798,1778528154798,1779437330952,1778528162228,1778528155847.216,1798,0,909176154,7430,1049.216,9228,7430,2847.216,1049.216
CSCO,1778528155000,1778528156588,1778528156588,1779437330953,1778528162228,1778528156808.611,1588,0,909174365,5640,220.611,7228,5640,1808.611,220.611
CSCO,1778528156000,1778528157664,1778528157664,1779437330953,1778528162227,1778528158912.537,1664,0,909173289,4563,1248.537,6227,4563,2912.537,1248.537
CSCO,1778528158000,1778528159581,1778528159581,1779437330953,1778528162227,1778528159711.029,1581,0,909171372,2646,130.029,4227,2646,1711.029,130.029
CSCO,1778528159000,1778528160697,1778528160697,1779437330953,1778528162228,1778528161813.414,1697,0,909170256,1531,1116.414,3228,1531,2813.414,1116.414
CSCO,1778528161000,1778528162918,1778528162918,1779437330953,1778528173840,1778528163114.474,1918,0,909168035,10922,196.474,12840,10922,2114.474,196.474
CSCO,1778528163000,1778528163895,1778528163895,1779437330953,1778528173840,1778528165017.818,895,0,909167058,9945,1122.818,10840,9945,2017.818,1122.818
CSCO,1778528164000,1778528165734,1778528165734,1779437330953,1778528173840,1778528170822.074,1734,0,909165219,8106,5088.074,9840,8106,6822.074,5088.074
CSCO,1778528170000,1778528171590,1778528171590,1779437330954,1778528173840,1778528171722.259,1590,0,909159364,2250,132.259,3840,2250,1722.259,132.259
CSCO,1778528172000,1778528172861,1778528172861,1779437330954,1778528173840,1778528173724.698,861,0,909158093,979,863.698,1840,979,1724.698,863.698
CSCO,1778528173000,1778528174735,1778528174735,1779437330954,1778528185749,1778528174826.714,1735,0,909156219,11014,91.714,12749,11014,1826.714,91.714
CSCO,1778528174000,1778528175716,1778528175716,1779437330954,1778528185749,1778528176951.578,1716,0,909155238,10033,1235.578,11749,10033,2951.578,1235.578
CSCO,1778528176000,1778528177799,1778528177799,1779437330954,1778528185749,1778528177930.033,1799,0,909153155,7950,131.033,9749,7950,1930.033,131.033
CSCO,1778528177000,1778528178834,1778528178834,1779437330954,1778528185749,1778528181934.651,1834,0,909152120,6915,3100.651,8749,6915,4934.651,3100.651
CSCO,1778528181000,1778528182883,1778528182883,1779437330954,1778528185749,1778528185136.979,1883,0,909148071,2866,2253.979,4749,2866,4136.979,2253.979
CSCO,1778528184000,1778528185803,1778528185803,1779437330955,1778528197958,1778528186921.069,1803,0,909145152,12155,1118.069,13958,12155,2921.069,1118.069
CSCO,1778528187000,1778528187788,1778528187788,1779437330955,1778528197958,1778528187939.993,788,0,909143167,10170,151.993,10958,10170,939.993,151.993
CSCO,1778528191000,1778528191860,1778528191861,1779437330955,1778528197958,1778528192945.183,860,1,909139094,6097,1084.183,6958,6098,1945.183,1085.183
CSCO,1778528192000,1778528193702,1778528193702,1779437330955,1778528197958,1778528193945.748,1702,0,909137253,4256,243.748,5958,4256,1945.748,243.748
CSCO,1778528193000,1778528194688,1778528194688,1779437330955,1778528197958,1778528194946.724,1688,0,909136267,3270,258.724,4958,3270,1946.724,258.724
CSCO,1778528194000,1778528195829,1778528195830,1779437330955,1778528209773,1778528199051.419,1829,1,909135125,13943,3221.419,15773,13944,5051.419,3222.419
CSCO,1778528198000,1778528199835,1778528199836,1779437330955,1778528209772,1778528199952.272,1835,1,909131119,9936,116.272,11772,9937,1952.272,117.272
CSCO,1778528199000,1778528200684,1778528200684,1779437330955,1778528209773,1778528200870.868,1684,0,909130271,9089,186.868,10773,9089,1870.868,186.868
CSCO,1778528201000,1778528201849,1778528201849,1779437330955,1778528209773,1778528204856.903,849,0,909129106,7924,3007.903,8773,7924,3856.903,3007.903
CSCO,1778528204000,1778528205878,1778528205878,1779437330956,1778528209773,1778528205959.787,1878,0,909125078,3895,81.787,5773,3895,1959.787,81.787
CSCO,1778528205000,1778528206790,1778528206790,1779437330956,1778528221084,1778528209961.638,1790,0,909124166,14294,3171.638,16084,14294,4961.638,3171.638
CSCO,1778528209000,1778528210708,1778528210708,1779437330956,1778528221084,1778528211070.895,1708,0,909120248,10376,362.895,12084,10376,2070.895,362.895
CSCO,1778528211000,1778528211832,1778528211833,1779437330956,1778528221084,1778528213866.648,832,1,909119123,9251,2033.648,10084,9252,2866.648,2034.648
CSCO,1778528214000,1778528214780,1778528214780,1779437330956,1778528221084,1778528215968.697,780,0,909116176,6304,1188.697,7084,6304,1968.697,1188.697
CSCO,1778528215000,1778528216765,1778528216765,1779437330956,1778528221084,1778528216871.228,1765,0,909114191,4319,106.228,6084,4319,1871.228,106.228
CSCO,1778528216000,1778528217821,1778528217821,1779437330957,1778528221084,1778528219871.717,1821,0,909113136,3263,2050.717,5084,3263,3871.717,2050.717
CSCO,1778528219000,1778528220750,1778528220750,1779437330957,1778528221084,1778528220973.055,1750,0,909110207,334,223.055,2084,334,1973.055,223.055
CSCO,1778528220000,1778528221969,1778528221969,1779437330957,1778528232936,1778528222474.259,1969,0,909108988,10967,505.259,12936,10967,2474.259,505.259
CSCO,1778528221000,1778528222067,1778528222067,1779437330957,1778528232936,1778528222774.613,1067,0,909108890,10869,707.613,11936,10869,1774.613,707.613
CSCO,1778528222000,1778528223770,1778528223770,1779437330957,1778528232936,1778528225951.757,1770,0,909107187,9166,2181.757,10936,9166,3951.757,2181.757
CSCO,1778528225000,1778528226763,1778528226763,1779437330957,1778528232936,1778528227879.69,1763,0,909104194,6173,1116.69,7936,6173,2879.69,1116.69
CSCO,1778528227000,1778528228821,1778528228822,1779437330957,1778528232934,1778528228880.963,1821,1,909102135,4112,58.963,5934,4113,1880.963,59.963
CSCO,1778528229000,1778528229662,1778528229662,1779437330957,1778528232936,1778528231783.813,662,0,909101295,3274,2121.813,3936,3274,2783.813,2121.813
CSCO,1778528231000,1778528232783,1778528232784,1779437330958,1778528244810,1778528233986.864,1783,1,909098174,12026,1202.864,13810,12027,2986.864,1203.864
CSCO,1778528234000,1778528234913,1778528234913,1779437330958,1778528244810,1778528239884.27,913,0,909096045,9897,4971.27,10810,9897,5884.27,4971.27
CSCO,1778528239000,1778528240893,1778528240893,1779437330958,1778528244810,1778528241993.747,1893,0,909090065,3917,1100.747,5810,3917,2993.747,1100.747
CSCO,1778528241000,1778528242714,1778528242714,1779437330958,1778528244810,1778528242926.481,1714,0,909088244,2096,212.481,3810,2096,1926.481,212.481
CSCO,1778528242000,1778528243858,1778528243858,1779437330958,1778528244809,1778528243995.801,1858,0,909087100,951,137.801,2809,951,1995.801,137.801
CSCO,1778528243000,1778528244757,1778528244757,1779437330958,1778528256022,1778528244996.537,1757,0,909086201,11265,239.537,13022,11265,1996.537,239.537
CSCO,1778528245000,1778528246821,1778528246821,1779437330958,1778528256022,1778528247846.053,1821,0,909084137,9201,1025.053,11022,9201,2846.053,1025.053
CSCO,1778528248000,1778528248718,1778528248718,1779437330959,1778528256021,1778528250101.599,718,0,909082241,7303,1383.599,8021,7303,2101.599,1383.599
CSCO,1778528249000,1778528250840,1778528250840,1779437330959,1778528256022,1778528251102.783,1840,0,909080119,5182,262.783,7022,5182,2102.783,262.783
CSCO,1778528250000,1778528251839,1778528251839,1779437330959,1778528256022,1778528253856.002,1839,0,909079120,4183,2017.002,6022,4183,3856.002,2017.002
CSCO,1778528253000,1778528254819,1778528254819,1779437330959,1778528256021,1778528255005.483,1819,0,909076140,1202,186.483,3021,1202,2005.483,186.483
CSCO,1778528254000,1778528255862,1778528255862,1779437330959,1778528267931,1778528256981.048,1862,0,909075097,12069,1119.048,13931,12069,2981.048,1119.048
CSCO,1778528256000,1778528257808,1778528257808,1779437330959,1778528267931,1778528264014.188,1808,0,909073151,10123,6206.188,11931,10123,8014.188,6206.188
CSCO,1778528263000,1778528264903,1778528264903,1779437330960,1778528267931,1778528265016.385,1903,0,909066057,3028,113.385,4931,3028,2016.385,113.385
CSCO,1778528265000,1778528266956,1778528266956,1779437330960,1778528279944,1778528272024.03,1956,0,909064004,12988,5068.03,14944,12988,7024.03,5068.03
CSCO,1778528271000,1778528272732,1778528272732,1779437330960,1778528279944,1778528273893.893,1732,0,909058228,7212,1161.893,8944,7212,2893.893,1161.893
CSCO,1778528274000,1778528275738,1778528275738,1779437330960,1778528291754,1778528279932.17,1738,0,909055222,16016,4194.17,17754,16016,5932.17,4194.17
CSCO,1778528279000,1778528280873,1778528280873,1779437330961,1778528291754,1778528281132.495,1873,0,909050088,10881,259.495,12754,10881,2132.495,259.495
CSCO,1778528280000,1778528282222,1778528282222,1779437330961,1778528291754,1778528282333.477,2222,0,909048739,9532,111.477,11754,9532,2333.477,111.477
CSCO,1778528281000,1778528282896,1778528282896,1779437330961,1778528291754,1778528283273.253,1896,0,909048065,8858,377.253,10754,8858,2273.253,377.253
CSCO,1778528282000,1778528283903,1778528283903,1779437330961,1778528291754,1778528284936.674,1903,0,909047058,7851,1033.674,9754,7851,2936.674,1033.674
CSCO,1778528285000,1778528285857,1778528285857,1779437330961,1778528291754,1778528285973.933,857,0,909045104,5897,116.933,6754,5897,973.933,116.933
CSCO,1778528286000,1778528286805,1778528286805,1779437330961,1778528291754,1778528290041.431,805,0,909044156,4949,3236.431,5754,4949,4041.431,3236.431
CSCO,1778528290000,1778528290784,1778528290784,1779437330961,1778528302964,1778528291914.698,784,0,909040177,12180,1130.698,12964,12180,1914.698,1130.698
CSCO,1778528291000,1778528292908,1778528292908,1779437330961,1778528302964,1778528296147.807,1908,0,909038053,10056,3239.807,11964,10056,5147.807,3239.807
CSCO,1778528296000,1778528296935,1778528296935,1779437330962,1778528302964,1778528297902.741,935,0,909034027,6029,967.741,6964,6029,1902.741,967.741
CSCO,1778528299000,1778528299834,1778528299834,1779437330962,1778528314776,1778528303015.427,834,0,909031128,14942,3181.427,15776,14942,4015.427,3181.427
CSCO,1778528302000,1778528303841,1778528303841,1779437330962,1778528314776,1778528305056.541,1841,0,909027121,10935,1215.541,12776,10935,3056.541,1215.541
CSCO,1778528304000,1778528305861,1778528305861,1779437330962,1778528314776,1778528307959.293,1861,0,909025101,8915,2098.293,10776,8915,3959.293,2098.293
CSCO,1778528307000,1778528308910,1778528308910,1779437330962,1778528314776,1778528310027.288,1910,0,909022052,5866,1117.288,7776,5866,3027.288,1117.288
CSCO,1778528310000,1778528310835,1778528310835,1779437330962,1778528314776,1778528312962.819,835,0,909020127,3941,2127.819,4776,3941,2962.819,2127.819
CSCO,1778528312000,1778528314014,1778528314014,1779437330963,1778528314776,1778528314164.238,2014,0,909016949,762,150.238,2776,762,2164.238,150.238
CSCO,1778528314000,1778528314848,1778528314848,1779437330963,1778528326085,1778528316052.619,848,0,909016115,11237,1204.619,12085,11237,2052.619,1204.619
CSCO,1778528316000,1778528316934,1778528316934,1779437330963,1778528326087,1778528318969.913,934,0,909014029,9153,2035.913,10087,9153,2969.913,2035.913
CSCO,1778528319000,1778528319901,1778528319901,1779437330963,1778528326087,1778528320068.97,901,0,909011062,6186,167.97,7087,6186,1068.97,167.97
CSCO,1778528320000,1778528320886,1778528320886,1779437330963,1778528326085,1778528322070.952,886,0,909010077,5199,1184.952,6085,5199,2070.952,1184.952
CSCO,1778528322000,1778528323963,1778528323963,1779437330963,1778528326085,1778528324072.583,1963,0,909007000,2122,109.583,4085,2122,2072.583,109.583
CSCO,1778528323000,1778528324865,1778528324865,1779437330963,1778528326087,1778528324973.13,1865,0,909006098,1222,108.13,3087,1222,1973.13,108.13
CSCO,1778528325000,1778528325906,1778528325906,1779437330963,1778528326087,1778528325974.526,906,0,909005057,181,68.526,1087,181,974.526,68.526
CSCO,1778528326000,1778528327884,1778528327884,1779437330963,1778528338097,1778528328076.43,1884,0,909003079,10213,192.43,12097,10213,2076.43,192.43
CSCO,1778528327000,1778528328913,1778528328913,1779437330964,1778528338097,1778528328975.346,1913,0,909002051,9184,62.346,11097,9184,1975.346,62.346
CSCO,1778528328000,1778528329864,1778528329864,1779437330964,1778528338097,1778528329978.032,1864,0,909001100,8233,114.032,10097,8233,1978.032,114.032
CSCO,1778528330000,1778528330945,1778528330945,1779437330964,1778528338097,1778528331079.43,945,0,909000019,7152,134.43,8097,7152,1079.43,134.43
CSCO,1778528331000,1778528331856,1778528331856,1779437330964,1778528338097,1778528333180.611,856,0,908999108,6241,1324.611,7097,6241,2180.611,1324.611
CSCO,1778528332000,1778528333850,1778528333850,1779437330964,1778528338097,1778528333982.417,1850,0,908997114,4247,132.417,6097,4247,1982.417,132.417
CSCO,1778528334000,1778528334928,1778528334928,1779437330964,1778528338097,1778528335982.174,928,0,908996036,3169,1054.174,4097,3169,1982.174,1054.174
CSCO,1778528335000,1778528336864,1778528336864,1779437330964,1778528338097,1778528337020.711,1864,0,908994100,1233,156.711,3097,1233,2020.711,156.711
CSCO,1778528337000,1778528337892,1778528337892,1779437330964,1778528350013,1778528339987.746,892,0,908993072,12121,2095.746,13013,12121,2987.746,2095.746
CSCO,1778528340000,1778528341095,1778528341095,1779437330964,1778528350013,1778528342489.794,1095,0,908989869,8918,1394.794,10013,8918,2489.794,1394.794
CSCO,1778528342000,1778528343933,1778528343933,1779437330964,1778528350013,1778528344091.437,1933,0,908987031,6080,158.437,8013,6080,2091.437,158.437
CSCO,1778528344000,1778528344859,1778528344859,1779437330964,1778528350013,1778528347994.763,859,0,908986105,5154,3135.763,6013,5154,3994.763,3135.763
CSCO,1778528348000,1778528349193,1778528349193,1779437330965,1778528361219,1778528351014.961,1193,0,908981772,12026,1821.961,13219,12026,3014.961,1821.961
CSCO,1778528352000,1778528352932,1778528352932,1779437330965,1778528361219,1778528354002.363,932,0,908978033,8287,1070.363,9219,8287,2002.363,1070.363
CSCO,1778528355000,1778528355870,1778528355870,1779437330965,1778528361219,1778528357004.4,870,0,908975095,5349,1134.4,6219,5349,2004.4,1134.4
CSCO,1778528356000,1778528357886,1778528357886,1779437330965,1778528361219,1778528357975.447,1886,0,908973079,3333,89.447,5219,3333,1975.447,89.447
CSCO,1778528357000,1778528359035,1778528359035,1779437330965,1778528361219,1778528359106.911,2035,0,908971930,2184,71.911,4219,2184,2106.911,71.911
CSCO,1778528358000,1778528359897,1778528359897,1779437330965,1778528361219,1778528360007.901,1897,0,908971068,1322,110.901,3219,1322,2007.901,110.901
CSCO,1778528359000,1778528360963,1778528360963,1779437330965,1778528361219,1778528361065.828,1963,0,908970002,256,102.828,2219,256,2065.828,102.828
CSCO,1778528360000,1778528361832,1778528361832,1779437330965,1778528372987,1778528361940.23,1832,0,908969133,11155,108.23,12987,11155,1940.23,108.23
CSCO,1778528361000,1778528362869,1778528362869,1779437330966,1778528372987,1778528364011.927,1869,0,908968097,10118,1142.927,11987,10118,3011.927,1142.927
CSCO,1778528364000,1778528364934,1778528364934,1779437330966,1778528372987,1778528368014.446,934,0,908966032,8053,3080.446,8987,8053,4014.446,3080.446
CSCO,1778528367000,1778528368944,1778528368945,1779437330966,1778528372987,1778528370115.963,1944,1,908962021,4042,1170.963,5987,4043,3115.963,1171.963
CSCO,1778528369000,1778528370939,1778528370939,1779437330966,1778528372987,1778528372118.762,1939,0,908960027,2048,1179.762,3987,2048,3118.762,1179.762
CSCO,1778528372000,1778528372871,1778528372871,1779437330966,1778528384041,1778528376948.552,871,0,908958095,11170,4077.552,12041,11170,4948.552,4077.552
CSCO,1778528376000,1778528377978,1778528377978,1779437330967,1778528384040,1778528378224.04,1978,0,908952989,6062,246.04,8040,6062,2224.04,246.04
CSCO,1778528377000,1778528378931,1778528378931,1779437330967,1778528384041,1778528380003.764,1931,0,908952036,5110,1072.764,7041,5110,3003.764,1072.764
CSCO,1778528379000,1778528380907,1778528380907,1779437330967,1778528384041,1778528381027.793,1907,0,908950060,3134,120.793,5041,3134,2027.793,120.793
CSCO,1778528381000,1778528381908,1778528381908,1779437330967,1778528384041,1778528382946.158,908,0,908949059,2133,1038.158,3041,2133,1946.158,1038.158
CSCO,1778528382000,1778528383923,1778528383923,1779437330967,1778528395852,1778528384030.749,1923,0,908947044,11929,107.749,13852,11929,2030.749,107.749
CSCO,1778528383000,1778528384930,1778528384931,1779437330967,1778528395852,1778528387233.034,1930,1,908946036,10921,2302.034,12852,10922,4233.034,2303.034
CSCO,1778528387000,1778528387995,1778528387995,1779437330967,1778528395852,1778528389034.155,995,0,908942972,7857,1039.155,8852,7857,2034.155,1039.155
CSCO,1778528389000,1778528390086,1778528390086,1779437330967,1778528395852,1778528390235.824,1086,0,908940881,5766,149.824,6852,5766,1235.824,149.824
CSCO,1778528390000,1778528391158,1778528391158,1779437330967,1778528395852,1778528391236.657,1158,0,908939809,4694,78.657,5852,4694,1236.657,78.657
CSCO,1778528391000,1778528391940,1778528391940,1779437330968,1778528395852,1778528395140.747,940,0,908939028,3912,3200.747,4852,3912,4140.747,3200.747
CSCO,1778528395000,1778528395918,1778528395918,1779437330968,1778528406162,1778528398042.852,918,0,908935050,10244,2124.852,11162,10244,3042.852,2124.852
CSCO,1778528398000,1778528398943,1778528398943,1779437330968,1778528406162,1778528399045.668,943,0,908932025,7219,102.668,8162,7219,1045.668,102.668
CSCO,1778528399000,1778528399938,1778528399938,1779437330968,1778528406162,1778528400245.84,938,0,908931030,6224,307.84,7162,6224,1245.84,307.84
CSCO,1778528400000,1778528401042,1778528401042,1779437330968,1778528406162,1778528402746.265,1042,0,908929926,5120,1704.265,6162,5120,2746.265,1704.265
CSCO,1778528401000,1778528403134,1778528403134,1779437330968,1778528406162,1778528403448.552,2134,0,908927834,3028,314.552,5162,3028,2448.552,314.552
CSCO,1778528403000,1778528403989,1778528403989,1779437330968,1778528417274,1778528406151.937,989,0,908926979,13285,2162.937,14274,13285,3151.937,2162.937
CSCO,1778528406000,1778528406991,1778528406992,1779437330969,1778528417274,1778528408008.463,991,1,908923977,10282,1016.463,11274,10283,2008.463,1017.463
CSCO,1778528407000,1778528408943,1778528408943,1779437330969,1778528417273,1778528409056.245,1943,0,908922026,8330,113.245,10273,8330,2056.245,113.245
CSCO,1778528409000,1778528410128,1778528410128,1779437330969,1778528417273,1778528411057.057,1128,0,908920841,7145,929.057,8273,7145,2057.057,929.057
CSCO,1778528410000,1778528411999,1778528412000,1779437330969,1778528417274,1778528412057.886,1999,1,908918969,5274,57.886,7274,5275,2057.886,58.886
CSCO,1778528412000,1778528412937,1778528412937,1779437330969,1778528428785,1778528418262.796,937,0,908918032,15848,5325.796,16785,15848,6262.796,5325.796
CSCO,1778528417000,1778528418926,1778528418926,1779437330969,1778528428785,1778528423067.362,1926,0,908912043,9859,4141.362,11785,9859,6067.362,4141.362
CSCO,1778528423000,1778528423974,1778528423974,1779437330970,1778528428785,1778528425269.983,974,0,908906996,4811,1295.983,5785,4811,2269.983,1295.983
CSCO,1778528424000,1778528425901,1778528425901,1779437330970,1778528440167,1778528430038.126,1901,0,908905069,14266,4137.126,16167,14266,6038.126,4137.126
CSCO,1778528429000,1778528431144,1778528431144,1779437330970,1778528440097,1778528434042.521,2144,0,908899826,8953,2898.521,11097,8953,5042.521,2898.521
CSCO,1778528433000,1778528434965,1778528434965,1779437330970,1778528440097,1778528435080.576,1965,0,908896005,5132,115.576,7097,5132,2080.576,115.576
CSCO,1778528434000,1778528435948,1778528435948,1779437330971,1778528440167,1778528438063.842,1948,0,908895023,4219,2115.842,6167,4219,4063.842,2115.842
CSCO,1778528437000,1778528438934,1778528438934,1779437330971,1778528440097,1778528439984.743,1934,0,908892037,1163,1050.743,3097,1163,2984.743,1050.743
CSCO,1778528439000,1778528440931,1778528440931,1779437330971,1778528452111,1778528443087.831,1931,0,908890040,11180,2156.831,13111,11180,4087.831,2156.831
CSCO,1778528443000,1778528444002,1778528444002,1779437330971,1778528452111,1778528444090.507,1002,0,908886969,8109,88.507,9111,8109,1090.507,88.507
CSCO,1778528444000,1778528444919,1778528444919,1779437330971,1778528452111,1778528446190.281,919,0,908886052,7192,1271.281,8111,7192,2190.281,1271.281
CSCO,1778528445000,1778528446073,1778528446073,1779437330971,1778528452111,1778528446190.294,1073,0,908884898,6038,117.294,7111,6038,1190.294,117.294
CSCO,1778528446000,1778528447022,1778528447023,1779437330971,1778528452111,1778528448092.417,1022,1,908883948,5088,1069.417,6111,5089,2092.417,1070.417
CSCO,1778528447000,1778528448920,1778528448920,1779437330971,1778528452108,1778528450095.563,1920,0,908882051,3188,1175.563,5108,3188,3095.563,1175.563
CSCO,1778528450000,1778528450988,1778528450988,1779437330972,1778528452111,1778528451262.358,988,0,908879984,1123,274.358,2111,1123,1262.358,274.358
CSCO,1778528451000,1778528452000,1778528452000,1779437330972,1778528463219,1778528453097.219,1000,0,908878972,11219,1097.219,12219,11219,2097.219,1097.219
CSCO,1778528452000,1778528453967,1778528453967,1779437330972,1778528463219,1778528458201.597,1967,0,908877005,9252,4234.597,11219,9252,6201.597,4234.597
CSCO,1778528457000,1778528458949,1778528458949,1779437330972,1778528463219,1778528459102.775,1949,0,908872023,4270,153.775,6219,4270,2102.775,153.775
CSCO,1778528458000,1778528459927,1778528459928,1779437330972,1778528463219,1778528460204.079,1927,1,908871044,3291,276.079,5219,3292,2204.079,277.079
CSCO,1778528459000,1778528460987,1778528460987,1779437330972,1778528463219,1778528462305.987,1987,0,908869985,2232,1318.987,4219,2232,3305.987,1318.987
CSCO,1778528462000,1778528463020,1778528463020,1779437330973,1778528475230,1778528463307.214,1020,0,908867953,12210,287.214,13230,12210,1307.214,287.214
CSCO,1778528463000,1778528463958,1778528463958,1779437330973,1778528475230,1778528465109.089,958,0,908867015,11272,1151.089,12230,11272,2109.089,1151.089
CSCO,1778528465000,1778528465966,1778528465966,1779437330973,1778528475230,1778528467110.415,966,0,908865007,9264,1144.415,10230,9264,2110.415,1144.415
CSCO,1778528467000,1778528468914,1778528468914,1779437330973,1778528475230,1778528469012.118,1914,0,908862059,6316,98.118,8230,6316,2012.118,98.118
CSCO,1778528469000,1778528469976,1778528469976,1779437330973,1778528475230,1778528472015.444,976,0,908860997,5254,2039.444,6230,5254,3015.444,2039.444
CSCO,1778528472000,1778528473020,1778528473020,1779437330973,1778528486940,1778528475219.161,1020,0,908857953,13920,2199.161,14940,13920,3219.161,2199.161
CSCO,1778528474000,1778528475964,1778528475964,1779437330973,1778528486940,1778528476020.145,1964,0,908855009,10976,56.145,12940,10976,2020.145,56.145
CSCO,1778528475000,1778528477015,1778528477015,1779437330973,1778528486940,1778528477071.888,2015,0,908853958,9925,56.888,11940,9925,2071.888,56.888
CSCO,1778528477000,1778528477980,1778528477981,1779437330974,1778528486939,1778528478121.443,980,1,908852993,8958,140.443,9939,8959,1121.443,141.443
CSCO,1778528478000,1778528479109,1778528479109,1779437330974,1778528486940,1778528481024.428,1109,0,908851865,7831,1915.428,8940,7831,3024.428,1915.428
CSCO,1778528481000,1778528481885,1778528481885,1779437330974,1778528486940,1778528486128.836,885,0,908849089,5055,4243.836,5940,5055,5128.836,4243.836
CSCO,1778528486000,1778528486976,1778528486976,1779437330974,1778528498153,1778528488130.92,976,0,908843998,11177,1154.92,12153,11177,2130.92,1154.92
CSCO,1778528488000,1778528489299,1778528489300,1779437330974,1778528498153,1778528489431.907,1299,1,908841674,8853,131.907,10153,8854,1431.907,132.907
CSCO,1778528489000,1778528490014,1778528490014,1779437330974,1778528498153,1778528491333.618,1014,0,908840960,8139,1319.618,9153,8139,2333.618,1319.618
CSCO,1778528490000,1778528492070,1778528492070,1779437330974,1778528498153,1778528492135.91,2070,0,908838904,6083,65.91,8153,6083,2135.91,65.91
CSCO,1778528492000,1778528493065,1778528493065,1779437330974,1778528498153,1778528493235.802,1065,0,908837909,5088,170.802,6153,5088,1235.802,170.802
CSCO,1778528493000,1778528494083,1778528494083,1779437330975,1778528509165,1778528498141.654,1083,0,908836892,15082,4058.654,16165,15082,5141.654,4058.654
CSCO,1778528497000,1778528498962,1778528498962,1779437330975,1778528509165,1778528500143.119,1962,0,908832013,10203,1181.119,12165,10203,3143.119,1181.119
CSCO,1778528499000,1778528500984,1778528500984,1779437330975,1778528509165,1778528501143.347,1984,0,908829991,8181,159.347,10165,8181,2143.347,159.347
CSCO,1778528500000,1778528502007,1778528502007,1779437330975,1778528509165,1778528502146.567,2007,0,908828968,7158,139.567,9165,7158,2146.567,139.567
CSCO,1778528501000,1778528502981,1778528502981,1779437330975,1778528509165,1778528503245.375,1981,0,908827994,6184,264.375,8165,6184,2245.375,264.375
CSCO,1778528502000,1778528504135,1778528504135,1779437330975,1778528509165,1778528505051.151,2135,0,908826840,5030,916.151,7165,5030,3051.151,916.151
CSCO,1778528505000,1778528505964,1778528505964,1779437330975,1778528509165,1778528507151.399,964,0,908825011,3201,1187.399,4165,3201,2151.399,1187.399
CSCO,1778528506000,1778528507955,1778528507955,1779437330976,1778528509165,1778528508052.75,1955,0,908823021,1210,97.75,3165,1210,2052.75,97.75
CSCO,1778528507000,1778528509002,1778528509002,1779437330976,1778528521075,1778528511054.719,2002,0,908821974,12073,2052.719,14075,12073,4054.719,2052.719
CSCO,1778528510000,1778528511966,1778528511966,1779437330976,1778528521075,1778528514258.344,1966,0,908819010,9109,2292.344,11075,9109,4258.344,2292.344
CSCO,1778528513000,1778528515039,1778528515039,1779437330976,1778528521075,1778528515159.069,2039,0,908815937,6036,120.069,8075,6036,2159.069,120.069
CSCO,1778528514000,1778528515947,1778528515948,1779437330976,1778528521075,1778528517161.042,1947,1,908815028,5127,1213.042,7075,5128,3161.042,1214.042
CSCO,1778528516000,1778528517954,1778528517954,1779437330976,1778528521075,1778528519162.42,1954,0,908813022,3121,1208.42,5075,3121,3162.42,1208.42
CSCO,1778528519000,1778528521035,1778528521035,1779437330976,1778528532086,1778528521264.31,2035,0,908809941,11051,229.31,13086,11051,2264.31,229.31
CSCO,1778528521000,1778528522273,1778528522273,1779437330976,1778528532087,1778528522765.761,1273,0,908808703,9814,492.761,11087,9814,1765.761,492.761
CSCO,1778528523000,1778528524069,1778528524070,1779437330976,1778528532086,1778528524467.325,1069,1,908806906,8016,397.325,9086,8017,1467.325,398.325
CSCO,1778528524000,1778528524955,1778528524955,1779437330977,1778528532087,1778528526069.409,955,0,908806022,7132,1114.409,8087,7132,2069.409,1114.409
CSCO,1778528526000,1778528527009,1778528527009,1779437330977,1778528532087,1778528528092.641,1009,0,908803968,5078,1083.641,6087,5078,2092.641,1083.641
CSCO,1778528528000,1778528528998,1778528528998,1779437330977,1778528543144,1778528532276.255,998,0,908801979,14146,3278.255,15144,14146,4276.255,3278.255
CSCO,1778528531000,1778528532985,1778528532985,1779437330977,1778528543144,1778528534142.299,1985,0,908797992,10159,1157.299,12144,10159,3142.299,1157.299
CSCO,1778528535000,1778528536016,1778528536016,1779437330977,1778528543143,1778528536179.308,1016,0,908794961,7127,163.308,8143,7127,1179.308,163.308
CSCO,1778528536000,1778528537223,1778528537223,1779437330977,1778528543144,1778528537280.882,1223,0,908793754,5921,57.882,7144,5921,1280.882,57.882
CSCO,1778528537000,1778528538024,1778528538024,1779437330977,1778528543144,1778528541384.487,1024,0,908792953,5120,3360.487,6144,5120,4384.487,3360.487
CSCO,1778528540000,1778528541997,1778528541997,1779437330978,1778528543144,1778528543086.066,1997,0,908788981,1147,1089.066,3144,1147,3086.066,1089.066
CSCO,1778528543000,1778528544047,1778528544047,1779437330978,1778528554310,1778528545138.531,1047,0,908786931,10263,1091.531,11310,10263,2138.531,1091.531
CSCO,1778528544000,1778528545968,1778528545968,1779437330978,1778528554310,1778528547152.954,1968,0,908785010,8342,1184.954,10310,8342,3152.954,1184.954
CSCO,1778528547000,1778528547993,1778528547993,1779437330978,1778528554310,1778528551112.637,993,0,908782985,6317,3119.637,7310,6317,4112.637,3119.637
CSCO,1778528551000,1778528552077,1778528552078,1779437330978,1778528566021,1778528555198.443,1077,1,908778900,13943,3120.443,15021,13944,4198.443,3121.443
CSCO,1778528555000,1778528556049,1778528556050,1779437330979,1778528566021,1778528558100.928,1049,1,908774929,9971,2050.928,11021,9972,3100.928,2051.928
CSCO,1778528557000,1778528559069,1778528559069,1779437330979,1778528566021,1778528562308.128,2069,0,908771910,6952,3239.128,9021,6952,5308.128,3239.128
CSCO,1778528561000,1778528563017,1778528563017,1779437330979,1778528566021,1778528563209.048,2017,0,908767962,3004,192.048,5021,3004,2209.048,192.048
CSCO,1778528562000,1778528564215,1778528564215,1779437330979,1778528565923,1778528564284.645,2215,0,908766764,1708,69.645,3923,1708,2284.645,69.645
CSCO,1778528563000,1778528565032,1778528565032,1779437330979,1778528566021,1778528565091.401,2032,0,908765947,989,59.401,3021,989,2091.401,59.401
CSCO,1778528565000,1778528566211,1778528566211,1779437330979,1778528576933,1778528568114.883,1211,0,908764768,10722,1903.883,11933,10722,3114.883,1903.883
CSCO,1778528568000,1778528569001,1778528569001,1779437330979,1778528576933,1778528572217.843,1001,0,908761978,7932,3216.843,8933,7932,4217.843,3216.843
CSCO,1778528572000,1778528573041,1778528573041,1779437330980,1778528576933,1778528574220.44,1041,0,908757939,3892,1179.44,4933,3892,2220.44,1179.44
CSCO,1778528574000,1778528575058,1778528575058,1779437330980,1778528576933,1778528575222.03,1058,0,908755922,1875,164.03,2933,1875,1222.03,164.03
CSCO,1778528575000,1778528576147,1778528576147,1779437330980,1778528576933,1778528576237.887,1147,0,908754833,786,90.887,1933,786,1237.887,90.887
CSCO,1778528577000,1778528578150,1778528578150,1779437330980,1778528588143,1778528578323.832,1150,0,908752830,9993,173.832,11143,9993,1323.832,173.832
CSCO,1778528578000,1778528579061,1778528579061,1779437330980,1778528588143,1778528580110.212,1061,0,908751919,9082,1049.212,10143,9082,2110.212,1049.212
CSCO,1778528580000,1778528581104,1778528581104,1779437330980,1778528588143,1778528581230.101,1104,0,908749876,7039,126.101,8143,7039,1230.101,126.101
CSCO,1778528581000,1778528582268,1778528582268,1779437330980,1778528588143,1778528584432.768,1268,0,908748712,5875,2164.768,7143,5875,3432.768,2164.768
CSCO,1778528584000,1778528584986,1778528584986,1779437330980,1778528599056,1778528588336.754,986,0,908745994,14070,3350.754,15056,14070,4336.754,3350.754
CSCO,1778528587000,1778528589064,1778528589065,1779437330981,1778528599056,1778528589138.033,2064,1,908741916,9991,73.033,12056,9992,2138.033,74.033
CSCO,1778528589000,1778528590058,1778528590058,1779437330981,1778528599056,1778528595144.245,1058,0,908740923,8998,5086.245,10056,8998,6144.245,5086.245
CSCO,1778528595000,1778528596040,1778528596040,1779437330981,1778528610137,1778528599248.193,1040,0,908734941,14097,3208.193,15137,14097,4248.193,3208.193
CSCO,1778528599000,1778528600043,1778528600044,1779437330981,1778528610137,1778528602152.056,1043,1,908730937,10093,2108.056,11137,10094,3152.056,2109.056
CSCO,1778528602000,1778528603031,1778528603031,1779437330982,1778528610137,1778528604253.705,1031,0,908727951,7106,1222.705,8137,7106,2253.705,1222.705
CSCO,1778528604000,1778528605091,1778528605091,1779437330982,1778528610137,1778528606256.399,1091,0,908725891,5046,1165.399,6137,5046,2256.399,1165.399
CSCO,1778528606000,1778528607091,1778528607091,1779437330982,1778528622147,1778528614362.981,1091,0,908723891,15056,7271.981,16147,15056,8362.981,7271.981
CSCO,1778528614000,1778528615092,1778528615092,1779437330982,1778528622147,1778528616304.726,1092,0,908715890,7055,1212.726,8147,7055,2304.726,1212.726
CSCO,1778528615000,1778528616979,1778528616980,1779437330983,1778528622147,1778528617065.134,1979,1,908714003,5167,85.134,7147,5168,2065.134,86.134
CSCO,1778528617000,1778528618236,1778528618236,1779437330983,1778528622147,1778528620169.637,1236,0,908712747,3911,1933.637,5147,3911,3169.637,1933.637
CSCO,1778528619000,1778528621117,1778528621118,1779437330983,1778528622147,1778528621270.388,2117,1,908709865,1029,152.388,3147,1030,2270.388,153.388
CSCO,1778528621000,1778528622090,1778528622091,1779437330983,1778528633391,1778528624272.689,1090,1,908708892,11300,2181.689,12391,11301,3272.689,2182.689
CSCO,1778528624000,1778528625092,1778528625092,1779437330983,1778528633391,1778528626278.186,1092,0,908705891,8299,1186.186,9391,8299,2278.186,1186.186
CSCO,1778528625000,1778528627098,1778528627099,1779437330983,1778528633391,1778528627176.379,2098,1,908703884,6292,77.379,8391,6293,2176.379,78.379
CSCO,1778528626000,1778528628102,1778528628103,1779437330983,1778528633391,1778528629477.501,2102,1,908702880,5288,1374.501,7391,5289,3477.501,1375.501
CSCO,1778528629000,1778528630205,1778528630205,1779437330983,1778528633391,1778528631321.603,1205,0,908700778,3186,1116.603,4391,3186,2321.603,1116.603
CSCO,1778528630000,1778528631996,1778528631996,1779437330984,1778528633391,1778528633181.286,1996,0,908698988,1395,1185.286,3391,1395,3181.286,1185.286
CSCO,1778528633000,1778528634086,1778528634086,1779437330984,1778528644201,1778528637286.4,1086,0,908696898,10115,3200.4,11201,10115,4286.4,3200.4
CSCO,1778528637000,1778528638086,1778528638086,1779437330984,1778528644201,1778528640188.928,1086,0,908692898,6115,2102.928,7201,6115,3188.928,2102.928
CSCO,1778528640000,1778528641350,1778528641350,1779437330984,1778528644201,1778528641491.38,1350,0,908689634,2851,141.38,4201,2851,1491.38,141.38
CSCO,1778528641000,1778528642250,1778528642250,1779437330984,1778528644201,1778528642343.388,1250,0,908688734,1951,93.388,3201,1951,1343.388,93.388
CSCO,1778528642000,1778528643178,1778528643178,1779437330984,1778528644201,1778528643391.973,1178,0,908687806,1023,213.973,2201,1023,1391.973,213.973
CSCO,1778528643000,1778528644051,1778528644051,1779437330984,1778528655183,1778528645194.982,1051,0,908686933,11132,1143.982,12183,11132,2194.982,1143.982
CSCO,1778528645000,1778528646238,1778528646238,1779437330985,1778528655183,1778528651135.204,1238,0,908684747,8945,4897.204,10183,8945,6135.204,4897.204
CSCO,1778528651000,1778528652145,1778528652145,1779437330985,1778528655183,1778528654403.522,1145,0,908678840,3038,2258.522,4183,3038,3403.522,2258.522
CSCO,1778528654000,1778528655043,1778528655043,1779437330985,1778528666924,1778528656405.698,1043,0,908675942,11881,1362.698,12924,11881,2405.698,1362.698
CSCO,1778528656000,1778528657156,1778528657157,1779437330985,1778528666924,1778528658106.791,1156,1,908673828,9767,949.791,10924,9768,2106.791,950.791
CSCO,1778528659000,1778528660086,1778528660086,1779437330985,1778528666924,1778528664313.494,1086,0,908670899,6838,4227.494,7924,6838,5313.494,4227.494
CSCO,1778528664000,1778528665239,1778528665239,1779437330986,1778528666924,1778528665313.224,1239,0,908665747,1685,74.224,2924,1685,1313.224,74.224
CSCO,1778528665000,1778528666109,1778528666109,1779437330986,1778528677936,1778528668317.503,1109,0,908664877,11827,2208.503,12936,11827,3317.503,2208.503
CSCO,1778528668000,1778528669154,1778528669155,1779437330986,1778528677936,1778528669217.928,1154,1,908661831,8781,62.928,9936,8782,1217.928,63.928
CSCO,1778528669000,1778528670171,1778528670171,1779437330986,1778528677936,1778528670418.521,1171,0,908660815,7765,247.521,8936,7765,1418.521,247.521
CSCO,1778528670000,1778528671110,1778528671110,1779437330986,1778528677936,1778528673320.596,1110,0,908659876,6826,2210.596,7936,6826,3320.596,2210.596
CSCO,1778528673000,1778528674157,1778528674157,1779437330986,1778528677936,1778528676423.21,1157,0,908656829,3779,2266.21,4936,3779,3423.21,2266.21
CSCO,1778528676000,1778528677078,1778528677078,1779437330987,1778528689148,1778528678225.696,1078,0,908653909,12070,1147.696,13148,12070,2225.696,1147.696
CSCO,1778528677000,1778528679087,1778528679087,1779437330987,1778528689148,1778528680167.444,2087,0,908651900,10061,1080.444,12148,10061,3167.444,1080.444
CSCO,1778528679000,1778528681095,1778528681095,1779437330987,1778528689148,1778528683429.853,2095,0,908649892,8053,2334.853,10148,8053,4429.853,2334.853
CSCO,1778528682000,1778528684113,1778528684113,1779437330987,1778528689148,1778528684231.323,2113,0,908646874,5035,118.323,7148,5035,2231.323,118.323
CSCO,1778528683000,1778528685056,1778528685056,1779437330987,1778528689148,1778528685131.626,2056,0,908645931,4092,75.626,6148,4092,2131.626,75.626
CSCO,1778528685000,1778528686094,1778528686094,1779437330987,1778528689148,1778528686172.49,1094,0,908644893,3054,78.49,4148,3054,1172.49,78.49
CSCO,1778528686000,1778528687107,1778528687107,1779437330987,1778528699957,1778528689168.396,1107,0,908643880,12850,2061.396,13957,12850,3168.396,2061.396
CSCO,1778528689000,1778528690193,1778528690194,1779437330987,1778528699960,1778528693239.271,1193,1,908640793,9766,3045.271,10960,9767,4239.271,3046.271
CSCO,1778528693000,1778528694068,1778528694068,1779437330988,1778528699960,1778528695241.182,1068,0,908636920,5892,1173.182,6960,5892,2241.182,1173.182
CSCO,1778528695000,1778528696075,1778528696075,1779437330988,1778528699960,1778528696143.172,1075,0,908634913,3885,68.172,4960,3885,1143.172,68.172
CSCO,1778528697000,1778528698063,1778528698063,1779437330988,1778528699960,1778528698144.278,1063,0,908632925,1897,81.278,2960,1897,1144.278,81.278
CSCO,1778528698000,1778528699329,1778528699329,1779437330988,1778528709268,1778528700445.894,1329,0,908631659,9939,1116.894,11268,9939,2445.894,1116.894
CSCO,1778528700000,1778528701318,1778528701318,1779437330988,1778528709268,1778528703407.302,1318,0,908629670,7950,2089.302,9268,7950,3407.302,2089.302
CSCO,1778528702000,1778528703255,1778528703256,1779437330988,1778528709268,1778528705251.948,1255,1,908627732,6012,1995.948,7268,6013,3251.948,1996.948
CSCO,1778528704000,1778528706153,1778528706153,1779437330989,1778528709268,1778528707253.219,2153,0,908624836,3115,1100.219,5268,3115,3253.219,1100.219
CSCO,1778528707000,1778528708114,1778528708115,1779437330989,1778528709268,1778528709155.187,1114,1,908622874,1153,1040.187,2268,1154,2155.187,1041.187
CSCO,1778528708000,1778528710112,1778528710112,1779437330989,1778528721178,1778528710256.53,2112,0,908620877,11066,144.53,13178,11066,2256.53,144.53
CSCO,1778528709000,1778528711056,1778528711056,1779437330989,1778528721178,1778528712258.4,2056,0,908619933,10122,1202.4,12178,10122,3258.4,1202.4
CSCO,1778528713000,1778528715446,1778528715446,1779437330989,1778528732189,1778528722171.331,2446,0,908615543,16743,6725.331,19189,16743,9171.331,6725.331
CSCO,1778528722000,1778528723096,1778528723096,1779437330989,1778528732189,1778528724273.854,1096,0,908607893,9093,1177.854,10189,9093,2273.854,1177.854
CSCO,1778528723000,1778528724195,1778528724195,1779437330990,1778528732189,1778528725375.491,1195,0,908606795,7994,1180.491,9189,7994,2375.491,1180.491
CSCO,1778528725000,1778528726060,1778528726060,1779437330990,1778528732189,1778528726175.557,1060,0,908604930,6129,115.557,7189,6129,1175.557,115.557
CSCO,1778528726000,1778528727098,1778528727098,1779437330990,1778528732189,1778528727176.766,1098,0,908603892,5091,78.766,6189,5091,1176.766,78.766
CSCO,1778528727000,1778528729195,1778528729195,1779437330990,1778528732189,1778528730179.521,2195,0,908601795,2994,984.521,5189,2994,3179.521,984.521
CSCO,1778528730000,1778528731207,1778528731207,1779437330990,1778528743399,1778528733182.772,1207,0,908599783,12192,1975.772,13399,12192,3182.772,1975.772
CSCO,1778528732000,1778528734301,1778528734301,1779437330990,1778528743399,1778528735284.842,2301,0,908596689,9098,983.842,11399,9098,3284.842,983.842
CSCO,1778528735000,1778528736227,1778528736228,1779437330990,1778528743399,1778528738195.074,1227,1,908594762,7171,1967.074,8399,7172,3195.074,1968.074
CSCO,1778528738000,1778528739212,1778528739212,1779437330991,1778528743399,1778528740389.623,1212,0,908591779,4187,1177.623,5399,4187,2389.623,1177.623
CSCO,1778528740000,1778528741255,1778528741255,1779437330991,1778528755011,1778528744394.111,1255,0,908589736,13756,3139.111,15011,13756,4394.111,3139.111
CSCO,1778528744000,1778528745111,1778528745112,1779437330991,1778528755011,1778528747297.726,1111,1,908585879,9899,2185.726,11011,9900,3297.726,2186.726
CSCO,1778528747000,1778528748300,1778528748300,1779437330991,1778528755011,1778528749198.813,1300,0,908582691,6711,898.813,8011,6711,2198.813,898.813
CSCO,1778528748000,1778528750255,1778528750255,1779437330991,1778528755011,1778528750400.587,2255,0,908580736,4756,145.587,7011,4756,2400.587,145.587
CSCO,1778528750000,1778528751116,1778528751116,1779437330991,1778528755011,1778528752202.124,1116,0,908579875,3895,1086.124,5011,3895,2202.124,1086.124
CSCO,1778528752000,1778528753141,1778528753141,1779437330992,1778528755011,1778528754303.917,1141,0,908577851,1870,1162.917,3011,1870,2303.917,1162.917
CSCO,1778528753000,1778528755173,1778528755173,1779437330992,1778528766425,1778528755605.512,2173,0,908575819,11252,432.512,13425,11252,2605.512,432.512
CSCO,1778528754000,1778528756106,1778528756107,1779437330992,1778528766425,1778528756205.532,2106,1,908574885,10318,98.532,12425,10319,2205.532,99.532
CSCO,1778528756000,1778528757164,1778528757164,1779437330992,1778528766425,1778528758207.775,1164,0,908573828,9261,1043.775,10425,9261,2207.775,1043.775
CSCO,1778528758000,1778528759100,1778528759100,1779437330992,1778528766425,1778528760310.186,1100,0,908571892,7325,1210.186,8425,7325,2310.186,1210.186
CSCO,1778528760000,1778528761360,1778528761360,1779437330992,1778528766425,1778528761510.385,1360,0,908569632,5065,150.385,6425,5065,1510.385,150.385
CSCO,1778528761000,1778528762248,1778528762248,1779437330992,1778528766425,1778528764207.771,1248,0,908568744,4177,1959.771,5425,4177,3207.771,1959.771
CSCO,1778528763000,1778528765198,1778528765198,1779437330992,1778528766425,1778528765314.32,2198,0,908565794,1227,116.32,3425,1227,2314.32,116.32
CSCO,1778528764000,1778528766185,1778528766185,1779437330992,1778528778165,1778528768217.579,2185,0,908564807,11980,2032.579,14165,11980,4217.579,2032.579
CSCO,1778528768000,1778528769165,1778528769165,1779437330993,1778528778165,1778528769518.498,1165,0,908561828,9000,353.498,10165,9000,1518.498,353.498
CSCO,1778528769000,1778528770156,1778528770156,1779437330993,1778528778165,1778528771220.338,1156,0,908560837,8009,1064.338,9165,8009,2220.338,1064.338
CSCO,1778528770000,1778528772239,1778528772239,1779437330993,1778528778165,1778528775324.892,2239,0,908558754,5926,3085.892,8165,5926,5324.892,3085.892
CSCO,1778528775000,1778528776253,1778528776253,1779437330993,1778528789325,1778528783389.824,1253,0,908554740,13072,7136.824,14325,13072,8389.824,7136.824
CSCO,1778528783000,1778528784228,1778528784228,1779437330994,1778528789325,1778528784334.053,1228,0,908546766,5097,106.053,6325,5097,1334.053,106.053
CSCO,1778528784000,1778528785167,1778528785167,1779437330994,1778528789325,1778528785235.418,1167,0,908545827,4158,68.418,5325,4158,1235.418,68.418
CSCO,1778528785000,1778528786105,1778528786106,1779437330994,1778528789325,1778528787237.255,1105,1,908544888,3219,1131.255,4325,3220,2237.255,1132.255
CSCO,1778528787000,1778528788172,1778528788172,1779437330994,1778528789325,1778528789238.921,1172,0,908542822,1153,1066.921,2325,1153,2238.921,1066.921
CSCO,1778528790000,1778528791220,1778528791220,1779437330994,1778528800358,1778528791397.628,1220,0,908539774,9138,177.628,10358,9138,1397.628,177.628
CSCO,1778528791000,1778528792167,1778528792168,1779437330994,1778528800358,1778528795235.472,1167,1,908538826,8190,3067.472,9358,8191,4235.472,3068.472
CSCO,1778528795000,1778528796212,1778528796212,1779437330994,1778528800358,1778528799249.393,1212,0,908534782,4146,3037.393,5358,4146,4249.393,3037.393
CSCO,1778528798000,1778528800314,1778528800314,1779437330995,1778528811972,1778528801250.921,2314,0,908530681,11658,936.921,13972,11658,3250.921,936.921
CSCO,1778528800000,1778528802280,1778528802280,1779437330995,1778528811972,1778528802451.916,2280,0,908528715,9692,171.916,11972,9692,2451.916,171.916
CSCO,1778528802000,1778528803148,1778528803148,1779437330995,1778528811972,1778528803253.41,1148,0,908527847,8824,105.41,9972,8824,1253.41,105.41
CSCO,1778528803000,1778528804261,1778528804261,1779437330995,1778528811972,1778528805355.238,1261,0,908526734,7711,1094.238,8972,7711,2355.238,1094.238
CSCO,1778528805000,1778528806164,1778528806165,1779437330995,1778528811972,1778528807457.15,1164,1,908524830,5807,1292.15,6972,5808,2457.15,1293.15
CSCO,1778528807000,1778528808170,1778528808170,1779437330995,1778528811972,1778528810259.384,1170,0,908522825,3802,2089.384,4972,3802,3259.384,2089.384
CSCO,1778528810000,1778528811221,1778528811222,1779437330995,1778528823281,1778528812361.385,1221,1,908519773,12059,1139.385,13281,12060,2361.385,1140.385
CSCO,1778528813000,1778528814180,1778528814180,1779437330996,1778528823280,1778528814363.46,1180,0,908516816,9100,183.46,10280,9100,1363.46,183.46
CSCO,1778528814000,1778528815171,1778528815171,1779437330996,1778528823281,1778528819568.531,1171,0,908515825,8110,4397.531,9281,8110,5568.531,4397.531
CSCO,1778528819000,1778528821393,1778528821393,1779437330996,1778528823280,1778528821470.568,2393,0,908509603,1887,77.568,4280,1887,2470.568,77.568
CSCO,1778528821000,1778528822319,1778528822319,1779437330996,1778528834494,1778528824272.922,1319,0,908508677,12175,1953.922,13494,12175,3272.922,1953.922
CSCO,1778528823000,1778528825122,1778528825122,1779437330996,1778528834494,1778528828276.843,2122,0,908505874,9372,3154.843,11494,9372,5276.843,3154.843
CSCO,1778528827000,1778528829262,1778528829262,1779437330997,1778528834494,1778528832481.948,2262,0,908501735,5232,3219.948,7494,5232,5481.948,3219.948
CSCO,1778528832000,1778528833146,1778528833146,1779437330997,1778528834494,1778528833282.397,1146,0,908497851,1348,136.397,2494,1348,1282.397,136.397
CSCO,1778528833000,1778528834373,1778528834373,1779437330997,1778528846211,1778528842295.058,1373,0,908496624,11838,7922.058,13211,11838,9295.058,7922.058
CSCO,1778528841000,1778528843147,1778528843148,1779437330998,1778528846211,1778528843347.407,2147,1,908487850,3063,199.407,5211,3064,2347.407,200.407
CSCO,1778528843000,1778528844198,1778528844198,1779437330998,1778528858020,1778528847398.0,1198,0,908486800,13822,3200.0,15020,13822,4398.0,3200.0
CSCO,1778528846000,1778528848173,1778528848173,1779437330998,1778528858020,1778528850301.124,2173,0,908482825,9847,2128.124,12020,9847,4301.124,2128.124
CSCO,1778528849000,1778528851317,1778528851318,1779437330998,1778528858020,1778528851502.158,2317,1,908479680,6702,184.158,9020,6703,2502.158,185.158
CSCO,1778528851000,1778528852293,1778528852293,1779437330998,1778528858020,1778528852403.828,1293,0,908478705,5727,110.828,7020,5727,1403.828,110.828
CSCO,1778528852000,1778528853415,1778528853415,1779437330998,1778528858020,1778528854405.545,1415,0,908477583,4605,990.545,6020,4605,2405.545,990.545
CSCO,1778528854000,1778528855203,1778528855203,1779437330998,1778528858020,1778528856408.614,1203,0,908475795,2817,1205.614,4020,2817,2408.614,1205.614
CSCO,1778528855000,1778528857230,1778528857230,1779437330998,1778528858020,1778528857308.827,2230,0,908473768,790,78.827,3020,790,2308.827,78.827
CSCO,1778528857000,1778528858205,1778528858205,1779437330998,1778528868534,1778528858309.942,1205,0,908472793,10329,104.942,11534,10329,1309.942,104.942
CSCO,1778528858000,1778528859364,1778528859364,1779437330999,1778528868534,1778528859510.095,1364,0,908471635,9170,146.095,10534,9170,1510.095,146.095
CSCO,1778528859000,1778528860195,1778528860195,1779437330999,1778528868534,1778528861513.095,1195,0,908470804,8339,1318.095,9534,8339,2513.095,1318.095
CSCO,1778528861000,1778528862225,1778528862225,1779437330999,1778528868534,1778528862313.525,1225,0,908468774,6309,88.525,7534,6309,1313.525,88.525
CSCO,1778528862000,1778528863414,1778528863414,1779437330999,1778528868534,1778528863514.2,1414,0,908467585,5120,100.2,6534,5120,1514.2,100.2
CSCO,1778528863000,1778528864344,1778528864345,1779437330999,1778528868534,1778528865417.496,1344,1,908466654,4189,1072.496,5534,4190,2417.496,1073.496
CSCO,1778528865000,1778528866299,1778528866299,1779437330999,1778528868534,1778528866563.32,1299,0,908464700,2235,264.32,3534,2235,1563.32,264.32
CSCO,1778528867000,1778528869230,1778528869230,1779437330999,1778528880445,1778528869316.659,2230,0,908461769,11215,86.659,13445,11215,2316.659,86.659
CSCO,1778528870000,1778528871221,1778528871221,1779437330999,1778528880445,1778528872414.567,1221,0,908459778,9224,1193.567,10445,9224,2414.567,1193.567
CSCO,1778528871000,1778528873227,1778528873227,1779437330999,1778528880445,1778528873293.451,2227,0,908457772,7218,66.451,9445,7218,2293.451,66.451
CSCO,1778528872000,1778528874293,1778528874293,1779437330999,1778528880443,1778528874426.545,2293,0,908456706,6150,133.545,8443,6150,2426.545,133.545
CSCO,1778528874000,1778528875198,1778528875198,1779437331000,1778528880445,1778528875326.725,1198,0,908455802,5247,128.725,6445,5247,1326.725,128.725
CSCO,1778528875000,1778528876514,1778528876515,1779437331000,1778528880443,1778528876728.106,1514,1,908454485,3928,213.106,5443,3929,1728.106,214.106
CSCO,1778528876000,1778528877197,1778528877197,1779437331000,1778528880445,1778528877316.562,1197,0,908453803,3248,119.562,4445,3248,1316.562,119.562
CSCO,1778528877000,1778528878338,1778528878338,1779437331000,1778528880445,1778528879530.875,1338,0,908452662,2107,1192.875,3445,2107,2530.875,1192.875
CSCO,1778528879000,1778528880302,1778528880302,1779437331000,1778528891359,1778528880431.833,1302,0,908450698,11057,129.833,12359,11057,1431.833,129.833
CSCO,1778528880000,1778528881299,1778528881299,1779437331000,1778528891359,1778528884636.27,1299,0,908449701,10060,3337.27,11359,10060,4636.27,3337.27
CSCO,1778528883000,1778528885236,1778528885236,1779437331000,1778528891359,1778528886338.38,2236,0,908445764,6123,1102.38,8359,6123,3338.38,1102.38
CSCO,1778528886000,1778528887256,1778528887256,1779437331000,1778528891359,1778528887340.179,1256,0,908443744,4103,84.179,5359,4103,1340.179,84.179
CSCO,1778528887000,1778528888241,1778528888242,1779437331000,1778528891359,1778528888339.982,1241,1,908442758,3117,97.982,4359,3118,1339.982,98.982
CSCO,1778528888000,1778528889314,1778528889314,1779437331000,1778528891359,1778528889442.315,1314,0,908441686,2045,128.315,3359,2045,1442.315,128.315
CSCO,1778528889000,1778528890324,1778528890324,1779437331001,1778528891359,1778528890512.688,1324,0,908440677,1035,188.688,2359,1035,1512.688,188.688
CSCO,1778528890000,1778528891293,1778528891293,1779437331001,1778528902373,1778528894847.248,1293,0,908439708,11080,3554.248,12373,11080,4847.248,3554.248
CSCO,1778528894000,1778528895278,1778528895279,1779437331001,1778528902373,1778528897350.081,1278,1,908435722,7094,2071.081,8373,7095,3350.081,2072.081
CSCO,1778528897000,1778528898299,1778528898299,1779437331001,1778528902373,1778528898550.415,1299,0,908432702,4074,251.415,5373,4074,1550.415,251.415
CSCO,1778528898000,1778528899448,1778528899448,1779437331001,1778528902373,1778528899551.714,1448,0,908431553,2925,103.714,4373,2925,1551.714,103.714
CSCO,1778528899000,1778528900300,1778528900300,1779437331001,1778528902373,1778528901554.108,1300,0,908430701,2073,1254.108,3373,2073,2554.108,1254.108
CSCO,1778528901000,1778528902302,1778528902302,1779437331001,1778528914077,1778528907561.386,1302,0,908428699,11775,5259.386,13077,11775,6561.386,5259.386
CSCO,1778528907000,1778528908235,1778528908235,1779437331002,1778528914077,1778528910365.161,1235,0,908422767,5842,2130.161,7077,5842,3365.161,2130.161
CSCO,1778528910000,1778528911417,1778528911417,1779437331002,1778528925393,1778528915569.325,1417,0,908419585,13976,4152.325,15393,13976,5569.325,4152.325
CSCO,1778528915000,1778528916220,1778528916220,1779437331002,1778528925393,1778528918471.808,1220,0,908414782,9173,2251.808,10393,9173,3471.808,2251.808
CSCO,1778528917000,1778528919335,1778528919335,1779437331003,1778528925393,1778528920473.28,2335,0,908411668,6058,1138.28,8393,6058,3473.28,1138.28
CSCO,1778528920000,1778528921413,1778528921413,1779437331003,1778528925393,1778528924577.481,1413,0,908409590,3980,3164.481,5393,3980,4577.481,3164.481
CSCO,1778528924000,1778528925301,1778528925301,1779437331003,1778528937102,1778528926580.137,1301,0,908405702,11801,1279.137,13102,11801,2580.137,1279.137
CSCO,1778528925000,1778528926461,1778528926461,1779437331003,1778528937102,1778528930484.231,1461,0,908404542,10641,4023.231,12102,10641,5484.231,4023.231
CSCO,1778528930000,1778528931492,1778528931492,1779437331003,1778528937102,1778528931585.031,1492,0,908399511,5610,93.031,7102,5610,1585.031,93.031
CSCO,1778528931000,1778528932305,1778528932305,1779437331004,1778528937102,1778528935371.464,1305,0,908398699,4797,3066.464,6102,4797,4371.464,3066.464
CSCO,1778528935000,1778528936386,1778528936386,1779437331004,1778528947409,1778528938408.951,1386,0,908394618,11023,2022.951,12409,11023,3408.951,2022.951
CSCO,1778528939000,1778528940284,1778528940284,1779437331004,1778528947409,1778528940552.682,1284,0,908390720,7125,268.682,8409,7125,1552.682,268.682
CSCO,1778528940000,1778528941448,1778528941448,1779437331004,1778528947409,1778528941694.679,1448,0,908389556,5961,246.679,7409,5961,1694.679,246.679
CSCO,1778528941000,1778528942449,1778528942449,1779437331004,1778528947409,1778528942596.296,1449,0,908388555,4960,147.296,6409,4960,1596.296,147.296
CSCO,1778528942000,1778528943437,1778528943437,1779437331004,1778528947409,1778528944598.224,1437,0,908387567,3972,1161.224,5409,3972,2598.224,1161.224
CSCO,1778528943000,1778528945258,1778528945258,1779437331004,1778528947409,1778528945399.139,2258,0,908385746,2151,141.139,4409,2151,2399.139,141.139
CSCO,1778528945000,1778528946416,1778528946416,1779437331005,1778528947409,1778528946599.948,1416,0,908384589,993,183.948,2409,993,1599.948,183.948
CSCO,1778528946000,1778528947372,1778528947372,1779437331005,1778528958530,1778528947501.401,1372,0,908383633,11158,129.401,12530,11158,1501.401,129.401
CSCO,1778528947000,1778528948333,1778528948333,1779437331005,1778528958528,1778528948402.653,1333,0,908382672,10195,69.653,11528,10195,1402.653,69.653
CSCO,1778528948000,1778528949279,1778528949279,1779437331005,1778528958530,1778528949377.098,1279,0,908381726,9251,98.098,10530,9251,1377.098,98.098
CSCO,1778528949000,1778528950313,1778528950313,1779437331005,1778528958530,1778528952505.945,1313,0,908380692,8217,2192.945,9530,8217,3505.945,2192.945
CSCO,1778528952000,1778528953360,1778528953360,1779437331005,1778528958530,1778528954609.858,1360,0,908377645,5170,1249.858,6530,5170,2609.858,1249.858
CSCO,1778528953000,1778528955457,1778528955457,1779437331005,1778528958528,1778528955610.308,2457,0,908375548,3071,153.308,5528,3071,2610.308,153.308
CSCO,1778528955000,1778528956342,1778528956343,1779437331005,1778528958528,1778528956411.379,1342,1,908374662,2185,68.379,3528,2186,1411.379,69.379
CSCO,1778528956000,1778528957312,1778528957312,1779437331005,1778528958530,1778528957412.825,1312,0,908373693,1218,100.825,2530,1218,1412.825,100.825
CSCO,1778528957000,1778528958309,1778528958309,1779437331005,1778528958528,1778528958413.821,1309,0,908372696,219,104.821,1528,219,1413.821,104.821
CSCO,1778528958000,1778528959362,1778528959362,1779437331005,1778528970039,1778528961616.5,1362,0,908371643,10677,2254.5,12039,10677,3616.5,2254.5
CSCO,1778528961000,1778528962289,1778528962289,1779437331006,1778528970039,1778528962417.716,1289,0,908368717,7750,128.716,9039,7750,1417.716,128.716
CSCO,1778528963000,1778528964303,1778528964303,1779437331006,1778528970039,1778528965420.904,1303,0,908366703,5736,1117.904,7039,5736,2420.904,1117.904
CSCO,1778528965000,1778528966474,1778528966474,1779437331006,1778528981047,1778528972347.208,1474,0,908364532,14573,5873.208,16047,14573,7347.208,5873.208
CSCO,1778528972000,1778528973363,1778528973363,1779437331006,1778528981047,1778528977433.977,1363,0,908357643,7684,4070.977,9047,7684,5433.977,4070.977
CSCO,1778528976000,1778528978270,1778528978270,1779437331007,1778528981047,1778528980409.951,2270,0,908352737,2777,2139.951,5047,2777,4409.951,2139.951
CSCO,1778528980000,1778528981248,1778528981248,1779437331007,1778528992056,1778528981336.328,1248,0,908349759,10808,88.328,12056,10808,1336.328,88.328
CSCO,1778528981000,1778528982391,1778528982391,1779437331007,1778528992056,1778528983638.763,1391,0,908348616,9665,1247.763,11056,9665,2638.763,1247.763
CSCO,1778528983000,1778528984353,1778528984353,1779437331007,1778528992056,1778528984439.777,1353,0,908346654,7703,86.777,9056,7703,1439.777,86.777
CSCO,1778528984000,1778528985265,1778528985266,1779437331007,1778528992056,1778528985340.899,1265,1,908345741,6790,74.899,8056,6791,1340.899,75.899
CSCO,1778528985000,1778528986389,1778528986390,1779437331007,1778528992056,1778528989445.856,1389,1,908344617,5666,3055.856,7056,5667,4445.856,3056.856
CSCO,1778528989000,1778528990394,1778528990394,1779437331007,1778528992056,1778528991347.129,1394,0,908340613,1662,953.129,3056,1662,2347.129,953.129
CSCO,1778528991000,1778528992284,1778528992284,1779437331008,1778529002467,1778528994429.791,1284,0,908338724,10183,2145.791,11467,10183,3429.791,2145.791
CSCO,1778528994000,1778528995271,1778528995271,1779437331008,1778529002467,1778528997352.92,1271,0,908335737,7196,2081.92,8467,7196,3352.92,2081.92
CSCO,1778528997000,1778528998259,1778528998259,1779437331008,1778529002467,1778529000556.46,1259,0,908332749,4208,2297.46,5467,4208,3556.46,2297.46
CSCO,1778529000000,1778529001540,1778529001540,1779437331008,1778529008573,1778529004560.246,1540,0,908329468,7033,3020.246,8573,7033,4560.246,3020.246
CSCO,1778529001000,1778529004517,1778529004517,1779437331009,1778529008573,1778529004961.161,3517,0,908326492,4056,444.161,7573,4056,3961.161,444.161
CSCO,1778529002000,1778529005317,1778529005317,1779437331009,1778529008573,1778529005461.786,3317,0,908325692,3256,144.786,6573,3256,3461.786,144.786
CSCO,1778529003000,1778529005532,1778529005532,1779437331009,1778529008573,1778529005762.062,2532,0,908325477,3041,230.062,5573,3041,2762.062,230.062
CSCO,1778529004000,1778529006445,1778529006445,1779437331009,1778529008573,1778529006563.75,2445,0,908324564,2128,118.75,4573,2128,2563.75,118.75
CSCO,1778529005000,1778529006462,1778529006462,1779437331009,1778529008573,1778529006576.065,1462,0,908324547,2111,114.065,3573,2111,1576.065,114.065
CSCO,1778529006000,1778529007520,1778529007521,1779437331009,1778529018064,1778529009455.789,1520,1,908323488,10543,1934.789,12064,10544,3455.789,1935.789
CSCO,1778529009000,1778529010556,1778529010556,1779437331009,1778529018064,1778529010767.392,1556,0,908320453,7508,211.392,9064,7508,1767.392,211.392
UBER,1778529273000,1778529274672,1778529274672,1779437331009,1778529281770,1778529274749.984,1672,0,908056337,7098,77.984,8770,7098,1749.984,77.984
UBER,1778529274000,1778529275554,1778529275554,1779437331010,1778529281770,1778529275650.895,1554,0,908055456,6216,96.895,7770,6216,1650.895,96.895
UBER,1778529275000,1778529276504,1778529276504,1779437331010,1778529281770,1778529277654.111,1504,0,908054506,5266,1150.111,6770,5266,2654.111,1150.111
UBER,1778529277000,1778529278903,1778529278903,1779437331010,1778529281770,1778529279855.913,1903,0,908052107,2867,952.913,4770,2867,2855.913,952.913
UBER,1778529279000,1778529280531,1778529280531,1779437331010,1778529290377,1778529281957.138,1531,0,908050479,9846,1426.138,11377,9846,2957.138,1426.138
UBER,1778529280000,1778529281947,1778529281947,1779437331010,1778529290377,1778529282057.258,1947,0,908049063,8430,110.258,10377,8430,2057.258,110.258
UBER,1778529281000,1778529282697,1778529282697,1779437331010,1778529290377,1778529283659.542,1697,0,908048313,7680,962.542,9377,7680,2659.542,962.542
UBER,1778529284000,1778529285806,1778529285807,1779437331010,1778529290377,1778529285962.385,1806,1,908045203,4570,155.385,6377,4571,1962.385,156.385
UBER,1778529285000,1778529286631,1778529286631,1779437331010,1778529290377,1778529286901.212,1631,0,908044379,3746,270.212,5377,3746,1901.212,270.212
UBER,1778529286000,1778529287575,1778529287575,1779437331010,1778529290377,1778529287863.182,1575,0,908043435,2802,288.182,4377,2802,1863.182,288.182
UBER,1778529287000,1778529288634,1778529288635,1779437331010,1778529290377,1778529288864.314,1634,1,908042375,1742,229.314,3377,1743,1864.314,230.314
UBER,1778529288000,1778529289598,1778529289598,1779437331011,1778529298391,1778529290967.137,1598,0,908041413,8793,1369.137,10391,8793,2967.137,1369.137
UBER,1778529290000,1778529291750,1778529291750,1779437331011,1778529298391,1778529291869.083,1750,0,908039261,6641,119.083,8391,6641,1869.083,119.083
UBER,1778529291000,1778529292574,1778529292574,1779437331011,1778529298391,1778529293760.334,1574,0,908038437,5817,1186.334,7391,5817,2760.334,1186.334
UBER,1778529292000,1778529294536,1778529294536,1779437331011,1778529298391,1778529294670.386,2536,0,908036475,3855,134.386,6391,3855,2670.386,134.386
UBER,1778529294000,1778529295575,1778529295575,1779437331011,1778529298391,1778529295771.55,1575,0,908035436,2816,196.55,4391,2816,1771.55,196.55
UBER,1778529295000,1778529296557,1778529296557,1779437331011,1778529298391,1778529296739.578,1557,0,908034454,1834,182.578,3391,1834,1739.578,182.578
UBER,1778529296000,1778529297533,1778529297533,1779437331011,1778529298388,1778529297674.788,1533,0,908033478,855,141.788,2388,855,1674.788,141.788
UBER,1778529297000,1778529298715,1778529298715,1779437331011,1778529305693,1778529299576.214,1715,0,908032296,6978,861.214,8693,6978,2576.214,861.214
UBER,1778529299000,1778529300589,1778529300589,1779437331011,1778529305693,1778529301777.676,1589,0,908030422,5104,1188.676,6693,5104,2777.676,1188.676
UBER,1778529300000,1778529301802,1778529301802,1779437331012,1778529305693,1778529304982.3,1802,0,908029210,3891,3180.3,5693,3891,4982.3,3180.3
UBER,1778529301000,1778529304833,1778529304833,1779437331012,1778529305693,1778529304982.224,3833,0,908026179,860,149.224,4693,860,3982.224,149.224
UBER,1778529302000,1778529305779,1778529305779,1779437331012,1778529312374,1778529306873.183,3779,0,908025233,6595,1094.183,10374,6595,4873.183,1094.183
UBER,1778529303000,1778529306738,1778529306738,1779437331012,1778529312374,1778529306870.451,3738,0,908024274,5636,132.451,9374,5636,3870.451,132.451
UBER,1778529305000,1778529307591,1778529307592,1779437331012,1778529312374,1778529307784.502,2591,1,908023420,4782,192.502,7374,4783,2784.502,193.502
UBER,1778529306000,1778529308657,1778529308657,1779437331013,1778529312374,1778529309086.666,2657,0,908022356,3717,429.666,6374,3717,3086.666,429.666
UBER,1778529307000,1778529309588,1778529309588,1779437331013,1778529312374,1778529309756.916,2588,0,908021425,2786,168.916,5374,2786,2756.916,168.916
UBER,1778529308000,1778529310578,1778529310578,1779437331013,1778529312374,1778529310690.419,2578,0,908020435,1796,112.419,4374,1796,2690.419,112.419
UBER,1778529310000,1778529311690,1778529311691,1779437331013,1778529312374,1778529311892.121,1690,1,908019322,683,201.121,2374,684,1892.121,202.121
UBER,1778529311000,1778529312545,1778529312545,1779437331013,1778529320613,1778529312692.744,1545,0,908018468,8068,147.744,9613,8068,1692.744,147.744
UBER,1778529312000,1778529313511,1778529313512,1779437331013,1778529320612,1778529313693.996,1511,1,908017501,7100,181.996,8612,7101,1693.996,182.996
UBER,1778529313000,1778529314722,1778529314723,1779437331013,1778529320613,1778529314795.626,1722,1,908016290,5890,72.626,7613,5891,1795.626,73.626
UBER,1778529314000,1778529315738,1778529315739,1779437331013,1778529320613,1778529315895.717,1738,1,908015274,4874,156.717,6613,4875,1895.717,157.717
UBER,1778529315000,1778529316549,1778529316549,1779437331013,1778529320613,1778529316996.872,1549,0,908014464,4064,447.872,5613,4064,1996.872,447.872
UBER,1778529316000,1778529316884,1778529316884,1779437331013,1778529320613,1778529318877.982,884,0,908014129,3729,1993.982,4613,3729,2877.982,1993.982
UBER,1778529317000,1778529318744,1778529318744,1779437331014,1778529320612,1778529318878.401,1744,0,908012270,1868,134.401,3612,1868,1878.401,134.401
UBER,1778529318000,1778529319678,1778529319678,1779437331014,1778529320613,1778529319800.325,1678,0,908011336,935,122.325,2613,935,1800.325,122.325
UBER,1778529319000,1778529320615,1778529320615,1779437331014,1778529329723,1778529320789.224,1615,0,908010399,9108,174.224,10723,9108,1789.224,174.224
UBER,1778529320000,1778529321606,1778529321606,1779437331014,1778529329722,1778529321702.823,1606,0,908009408,8116,96.823,9722,8116,1702.823,96.823
UBER,1778529321000,1778529322584,1778529322584,1779437331014,1778529329722,1778529322703.114,1584,0,908008430,7138,119.114,8722,7138,1703.114,119.114
UBER,1778529322000,1778529323703,1778529323703,1779437331014,1778529329723,1778529323850.884,1703,0,908007311,6020,147.884,7723,6020,1850.884,147.884
UBER,1778529323000,1778529324552,1778529324553,1779437331014,1778529329723,1778529325906.171,1552,1,908006461,5170,1353.171,6723,5171,2906.171,1354.171
UBER,1778529325000,1778529326692,1778529326692,1779437331014,1778529329723,1778529326907.329,1692,0,908004322,3031,215.329,4723,3031,1907.329,215.329
UBER,1778529327000,1778529327538,1778529327538,1779437331014,1778529329723,1778529328709.708,538,0,908003476,2185,1171.708,2723,2185,1709.708,1171.708
UBER,1778529328000,1778529329605,1778529329605,1779437331014,1778529338372,1778529329810.442,1605,0,908001409,8767,205.442,10372,8767,1810.442,205.442
UBER,1778529329000,1778529330605,1778529330605,1779437331014,1778529338372,1778529330711.465,1605,0,908000409,7767,106.465,9372,7767,1711.465,106.465
UBER,1778529330000,1778529331758,1778529331758,1779437331015,1778529338372,1778529331914.059,1758,0,907999257,6614,156.059,8372,6614,1914.059,156.059
UBER,1778529331000,1778529332582,1778529332582,1779437331015,1778529338371,1778529333814.551,1582,0,907998433,5789,1232.551,7371,5789,2814.551,1232.551
UBER,1778529333000,1778529334581,1778529334581,1779437331015,1778529338372,1778529334715.41,1581,0,907996434,3791,134.41,5372,3791,1715.41,134.41
UBER,1778529335000,1778529335806,1778529335806,1779437331015,1778529338372,1778529336618.378,806,0,907995209,2566,812.378,3372,2566,1618.378,812.378
UBER,1778529336000,1778529337711,1778529337711,1779437331015,1778529338372,1778529337819.948,1711,0,907993304,661,108.948,2372,661,1819.948,108.948
UBER,1778529338000,1778529338741,1778529338741,1779437331015,1778529347741,1778529339822.395,741,0,907992274,9000,1081.395,9741,9000,1822.395,1081.395
UBER,1778529339000,1778529340686,1778529340686,1779437331015,1778529347723,1778529340823.129,1686,0,907990329,7037,137.129,8723,7037,1823.129,137.129
UBER,1778529340000,1778529341669,1778529341669,1779437331015,1778529347741,1778529341924.326,1669,0,907989346,6072,255.326,7741,6072,1924.326,255.326
UBER,1778529341000,1778529342682,1778529342682,1779437331016,1778529347741,1778529342771.284,1682,0,907988334,5059,89.284,6741,5059,1771.284,89.284
UBER,1778529342000,1778529343629,1778529343629,1779437331016,1778529347741,1778529343726.917,1629,0,907987387,4112,97.917,5741,4112,1726.917,97.917
UBER,1778529343000,1778529344612,1778529344612,1779437331016,1778529347741,1778529344727.54,1612,0,907986404,3129,115.54,4741,3129,1727.54,115.54
UBER,1778529344000,1778529345596,1778529345596,1779437331016,1778529347741,1778529345729.047,1596,0,907985420,2145,133.047,3741,2145,1729.047,133.047
UBER,1778529345000,1778529346695,1778529346695,1779437331016,1778529347723,1778529346971.902,1695,0,907984321,1028,276.902,2723,1028,1971.902,276.902
UBER,1778529346000,1778529347644,1778529347644,1779437331016,1778529356951,1778529347830.841,1644,0,907983372,9307,186.841,10951,9307,1830.841,186.841
UBER,1778529347000,1778529348793,1778529348793,1779437331016,1778529356951,1778529348918.868,1793,0,907982223,8158,125.868,9951,8158,1918.868,125.868
UBER,1778529349000,1778529349692,1778529349693,1779437331016,1778529356951,1778529349933.092,692,1,907981323,7258,240.092,7951,7259,933.092,241.092
UBER,1778529350000,1778529350786,1778529350786,1779437331016,1778529356951,1778529352889.388,786,0,907980230,6165,2103.388,6951,6165,2889.388,2103.388
UBER,1778529352000,1778529353677,1778529353678,1779437331016,1778529356951,1778529353738.036,1677,1,907977338,3273,60.036,4951,3274,1738.036,61.036
UBER,1778529353000,1778529354703,1778529354703,1779437331016,1778529356951,1778529354938.284,1703,0,907976313,2248,235.284,3951,2248,1938.284,235.284
UBER,1778529354000,1778529355689,1778529355689,1779437331017,1778529356951,1778529355880.199,1689,0,907975328,1262,191.199,2951,1262,1880.199,191.199
UBER,1778529355000,1778529356724,1778529356725,1779437331017,1778529364962,1778529357940.899,1724,1,907974292,8237,1215.899,9962,8238,2940.899,1216.899
UBER,1778529357000,1778529358639,1778529358639,1779437331017,1778529364962,1778529359843.606,1639,0,907972378,6323,1204.606,7962,6323,2843.606,1204.606
UBER,1778529359000,1778529359741,1778529359741,1779437331017,1778529364962,1778529359943.165,741,0,907971276,5221,202.165,5962,5221,943.165,202.165
UBER,1778529360000,1778529360717,1778529360717,1779437331017,1778529364962,1778529362445.865,717,0,907970300,4245,1728.865,4962,4245,2445.865,1728.865
UBER,1778529361000,1778529362960,1778529362961,1779437331017,1778529364962,1778529364719.295,1960,1,907968056,2001,1758.295,3962,2002,3719.295,1759.295
UBER,1778529364000,1778529365595,1778529365595,1779437331017,1778529373469,1778529366850.503,1595,0,907965422,7874,1255.503,9469,7874,2850.503,1255.503
UBER,1778529366000,1778529367901,1778529367901,1779437331018,1778529373469,1778529368052.675,1901,0,907963117,5568,151.675,7469,5568,2052.675,151.675
UBER,1778529367000,1778529368654,1778529368654,1779437331018,1778529373469,1778529369777.906,1654,0,907962364,4815,1123.906,6469,4815,2777.906,1123.906
UBER,1778529368000,1778529370651,1778529370652,1779437331018,1778529373469,1778529370754.315,2651,1,907960366,2817,102.315,5469,2818,2754.315,103.315
UBER,1778529370000,1778529370732,1778529370732,1779437331018,1778529373469,1778529371755.546,732,0,907960286,2737,1023.546,3469,2737,1755.546,1023.546
UBER,1778529372000,1778529372660,1778529372660,1779437331018,1778529381951,1778529373759.225,660,0,907958358,9291,1099.225,9951,9291,1759.225,1099.225
UBER,1778529373000,1778529374848,1778529374848,1779437331018,1778529381951,1778529374954.028,1848,0,907956170,7103,106.028,8951,7103,1954.028,106.028
UBER,1778529374000,1778529375717,1778529375718,1779437331018,1778529381951,1778529375861.691,1717,1,907955300,6233,143.691,7951,6234,1861.691,144.691
UBER,1778529375000,1778529376800,1778529376800,1779437331018,1778529381951,1778529376961.607,1800,0,907954218,5151,161.607,6951,5151,1961.607,161.607
UBER,1778529376000,1778529377808,1778529377808,1779437331019,1778529381951,1778529377962.886,1808,0,907953211,4143,154.886,5951,4143,1962.886,154.886
UBER,1778529377000,1778529378683,1778529378683,1779437331019,1778529381951,1778529378936.225,1683,0,907952336,3268,253.225,4951,3268,1936.225,253.225
UBER,1778529378000,1778529379664,1778529379664,1779437331019,1778529381951,1778529379765.15,1664,0,907951355,2287,101.15,3951,2287,1765.15,101.15
UBER,1778529379000,1778529380836,1778529380836,1779437331019,1778529381951,1778529380965.773,1836,0,907950183,1115,129.773,2951,1115,1965.773,129.773
UBER,1778529381000,1778529381674,1778529381674,1779437331019,1778529390487,1778529381939.662,674,0,907949345,8813,265.662,9487,8813,939.662,265.662
UBER,1778529382000,1778529382823,1778529382823,1779437331019,1778529390489,1778529383870.299,823,0,907948196,7666,1047.299,8489,7666,1870.299,1047.299
UBER,1778529384000,1778529384618,1778529384618,1779437331019,1778529390487,1778529386972.972,618,0,907946401,5869,2354.972,6487,5869,2972.972,2354.972
UBER,1778529386000,1778529387949,1778529387949,1779437331019,1778529390489,1778529388869.462,1949,0,907943070,2540,920.462,4489,2540,2869.462,920.462
UBER,1778529388000,1778529389655,1778529389655,1779437331019,1778529398798,1778529390976.949,1655,0,907941364,9143,1321.949,10798,9143,2976.949,1321.949
UBER,1778529390000,1778529391721,1778529391721,1779437331020,1778529398798,1778529391877.627,1721,0,907939299,7077,156.627,8798,7077,1877.627,156.627
UBER,1778529391000,1778529391866,1778529391866,1779437331020,1778529398798,1778529391978.664,866,0,907939154,6932,112.664,7798,6932,978.664,112.664
UBER,1778529392000,1778529392634,1778529392634,1779437331020,1778529398798,1778529394782.987,634,0,907938386,6164,2148.987,6798,6164,2782.987,2148.987
UBER,1778529394000,1778529395766,1778529395766,1779437331020,1778529398798,1778529396081.945,1766,0,907935254,3032,315.945,4798,3032,2081.945,315.945
UBER,1778529396000,1778529396698,1778529396698,1779437331020,1778529407211,1778529398790.606,698,0,907934322,10513,2092.606,11211,10513,2790.606,2092.606
UBER,1778529399000,1778529399710,1778529399710,1779437331020,1778529407309,1778529400787.428,710,0,907931310,7599,1077.428,8309,7599,1787.428,1077.428
UBER,1778529400000,1778529401699,1778529401700,1779437331020,1778529407309,1778529402921.019,1699,1,907929320,5609,1221.019,7309,5610,2921.019,1222.019
UBER,1778529402000,1778529403671,1778529403671,1779437331020,1778529407309,1778529404791.624,1671,0,907927349,3638,1120.624,5309,3638,2791.624,1120.624
UBER,1778529404000,1778529404719,1778529404719,1779437331021,1778529407309,1778529405929.737,719,0,907926302,2590,1210.737,3309,2590,1929.737,1210.737
UBER,1778529405000,1778529405794,1778529405794,1779437331021,1778529407309,1778529407097.737,794,0,907925227,1515,1303.737,2309,1515,2097.737,1303.737
UBER,1778529406000,1778529407024,1778529407025,1779437331021,1778529416119,1778529407937.175,1024,1,907923996,9094,912.175,10119,9095,1937.175,913.175
UBER,1778529408000,1778529408741,1778529408741,1779437331021,1778529416119,1778529409001.972,741,0,907922280,7378,260.972,8119,7378,1001.972,260.972
UBER,1778529409000,1778529409847,1778529409847,1779437331021,1778529416119,1778529411105.076,847,0,907921174,6272,1258.076,7119,6272,2105.076,1258.076
UBER,1778529410000,1778529411851,1778529411851,1779437331021,1778529416119,1778529412005.144,1851,0,907919170,4268,154.144,6119,4268,2005.144,154.144
UBER,1778529412000,1778529412816,1778529412816,1779437331021,1778529416119,1778529413006.609,816,0,907918205,3303,190.609,4119,3303,1006.609,190.609
UBER,1778529413000,1778529413667,1778529413667,1779437331021,1778529416119,1778529415008.501,667,0,907917354,2452,1341.501,3119,2452,2008.501,1341.501
UBER,1778529414000,1778529414823,1778529414823,1779437331021,1778529416119,1778529415815.987,823,0,907916198,1296,992.987,2119,1296,1815.987,992.987
UBER,1778529415000,1778529416769,1778529416769,1779437331022,1778529422934,1778529416910.229,1769,0,907914253,6165,141.229,7934,6165,1910.229,141.229
UBER,1778529416000,1778529416939,1778529416940,1779437331022,1778529422934,1778529417110.391,939,1,907914082,5994,170.391,6934,5995,1110.391,171.391
UBER,1778529417000,1778529417716,1778529417717,1779437331022,1778529422934,1778529419914.866,716,1,907913305,5217,2197.866,5934,5218,2914.866,2198.866
UBER,1778529418000,1778529420758,1778529420758,1779437331022,1778529422924,1778529420880.981,2758,0,907910264,2166,122.981,4924,2166,2880.981,122.981
UBER,1778529419000,1778529420866,1778529420866,1779437331022,1778529422934,1778529422208.063,1866,0,907910156,2068,1342.063,3934,2068,3208.063,1342.063
UBER,1778529420000,1778529422179,1778529422179,1779437331022,1778529422924,1778529422416.417,2179,0,907908843,745,237.417,2924,745,2416.417,237.417
UBER,1778529421000,1778529422774,1778529422774,1779437331022,1778529429127,1778529423316.766,1774,0,907908248,6353,542.766,8127,6353,2316.766,542.766
UBER,1778529422000,1778529423654,1778529423654,1779437331022,1778529429127,1778529423817.908,1654,0,907907368,5473,163.908,7127,5473,1817.908,163.908
UBER,1778529423000,1778529424766,1778529424766,1779437331023,1778529429127,1778529426019.734,1766,0,907906257,4361,1253.734,6127,4361,3019.734,1253.734
UBER,1778529425000,1778529425813,1778529425814,1779437331023,1778529429127,1778529426864.762,813,1,907905209,3313,1050.762,4127,3314,1864.762,1051.762
UBER,1778529426000,1778529426811,1778529426811,1779437331023,1778529429127,1778529427721.477,811,0,907904212,2316,910.477,3127,2316,1721.477,910.477
UBER,1778529427000,1778529428768,1778529428768,1779437331023,1778529429127,1778529429115.777,1768,0,907902255,359,347.777,2127,359,2115.777,347.777
UBER,1778529428000,1778529429927,1778529429927,1779437331023,1778529436441,1778529430024.816,1927,0,907901096,6514,97.816,8441,6514,2024.816,97.816
UBER,1778529429000,1778529430796,1778529430796,1779437331023,1778529436441,1778529430925.313,1796,0,907900227,5645,129.313,7441,5645,1925.313,129.313
UBER,1778529430000,1778529431750,1778529431750,1779437331023,1778529436441,1778529432026.573,1750,0,907899273,4691,276.573,6441,4691,2026.573,276.573
UBER,1778529431000,1778529432753,1778529432754,1779437331023,1778529436441,1778529432909.311,1753,1,907898269,3687,155.311,5441,3688,1909.311,156.311
UBER,1778529433000,1778529433746,1778529433747,1779437331023,1778529436441,1778529434928.935,746,1,907897276,2694,1181.935,3441,2695,1928.935,1182.935
UBER,1778529434000,1778529434934,1778529434934,1779437331024,1778529436441,1778529436130.386,934,0,907896090,1507,1196.386,2441,1507,2130.386,1196.386
UBER,1778529435000,1778529436917,1778529436917,1779437331024,1778529443850,1778529437030.715,1917,0,907894107,6933,113.715,8850,6933,2030.715,113.715
UBER,1778529436000,1778529436985,1778529436985,1779437331024,1778529443850,1778529438532.515,985,0,907894039,6865,1547.515,7850,6865,2532.515,1547.515
UBER,1778529438000,1778529438760,1778529438761,1779437331024,1778529443850,1778529441035.783,760,1,907892263,5089,2274.783,5850,5090,3035.783,2275.783
UBER,1778529440000,1778529440918,1778529440918,1779437331024,1778529443850,1778529442036.267,918,0,907890106,2932,1118.267,3850,2932,2036.267,1118.267
UBER,1778529441000,1778529442974,1778529442974,1779437331024,1778529443850,1778529443037.156,1974,0,907888050,876,63.156,2850,876,2037.156,63.156
UBER,1778529442000,1778529443777,1778529443777,1779437331024,1778529451857,1778529444038.11,1777,0,907887247,8080,261.11,9857,8080,2038.11,261.11
UBER,1778529443000,1778529444724,1778529444724,1779437331025,1778529451857,1778529445835.818,1724,0,907886301,7133,1111.818,8857,7133,2835.818,1111.818
UBER,1778529446000,1778529446727,1778529446727,1779437331025,1778529451857,1778529448042.262,727,0,907884298,5130,1315.262,5857,5130,2042.262,1315.262
UBER,1778529447000,1778529448878,1778529448878,1779437331025,1778529451857,1778529449043.569,1878,0,907882147,2979,165.569,4857,2979,2043.569,165.569
UBER,1778529448000,1778529449921,1778529449921,1779437331025,1778529451857,1778529450045.083,1921,0,907881104,1936,124.083,3857,1936,2045.083,124.083
UBER,1778529449000,1778529450720,1778529450720,1779437331025,1778529460667,1778529451845.763,1720,0,907880305,9947,1125.763,11667,9947,2845.763,1125.763
UBER,1778529450000,1778529451968,1778529451969,1779437331025,1778529460667,1778529452246.162,1968,1,907879056,8698,277.162,10667,8699,2246.162,278.162
UBER,1778529452000,1778529452746,1778529452746,1779437331025,1778529460667,1778529453848.412,746,0,907878279,7921,1102.412,8667,7921,1848.412,1102.412
UBER,1778529453000,1778529454668,1778529454668,1779437331026,1778529460667,1778529454801.436,1668,0,907876358,5999,133.436,7667,5999,1801.436,133.436
UBER,1778529454000,1778529455913,1778529455913,1779437331026,1778529460667,1778529456050.256,1913,0,907875113,4754,137.256,6667,4754,2050.256,137.256
UBER,1778529458000,1778529459716,1778529459716,1779437331026,1778529466873,1778529460816.615,1716,0,907871310,7157,1100.615,8873,7157,2816.615,1100.615
UBER,1778529459000,1778529461779,1778529461779,1779437331026,1778529466873,1778529461957.32,2779,0,907869247,5094,178.32,7873,5094,2957.32,178.32
UBER,1778529461000,1778529462728,1778529462728,1779437331026,1778529466873,1778529462857.98,1728,0,907868298,4145,129.98,5873,4145,1857.98,129.98
UBER,1778529462000,1778529463888,1778529463889,1779437331026,1778529466873,1778529463958.868,1888,1,907867137,2984,69.868,4873,2985,1958.868,70.868
